"lsoa11cd","date","lsoa11nm","Rural Urban","Communal Establishment Type: All categories: Communal establishment management and type; measures: Value","Communal Establishment Type: Medical and care establishment: Total; measures: Value","Communal Establishment Type: Medical and care establishment: NHS: Total; measures: Value","Communal Establishment Type: Medical and care establishment: NHS: General hospital; measures: Value","Communal Establishment Type: Medical and care establishment: NHS: Mental health hospital/unit (including secure units); measures: Value","Communal Establishment Type: Medical and care establishment: NHS: Other hospital; measures: Value","Communal Establishment Type: Medical and care establishment: Local Authority: Total; measures: Value","Communal Establishment Type: Medical and care establishment: Local Authority: Children's home (including secure units); measures: Value","Communal Establishment Type: Medical and care establishment: Local Authority: Care home with nursing; measures: Value","Communal Establishment Type: Medical and care establishment: Local Authority: Care home without nursing; measures: Value","Communal Establishment Type: Medical and care establishment: Local Authority: Other home; measures: Value","Communal Establishment Type: Medical and care establishment: Registered Social Landlord/Housing Association: Total; measures: Value","Communal Establishment Type: Medical and care establishment: Registered Social Landlord/Housing Association: Home or hostel; measures: Value","Communal Establishment Type: Medical and care establishment: Registered Social Landlord/Housing Association: Sheltered housing only; measures: Value","Communal Establishment Type: Medical and care establishment: Other: Total; measures: Value","Communal Establishment Type: Medical and care establishment: Other: Care home with nursing; measures: Value","Communal Establishment Type: Medical and care establishment: Other: Care home without nursing; measures: Value","Communal Establishment Type: Medical and care establishment: Other: Children's home (including secure units); measures: Value","Communal Establishment Type: Medical and care establishment: Other: Mental health hospital/unit (including secure units); measures: Value","Communal Establishment Type: Medical and care establishment: Other: Other hospital; measures: Value","Communal Establishment Type: Medical and care establishment: Other: Other establishment; measures: Value","Communal Establishment Type: Other establishment: Total; measures: Value","Communal Establishment Type: Other establishment: Defence; measures: Value","Communal Establishment Type: Other establishment: Prison service; measures: Value","Communal Establishment Type: Other establishment: Approved premises (probation/bail hostel); measures: Value","Communal Establishment Type: Other establishment: Detention centres and other detention; measures: Value","Communal Establishment Type: Other establishment: Education; measures: Value","Communal Establishment Type: Other establishment: Hotel: guest house; B&B; youth hostel; measures: Value","Communal Establishment Type: Other establishment: Hostel or temporary shelter for the homeless; measures: Value","Communal Establishment Type: Other establishment: Holiday accommodation (for example holiday parks); measures: Value","Communal Establishment Type: Other establishment: Other travel or temporary accommodation; measures: Value","Communal Establishment Type: Other establishment: Religious; measures: Value","Communal Establishment Type: Other establishment: Staff/worker accommodation only; measures: Value","Communal Establishment Type: Other establishment: Other; measures: Value","Communal Establishment Type: Establishment not stated; measures: Value"
"E01011264",2011,"Leeds 011A","Total",3,0,0,0,0,0,0,0,0,0,0,0,0,0,0,0,0,0,0,0,0,0,0,0,0,0,0,0,0,0,0,0,0,0,3
"E01011265",2011,"Leeds 009A","Total",71,71,0,0,0,0,0,0,0,0,0,0,0,0,71,71,0,0,0,0,0,0,0,0,0,0,0,0,0,0,0,0,0,0,0
"E01011266",2011,"Leeds 008A","Total",0,0,0,0,0,0,0,0,0,0,0,0,0,0,0,0,0,0,0,0,0,0,0,0,0,0,0,0,0,0,0,0,0,0,0
"E01011267",2011,"Leeds 009B","Total",0,0,0,0,0,0,0,0,0,0,0,0,0,0,0,0,0,0,0,0,0,0,0,0,0,0,0,0,0,0,0,0,0,0,0
"E01011268",2011,"Leeds 010A","Total",0,0,0,0,0,0,0,0,0,0,0,0,0,0,0,0,0,0,0,0,0,0,0,0,0,0,0,0,0,0,0,0,0,0,0
"E01011269",2011,"Leeds 011B","Total",14,0,0,0,0,0,0,0,0,0,0,0,0,0,0,0,0,0,0,0,0,10,0,0,0,0,2,0,0,0,0,8,0,0,4
"E01011270",2011,"Leeds 008B","Total",0,0,0,0,0,0,0,0,0,0,0,0,0,0,0,0,0,0,0,0,0,0,0,0,0,0,0,0,0,0,0,0,0,0,0
"E01011271",2011,"Leeds 009C","Total",0,0,0,0,0,0,0,0,0,0,0,0,0,0,0,0,0,0,0,0,0,0,0,0,0,0,0,0,0,0,0,0,0,0,0
"E01011272",2011,"Leeds 009D","Total",0,0,0,0,0,0,0,0,0,0,0,0,0,0,0,0,0,0,0,0,0,0,0,0,0,0,0,0,0,0,0,0,0,0,0
"E01011273",2011,"Leeds 010B","Total",28,28,0,0,0,0,28,0,0,28,0,0,0,0,0,0,0,0,0,0,0,0,0,0,0,0,0,0,0,0,0,0,0,0,0
"E01011274",2011,"Leeds 010C","Total",57,56,0,0,0,0,30,0,0,30,0,0,0,0,26,0,26,0,0,0,0,0,0,0,0,0,0,0,0,0,0,0,0,0,1
"E01011275",2011,"Leeds 010D","Total",0,0,0,0,0,0,0,0,0,0,0,0,0,0,0,0,0,0,0,0,0,0,0,0,0,0,0,0,0,0,0,0,0,0,0
"E01011276",2011,"Leeds 011C","Total",0,0,0,0,0,0,0,0,0,0,0,0,0,0,0,0,0,0,0,0,0,0,0,0,0,0,0,0,0,0,0,0,0,0,0
"E01011277",2011,"Leeds 014A","Total",0,0,0,0,0,0,0,0,0,0,0,0,0,0,0,0,0,0,0,0,0,0,0,0,0,0,0,0,0,0,0,0,0,0,0
"E01011278",2011,"Leeds 014B","Total",0,0,0,0,0,0,0,0,0,0,0,0,0,0,0,0,0,0,0,0,0,0,0,0,0,0,0,0,0,0,0,0,0,0,0
"E01011279",2011,"Leeds 008C","Total",27,27,0,0,0,0,0,0,0,0,0,0,0,0,27,0,27,0,0,0,0,0,0,0,0,0,0,0,0,0,0,0,0,0,0
"E01011280",2011,"Leeds 008D","Total",0,0,0,0,0,0,0,0,0,0,0,0,0,0,0,0,0,0,0,0,0,0,0,0,0,0,0,0,0,0,0,0,0,0,0
"E01011281",2011,"Leeds 059A","Total",58,58,0,0,0,0,0,0,0,0,0,0,0,0,58,0,58,0,0,0,0,0,0,0,0,0,0,0,0,0,0,0,0,0,0
"E01011282",2011,"Leeds 059B","Total",0,0,0,0,0,0,0,0,0,0,0,0,0,0,0,0,0,0,0,0,0,0,0,0,0,0,0,0,0,0,0,0,0,0,0
"E01011283",2011,"Leeds 059C","Total",0,0,0,0,0,0,0,0,0,0,0,0,0,0,0,0,0,0,0,0,0,0,0,0,0,0,0,0,0,0,0,0,0,0,0
"E01011284",2011,"Leeds 071A","Total",9,9,9,0,9,0,0,0,0,0,0,0,0,0,0,0,0,0,0,0,0,0,0,0,0,0,0,0,0,0,0,0,0,0,0
"E01011286",2011,"Leeds 059D","Total",0,0,0,0,0,0,0,0,0,0,0,0,0,0,0,0,0,0,0,0,0,0,0,0,0,0,0,0,0,0,0,0,0,0,0
"E01011287",2011,"Leeds 067B","Total",0,0,0,0,0,0,0,0,0,0,0,0,0,0,0,0,0,0,0,0,0,0,0,0,0,0,0,0,0,0,0,0,0,0,0
"E01011292",2011,"Leeds 071B","Total",0,0,0,0,0,0,0,0,0,0,0,0,0,0,0,0,0,0,0,0,0,0,0,0,0,0,0,0,0,0,0,0,0,0,0
"E01011293",2011,"Leeds 071C","Total",17,0,0,0,0,0,0,0,0,0,0,0,0,0,0,0,0,0,0,0,0,17,0,0,0,0,17,0,0,0,0,0,0,0,0
"E01011294",2011,"Leeds 071D","Total",505,26,0,0,0,0,26,0,0,26,0,0,0,0,0,0,0,0,0,0,0,479,0,479,0,0,0,0,0,0,0,0,0,0,0
"E01011295",2011,"Leeds 059E","Total",0,0,0,0,0,0,0,0,0,0,0,0,0,0,0,0,0,0,0,0,0,0,0,0,0,0,0,0,0,0,0,0,0,0,0
"E01011296",2011,"Leeds 030A","Total",0,0,0,0,0,0,0,0,0,0,0,0,0,0,0,0,0,0,0,0,0,0,0,0,0,0,0,0,0,0,0,0,0,0,0
"E01011297",2011,"Leeds 030B","Total",0,0,0,0,0,0,0,0,0,0,0,0,0,0,0,0,0,0,0,0,0,0,0,0,0,0,0,0,0,0,0,0,0,0,0
"E01011298",2011,"Leeds 088A","Total",0,0,0,0,0,0,0,0,0,0,0,0,0,0,0,0,0,0,0,0,0,0,0,0,0,0,0,0,0,0,0,0,0,0,0
"E01011299",2011,"Leeds 088B","Total",0,0,0,0,0,0,0,0,0,0,0,0,0,0,0,0,0,0,0,0,0,0,0,0,0,0,0,0,0,0,0,0,0,0,0
"E01011300",2011,"Leeds 089A","Total",0,0,0,0,0,0,0,0,0,0,0,0,0,0,0,0,0,0,0,0,0,0,0,0,0,0,0,0,0,0,0,0,0,0,0
"E01011301",2011,"Leeds 089B","Total",0,0,0,0,0,0,0,0,0,0,0,0,0,0,0,0,0,0,0,0,0,0,0,0,0,0,0,0,0,0,0,0,0,0,0
"E01011302",2011,"Leeds 088C","Total",35,35,0,0,0,0,0,0,0,0,0,0,0,0,35,18,17,0,0,0,0,0,0,0,0,0,0,0,0,0,0,0,0,0,0
"E01011303",2011,"Leeds 088D","Total",0,0,0,0,0,0,0,0,0,0,0,0,0,0,0,0,0,0,0,0,0,0,0,0,0,0,0,0,0,0,0,0,0,0,0
"E01011304",2011,"Leeds 089C","Total",0,0,0,0,0,0,0,0,0,0,0,0,0,0,0,0,0,0,0,0,0,0,0,0,0,0,0,0,0,0,0,0,0,0,0
"E01011305",2011,"Leeds 089D","Total",0,0,0,0,0,0,0,0,0,0,0,0,0,0,0,0,0,0,0,0,0,0,0,0,0,0,0,0,0,0,0,0,0,0,0
"E01011306",2011,"Leeds 089E","Total",0,0,0,0,0,0,0,0,0,0,0,0,0,0,0,0,0,0,0,0,0,0,0,0,0,0,0,0,0,0,0,0,0,0,0
"E01011307",2011,"Leeds 103A","Total",34,34,0,0,0,0,0,0,0,0,0,0,0,0,34,0,34,0,0,0,0,0,0,0,0,0,0,0,0,0,0,0,0,0,0
"E01011308",2011,"Leeds 103B","Total",10,10,0,0,0,0,0,0,0,0,0,0,0,0,10,0,10,0,0,0,0,0,0,0,0,0,0,0,0,0,0,0,0,0,0
"E01011309",2011,"Leeds 030C","Total",0,0,0,0,0,0,0,0,0,0,0,0,0,0,0,0,0,0,0,0,0,0,0,0,0,0,0,0,0,0,0,0,0,0,0
"E01011310",2011,"Leeds 030D","Total",0,0,0,0,0,0,0,0,0,0,0,0,0,0,0,0,0,0,0,0,0,0,0,0,0,0,0,0,0,0,0,0,0,0,0
"E01011311",2011,"Leeds 022A","Total",0,0,0,0,0,0,0,0,0,0,0,0,0,0,0,0,0,0,0,0,0,0,0,0,0,0,0,0,0,0,0,0,0,0,0
"E01011312",2011,"Leeds 086A","Total",1,0,0,0,0,0,0,0,0,0,0,0,0,0,0,0,0,0,0,0,0,1,0,0,0,0,0,1,0,0,0,0,0,0,0
"E01011313",2011,"Leeds 091A","Total",0,0,0,0,0,0,0,0,0,0,0,0,0,0,0,0,0,0,0,0,0,0,0,0,0,0,0,0,0,0,0,0,0,0,0
"E01011314",2011,"Leeds 091B","Total",0,0,0,0,0,0,0,0,0,0,0,0,0,0,0,0,0,0,0,0,0,0,0,0,0,0,0,0,0,0,0,0,0,0,0
"E01011315",2011,"Leeds 090A","Total",0,0,0,0,0,0,0,0,0,0,0,0,0,0,0,0,0,0,0,0,0,0,0,0,0,0,0,0,0,0,0,0,0,0,0
"E01011316",2011,"Leeds 086B","Total",0,0,0,0,0,0,0,0,0,0,0,0,0,0,0,0,0,0,0,0,0,0,0,0,0,0,0,0,0,0,0,0,0,0,0
"E01011317",2011,"Leeds 090B","Total",0,0,0,0,0,0,0,0,0,0,0,0,0,0,0,0,0,0,0,0,0,0,0,0,0,0,0,0,0,0,0,0,0,0,0
"E01011318",2011,"Leeds 090C","Total",0,0,0,0,0,0,0,0,0,0,0,0,0,0,0,0,0,0,0,0,0,0,0,0,0,0,0,0,0,0,0,0,0,0,0
"E01011319",2011,"Leeds 091C","Total",26,26,0,0,0,0,26,0,0,26,0,0,0,0,0,0,0,0,0,0,0,0,0,0,0,0,0,0,0,0,0,0,0,0,0
"E01011320",2011,"Leeds 091D","Total",0,0,0,0,0,0,0,0,0,0,0,0,0,0,0,0,0,0,0,0,0,0,0,0,0,0,0,0,0,0,0,0,0,0,0
"E01011321",2011,"Leeds 090D","Total",0,0,0,0,0,0,0,0,0,0,0,0,0,0,0,0,0,0,0,0,0,0,0,0,0,0,0,0,0,0,0,0,0,0,0
"E01011322",2011,"Leeds 091E","Total",5,5,0,0,0,0,0,0,0,0,0,0,0,0,5,0,5,0,0,0,0,0,0,0,0,0,0,0,0,0,0,0,0,0,0
"E01011323",2011,"Leeds 051A","Total",5,5,0,0,0,0,0,0,0,0,0,0,0,0,5,0,5,0,0,0,0,0,0,0,0,0,0,0,0,0,0,0,0,0,0
"E01011324",2011,"Leeds 046A","Total",944,0,0,0,0,0,0,0,0,0,0,0,0,0,0,0,0,0,0,0,0,941,0,0,0,0,941,0,0,0,0,0,0,0,3
"E01011325",2011,"Leeds 046B","Total",0,0,0,0,0,0,0,0,0,0,0,0,0,0,0,0,0,0,0,0,0,0,0,0,0,0,0,0,0,0,0,0,0,0,0
"E01011326",2011,"Leeds 046C","Total",5,5,0,0,0,0,5,5,0,0,0,0,0,0,0,0,0,0,0,0,0,0,0,0,0,0,0,0,0,0,0,0,0,0,0
"E01011327",2011,"Leeds 052A","Total",8,8,0,0,0,0,0,0,0,0,0,0,0,0,8,0,0,0,0,0,8,0,0,0,0,0,0,0,0,0,0,0,0,0,0
"E01011328",2011,"Leeds 052B","Total",0,0,0,0,0,0,0,0,0,0,0,0,0,0,0,0,0,0,0,0,0,0,0,0,0,0,0,0,0,0,0,0,0,0,0
"E01011329",2011,"Leeds 051B","Total",0,0,0,0,0,0,0,0,0,0,0,0,0,0,0,0,0,0,0,0,0,0,0,0,0,0,0,0,0,0,0,0,0,0,0
"E01011330",2011,"Leeds 051C","Total",0,0,0,0,0,0,0,0,0,0,0,0,0,0,0,0,0,0,0,0,0,0,0,0,0,0,0,0,0,0,0,0,0,0,0
"E01011331",2011,"Leeds 058A","Total",0,0,0,0,0,0,0,0,0,0,0,0,0,0,0,0,0,0,0,0,0,0,0,0,0,0,0,0,0,0,0,0,0,0,0
"E01011332",2011,"Leeds 046D","Total",44,0,0,0,0,0,0,0,0,0,0,0,0,0,0,0,0,0,0,0,0,44,0,0,0,0,0,0,44,0,0,0,0,0,0
"E01011333",2011,"Leeds 051D","Total",0,0,0,0,0,0,0,0,0,0,0,0,0,0,0,0,0,0,0,0,0,0,0,0,0,0,0,0,0,0,0,0,0,0,0
"E01011334",2011,"Leeds 058B","Total",5,5,0,0,0,0,0,0,0,0,0,0,0,0,5,0,5,0,0,0,0,0,0,0,0,0,0,0,0,0,0,0,0,0,0
"E01011335",2011,"Leeds 052C","Total",0,0,0,0,0,0,0,0,0,0,0,0,0,0,0,0,0,0,0,0,0,0,0,0,0,0,0,0,0,0,0,0,0,0,0
"E01011336",2011,"Leeds 058C","Total",0,0,0,0,0,0,0,0,0,0,0,0,0,0,0,0,0,0,0,0,0,0,0,0,0,0,0,0,0,0,0,0,0,0,0
"E01011337",2011,"Leeds 058D","Total",0,0,0,0,0,0,0,0,0,0,0,0,0,0,0,0,0,0,0,0,0,0,0,0,0,0,0,0,0,0,0,0,0,0,0
"E01011338",2011,"Leeds 064A","Total",45,45,0,0,0,0,0,0,0,0,0,0,0,0,45,45,0,0,0,0,0,0,0,0,0,0,0,0,0,0,0,0,0,0,0
"E01011339",2011,"Leeds 060A","Total",0,0,0,0,0,0,0,0,0,0,0,0,0,0,0,0,0,0,0,0,0,0,0,0,0,0,0,0,0,0,0,0,0,0,0
"E01011340",2011,"Leeds 060B","Total",0,0,0,0,0,0,0,0,0,0,0,0,0,0,0,0,0,0,0,0,0,0,0,0,0,0,0,0,0,0,0,0,0,0,0
"E01011341",2011,"Leeds 061A","Total",0,0,0,0,0,0,0,0,0,0,0,0,0,0,0,0,0,0,0,0,0,0,0,0,0,0,0,0,0,0,0,0,0,0,0
"E01011342",2011,"Leeds 060C","Total",0,0,0,0,0,0,0,0,0,0,0,0,0,0,0,0,0,0,0,0,0,0,0,0,0,0,0,0,0,0,0,0,0,0,0
"E01011343",2011,"Leeds 061B","Total",0,0,0,0,0,0,0,0,0,0,0,0,0,0,0,0,0,0,0,0,0,0,0,0,0,0,0,0,0,0,0,0,0,0,0
"E01011344",2011,"Leeds 065A","Total",0,0,0,0,0,0,0,0,0,0,0,0,0,0,0,0,0,0,0,0,0,0,0,0,0,0,0,0,0,0,0,0,0,0,0
"E01011345",2011,"Leeds 061C","Total",0,0,0,0,0,0,0,0,0,0,0,0,0,0,0,0,0,0,0,0,0,0,0,0,0,0,0,0,0,0,0,0,0,0,0
"E01011346",2011,"Leeds 060D","Total",0,0,0,0,0,0,0,0,0,0,0,0,0,0,0,0,0,0,0,0,0,0,0,0,0,0,0,0,0,0,0,0,0,0,0
"E01011347",2011,"Leeds 065B","Total",0,0,0,0,0,0,0,0,0,0,0,0,0,0,0,0,0,0,0,0,0,0,0,0,0,0,0,0,0,0,0,0,0,0,0
"E01011348",2011,"Leeds 065C","Total",3,3,0,0,0,0,0,0,0,0,0,0,0,0,3,0,3,0,0,0,0,0,0,0,0,0,0,0,0,0,0,0,0,0,0
"E01011349",2011,"Leeds 065D","Total",0,0,0,0,0,0,0,0,0,0,0,0,0,0,0,0,0,0,0,0,0,0,0,0,0,0,0,0,0,0,0,0,0,0,0
"E01011350",2011,"Leeds 034A","Total",0,0,0,0,0,0,0,0,0,0,0,0,0,0,0,0,0,0,0,0,0,0,0,0,0,0,0,0,0,0,0,0,0,0,0
"E01011351",2011,"Leeds 034B","Total",12,12,0,0,0,0,0,0,0,0,0,0,0,0,12,0,12,0,0,0,0,0,0,0,0,0,0,0,0,0,0,0,0,0,0
"E01011352",2011,"Leeds 034C","Total",63,63,0,0,0,0,0,0,0,0,0,0,0,0,63,21,42,0,0,0,0,0,0,0,0,0,0,0,0,0,0,0,0,0,0
"E01011353",2011,"Leeds 034D","Total",0,0,0,0,0,0,0,0,0,0,0,0,0,0,0,0,0,0,0,0,0,0,0,0,0,0,0,0,0,0,0,0,0,0,0
"E01011354",2011,"Leeds 038A","Total",0,0,0,0,0,0,0,0,0,0,0,0,0,0,0,0,0,0,0,0,0,0,0,0,0,0,0,0,0,0,0,0,0,0,0
"E01011355",2011,"Leeds 038B","Total",0,0,0,0,0,0,0,0,0,0,0,0,0,0,0,0,0,0,0,0,0,0,0,0,0,0,0,0,0,0,0,0,0,0,0
"E01011356",2011,"Leeds 042A","Total",16,16,0,0,0,0,0,0,0,0,0,0,0,0,16,0,16,0,0,0,0,0,0,0,0,0,0,0,0,0,0,0,0,0,0
"E01011357",2011,"Leeds 038C","Total",0,0,0,0,0,0,0,0,0,0,0,0,0,0,0,0,0,0,0,0,0,0,0,0,0,0,0,0,0,0,0,0,0,0,0
"E01011358",2011,"Leeds 042B","Total",0,0,0,0,0,0,0,0,0,0,0,0,0,0,0,0,0,0,0,0,0,0,0,0,0,0,0,0,0,0,0,0,0,0,0
"E01011359",2011,"Leeds 042C","Total",0,0,0,0,0,0,0,0,0,0,0,0,0,0,0,0,0,0,0,0,0,0,0,0,0,0,0,0,0,0,0,0,0,0,0
"E01011360",2011,"Leeds 042D","Total",4,4,0,0,0,0,0,0,0,0,0,0,0,0,4,0,4,0,0,0,0,0,0,0,0,0,0,0,0,0,0,0,0,0,0
"E01011361",2011,"Leeds 042E","Total",0,0,0,0,0,0,0,0,0,0,0,0,0,0,0,0,0,0,0,0,0,0,0,0,0,0,0,0,0,0,0,0,0,0,0
"E01011362",2011,"Leeds 081A","Total",9,0,0,0,0,0,0,0,0,0,0,0,0,0,0,0,0,0,0,0,0,9,0,0,0,0,0,0,9,0,0,0,0,0,0
"E01011363",2011,"Leeds 071E","Total",47,25,0,0,0,0,0,0,0,0,0,0,0,0,25,24,1,0,0,0,0,0,0,0,0,0,0,0,0,0,0,0,0,0,22
"E01011364",2011,"Leeds 085A","Total",0,0,0,0,0,0,0,0,0,0,0,0,0,0,0,0,0,0,0,0,0,0,0,0,0,0,0,0,0,0,0,0,0,0,0
"E01011366",2011,"Leeds 082A","Total",0,0,0,0,0,0,0,0,0,0,0,0,0,0,0,0,0,0,0,0,0,0,0,0,0,0,0,0,0,0,0,0,0,0,0
"E01011368",2011,"Leeds 082C","Total",0,0,0,0,0,0,0,0,0,0,0,0,0,0,0,0,0,0,0,0,0,0,0,0,0,0,0,0,0,0,0,0,0,0,0
"E01011369",2011,"Leeds 090E","Total",0,0,0,0,0,0,0,0,0,0,0,0,0,0,0,0,0,0,0,0,0,0,0,0,0,0,0,0,0,0,0,0,0,0,0
"E01011370",2011,"Leeds 082D","Total",78,78,0,0,0,0,0,0,0,0,0,0,0,0,78,73,5,0,0,0,0,0,0,0,0,0,0,0,0,0,0,0,0,0,0
"E01011371",2011,"Leeds 085B","Total",39,37,0,0,0,0,0,0,0,0,0,0,0,0,37,0,37,0,0,0,0,2,0,0,0,0,0,0,2,0,0,0,0,0,0
"E01011372",2011,"Leeds 086C","Total",0,0,0,0,0,0,0,0,0,0,0,0,0,0,0,0,0,0,0,0,0,0,0,0,0,0,0,0,0,0,0,0,0,0,0
"E01011373",2011,"Leeds 085C","Total",1,1,0,0,0,0,0,0,0,0,0,0,0,0,1,0,0,1,0,0,0,0,0,0,0,0,0,0,0,0,0,0,0,0,0
"E01011374",2011,"Leeds 085D","Total",11,11,0,0,0,0,0,0,0,0,0,0,0,0,11,0,0,0,0,0,11,0,0,0,0,0,0,0,0,0,0,0,0,0,0
"E01011375",2011,"Leeds 086D","Total",0,0,0,0,0,0,0,0,0,0,0,0,0,0,0,0,0,0,0,0,0,0,0,0,0,0,0,0,0,0,0,0,0,0,0
"E01011376",2011,"Leeds 013A","Total",0,0,0,0,0,0,0,0,0,0,0,0,0,0,0,0,0,0,0,0,0,0,0,0,0,0,0,0,0,0,0,0,0,0,0
"E01011377",2011,"Leeds 013B","Total",0,0,0,0,0,0,0,0,0,0,0,0,0,0,0,0,0,0,0,0,0,0,0,0,0,0,0,0,0,0,0,0,0,0,0
"E01011378",2011,"Leeds 013C","Total",0,0,0,0,0,0,0,0,0,0,0,0,0,0,0,0,0,0,0,0,0,0,0,0,0,0,0,0,0,0,0,0,0,0,0
"E01011379",2011,"Leeds 017A","Total",0,0,0,0,0,0,0,0,0,0,0,0,0,0,0,0,0,0,0,0,0,0,0,0,0,0,0,0,0,0,0,0,0,0,0
"E01011380",2011,"Leeds 016A","Total",0,0,0,0,0,0,0,0,0,0,0,0,0,0,0,0,0,0,0,0,0,0,0,0,0,0,0,0,0,0,0,0,0,0,0
"E01011381",2011,"Leeds 016B","Total",2,0,0,0,0,0,0,0,0,0,0,0,0,0,0,0,0,0,0,0,0,2,0,0,0,0,0,2,0,0,0,0,0,0,0
"E01011382",2011,"Leeds 013D","Total",0,0,0,0,0,0,0,0,0,0,0,0,0,0,0,0,0,0,0,0,0,0,0,0,0,0,0,0,0,0,0,0,0,0,0
"E01011383",2011,"Leeds 019A","Total",0,0,0,0,0,0,0,0,0,0,0,0,0,0,0,0,0,0,0,0,0,0,0,0,0,0,0,0,0,0,0,0,0,0,0
"E01011384",2011,"Leeds 017B","Total",0,0,0,0,0,0,0,0,0,0,0,0,0,0,0,0,0,0,0,0,0,0,0,0,0,0,0,0,0,0,0,0,0,0,0
"E01011385",2011,"Leeds 016C","Total",26,26,0,0,0,0,0,0,0,0,0,0,0,0,26,26,0,0,0,0,0,0,0,0,0,0,0,0,0,0,0,0,0,0,0
"E01011386",2011,"Leeds 016D","Total",0,0,0,0,0,0,0,0,0,0,0,0,0,0,0,0,0,0,0,0,0,0,0,0,0,0,0,0,0,0,0,0,0,0,0
"E01011388",2011,"Leeds 019B","Total",0,0,0,0,0,0,0,0,0,0,0,0,0,0,0,0,0,0,0,0,0,0,0,0,0,0,0,0,0,0,0,0,0,0,0
"E01011390",2011,"Leeds 087A","Total",0,0,0,0,0,0,0,0,0,0,0,0,0,0,0,0,0,0,0,0,0,0,0,0,0,0,0,0,0,0,0,0,0,0,0
"E01011391",2011,"Leeds 087B","Total",0,0,0,0,0,0,0,0,0,0,0,0,0,0,0,0,0,0,0,0,0,0,0,0,0,0,0,0,0,0,0,0,0,0,0
"E01011392",2011,"Leeds 087C","Total",0,0,0,0,0,0,0,0,0,0,0,0,0,0,0,0,0,0,0,0,0,0,0,0,0,0,0,0,0,0,0,0,0,0,0
"E01011393",2011,"Leeds 103C","Total",18,18,0,0,0,0,0,0,0,0,0,0,0,0,18,0,18,0,0,0,0,0,0,0,0,0,0,0,0,0,0,0,0,0,0
"E01011394",2011,"Leeds 103D","Total",55,55,0,0,0,0,0,0,0,0,0,0,0,0,55,0,55,0,0,0,0,0,0,0,0,0,0,0,0,0,0,0,0,0,0
"E01011395",2011,"Leeds 103E","Total",0,0,0,0,0,0,0,0,0,0,0,0,0,0,0,0,0,0,0,0,0,0,0,0,0,0,0,0,0,0,0,0,0,0,0
"E01011396",2011,"Leeds 074A","Total",0,0,0,0,0,0,0,0,0,0,0,0,0,0,0,0,0,0,0,0,0,0,0,0,0,0,0,0,0,0,0,0,0,0,0
"E01011397",2011,"Leeds 077A","Total",0,0,0,0,0,0,0,0,0,0,0,0,0,0,0,0,0,0,0,0,0,0,0,0,0,0,0,0,0,0,0,0,0,0,0
"E01011398",2011,"Leeds 077B","Total",0,0,0,0,0,0,0,0,0,0,0,0,0,0,0,0,0,0,0,0,0,0,0,0,0,0,0,0,0,0,0,0,0,0,0
"E01011399",2011,"Leeds 074B","Total",18,18,0,0,0,0,0,0,0,0,0,0,0,0,18,0,18,0,0,0,0,0,0,0,0,0,0,0,0,0,0,0,0,0,0
"E01011400",2011,"Leeds 074C","Total",4,4,0,0,0,0,0,0,0,0,0,0,0,0,4,0,4,0,0,0,0,0,0,0,0,0,0,0,0,0,0,0,0,0,0
"E01011401",2011,"Leeds 077C","Total",0,0,0,0,0,0,0,0,0,0,0,0,0,0,0,0,0,0,0,0,0,0,0,0,0,0,0,0,0,0,0,0,0,0,0
"E01011402",2011,"Leeds 087D","Total",17,16,0,0,0,0,0,0,0,0,0,0,0,0,16,0,16,0,0,0,0,1,0,0,0,0,0,1,0,0,0,0,0,0,0
"E01011403",2011,"Leeds 074D","Total",74,74,0,0,0,0,19,0,0,19,0,0,0,0,55,0,55,0,0,0,0,0,0,0,0,0,0,0,0,0,0,0,0,0,0
"E01011404",2011,"Leeds 077D","Total",0,0,0,0,0,0,0,0,0,0,0,0,0,0,0,0,0,0,0,0,0,0,0,0,0,0,0,0,0,0,0,0,0,0,0
"E01011405",2011,"Leeds 077E","Total",11,11,0,0,0,0,0,0,0,0,0,0,0,0,11,0,11,0,0,0,0,0,0,0,0,0,0,0,0,0,0,0,0,0,0
"E01011406",2011,"Leeds 057A","Total",0,0,0,0,0,0,0,0,0,0,0,0,0,0,0,0,0,0,0,0,0,0,0,0,0,0,0,0,0,0,0,0,0,0,0
"E01011407",2011,"Leeds 057B","Total",13,13,0,0,0,0,0,0,0,0,0,0,0,0,13,0,13,0,0,0,0,0,0,0,0,0,0,0,0,0,0,0,0,0,0
"E01011408",2011,"Leeds 057C","Total",0,0,0,0,0,0,0,0,0,0,0,0,0,0,0,0,0,0,0,0,0,0,0,0,0,0,0,0,0,0,0,0,0,0,0
"E01011409",2011,"Leeds 057D","Total",23,23,0,0,0,0,0,0,0,0,0,0,0,0,23,23,0,0,0,0,0,0,0,0,0,0,0,0,0,0,0,0,0,0,0
"E01011410",2011,"Leeds 057E","Total",0,0,0,0,0,0,0,0,0,0,0,0,0,0,0,0,0,0,0,0,0,0,0,0,0,0,0,0,0,0,0,0,0,0,0
"E01011411",2011,"Leeds 073A","Total",0,0,0,0,0,0,0,0,0,0,0,0,0,0,0,0,0,0,0,0,0,0,0,0,0,0,0,0,0,0,0,0,0,0,0
"E01011412",2011,"Leeds 057F","Total",0,0,0,0,0,0,0,0,0,0,0,0,0,0,0,0,0,0,0,0,0,0,0,0,0,0,0,0,0,0,0,0,0,0,0
"E01011413",2011,"Leeds 069A","Total",5,5,0,0,0,0,0,0,0,0,0,0,0,0,5,0,0,0,5,0,0,0,0,0,0,0,0,0,0,0,0,0,0,0,0
"E01011414",2011,"Leeds 073B","Total",0,0,0,0,0,0,0,0,0,0,0,0,0,0,0,0,0,0,0,0,0,0,0,0,0,0,0,0,0,0,0,0,0,0,0
"E01011415",2011,"Leeds 069B","Total",7,7,0,0,0,0,7,7,0,0,0,0,0,0,0,0,0,0,0,0,0,0,0,0,0,0,0,0,0,0,0,0,0,0,0
"E01011416",2011,"Leeds 069C","Total",0,0,0,0,0,0,0,0,0,0,0,0,0,0,0,0,0,0,0,0,0,0,0,0,0,0,0,0,0,0,0,0,0,0,0
"E01011417",2011,"Leeds 069D","Total",0,0,0,0,0,0,0,0,0,0,0,0,0,0,0,0,0,0,0,0,0,0,0,0,0,0,0,0,0,0,0,0,0,0,0
"E01011418",2011,"Leeds 073C","Total",19,19,0,0,0,0,0,0,0,0,0,0,0,0,19,19,0,0,0,0,0,0,0,0,0,0,0,0,0,0,0,0,0,0,0
"E01011419",2011,"Leeds 073D","Total",0,0,0,0,0,0,0,0,0,0,0,0,0,0,0,0,0,0,0,0,0,0,0,0,0,0,0,0,0,0,0,0,0,0,0
"E01011420",2011,"Leeds 069E","Total",0,0,0,0,0,0,0,0,0,0,0,0,0,0,0,0,0,0,0,0,0,0,0,0,0,0,0,0,0,0,0,0,0,0,0
"E01011421",2011,"Leeds 040A","Total",0,0,0,0,0,0,0,0,0,0,0,0,0,0,0,0,0,0,0,0,0,0,0,0,0,0,0,0,0,0,0,0,0,0,0
"E01011422",2011,"Leeds 048A","Total",22,11,0,0,0,0,0,0,0,0,0,0,0,0,11,11,0,0,0,0,0,11,0,0,0,0,0,0,11,0,0,0,0,0,0
"E01011423",2011,"Leeds 047A","Total",0,0,0,0,0,0,0,0,0,0,0,0,0,0,0,0,0,0,0,0,0,0,0,0,0,0,0,0,0,0,0,0,0,0,0
"E01011424",2011,"Leeds 047B","Total",0,0,0,0,0,0,0,0,0,0,0,0,0,0,0,0,0,0,0,0,0,0,0,0,0,0,0,0,0,0,0,0,0,0,0
"E01011425",2011,"Leeds 040B","Total",8,8,0,0,0,0,0,0,0,0,0,0,0,0,8,0,8,0,0,0,0,0,0,0,0,0,0,0,0,0,0,0,0,0,0
"E01011426",2011,"Leeds 048B","Total",4,0,0,0,0,0,0,0,0,0,0,0,0,0,0,0,0,0,0,0,0,4,0,0,0,0,0,0,4,0,0,0,0,0,0
"E01011427",2011,"Leeds 047C","Total",0,0,0,0,0,0,0,0,0,0,0,0,0,0,0,0,0,0,0,0,0,0,0,0,0,0,0,0,0,0,0,0,0,0,0
"E01011428",2011,"Leeds 048C","Total",0,0,0,0,0,0,0,0,0,0,0,0,0,0,0,0,0,0,0,0,0,0,0,0,0,0,0,0,0,0,0,0,0,0,0
"E01011429",2011,"Leeds 048D","Total",8,6,0,0,0,0,0,0,0,0,0,0,0,0,6,0,6,0,0,0,0,0,0,0,0,0,0,0,0,0,0,0,0,0,2
"E01011430",2011,"Leeds 053A","Total",0,0,0,0,0,0,0,0,0,0,0,0,0,0,0,0,0,0,0,0,0,0,0,0,0,0,0,0,0,0,0,0,0,0,0
"E01011431",2011,"Leeds 047D","Total",24,24,0,0,0,0,24,0,0,24,0,0,0,0,0,0,0,0,0,0,0,0,0,0,0,0,0,0,0,0,0,0,0,0,0
"E01011432",2011,"Leeds 053B","Total",11,11,0,0,0,0,0,0,0,0,0,0,0,0,11,0,11,0,0,0,0,0,0,0,0,0,0,0,0,0,0,0,0,0,0
"E01011433",2011,"Leeds 053C","Total",0,0,0,0,0,0,0,0,0,0,0,0,0,0,0,0,0,0,0,0,0,0,0,0,0,0,0,0,0,0,0,0,0,0,0
"E01011434",2011,"Leeds 053D","Total",0,0,0,0,0,0,0,0,0,0,0,0,0,0,0,0,0,0,0,0,0,0,0,0,0,0,0,0,0,0,0,0,0,0,0
"E01011435",2011,"Leeds 044A","Total",37,37,0,0,0,0,0,0,0,0,0,0,0,0,37,0,37,0,0,0,0,0,0,0,0,0,0,0,0,0,0,0,0,0,0
"E01011440",2011,"Leeds 044D","Total",0,0,0,0,0,0,0,0,0,0,0,0,0,0,0,0,0,0,0,0,0,0,0,0,0,0,0,0,0,0,0,0,0,0,0
"E01011441",2011,"Leeds 044E","Total",72,7,0,0,0,0,0,0,0,0,0,0,0,0,7,0,7,0,0,0,0,65,0,0,0,22,43,0,0,0,0,0,0,0,0
"E01011442",2011,"Leeds 110A","Total",4,0,0,0,0,0,0,0,0,0,0,0,0,0,0,0,0,0,0,0,0,2,0,0,0,0,0,2,0,0,0,0,0,0,2
"E01011443",2011,"Leeds 110B","Total",9,0,0,0,0,0,0,0,0,0,0,0,0,0,0,0,0,0,0,0,0,9,0,0,0,0,7,0,0,2,0,0,0,0,0
"E01011444",2011,"Leeds 110C","Total",13,0,0,0,0,0,0,0,0,0,0,0,0,0,0,0,0,0,0,0,0,0,0,0,0,0,0,0,0,0,0,0,0,0,13
"E01011445",2011,"Leeds 054A","Total",0,0,0,0,0,0,0,0,0,0,0,0,0,0,0,0,0,0,0,0,0,0,0,0,0,0,0,0,0,0,0,0,0,0,0
"E01011446",2011,"Leeds 054B","Total",0,0,0,0,0,0,0,0,0,0,0,0,0,0,0,0,0,0,0,0,0,0,0,0,0,0,0,0,0,0,0,0,0,0,0
"E01011447",2011,"Leeds 054C","Total",91,0,0,0,0,0,0,0,0,0,0,0,0,0,0,0,0,0,0,0,0,91,0,0,0,0,91,0,0,0,0,0,0,0,0
"E01011448",2011,"Leeds 054D","Total",30,18,0,0,0,0,0,0,0,0,0,0,0,0,18,18,0,0,0,0,0,12,0,0,0,0,0,0,12,0,0,0,0,0,0
"E01011449",2011,"Leeds 054E","Total",3,0,0,0,0,0,0,0,0,0,0,0,0,0,0,0,0,0,0,0,0,0,0,0,0,0,0,0,0,0,0,0,0,0,3
"E01011450",2011,"Leeds 038D","Total",0,0,0,0,0,0,0,0,0,0,0,0,0,0,0,0,0,0,0,0,0,0,0,0,0,0,0,0,0,0,0,0,0,0,0
"E01011451",2011,"Leeds 110D","Total",1170,35,0,0,0,0,7,7,0,0,0,0,0,0,28,0,19,0,0,9,0,1135,0,0,0,0,1135,0,0,0,0,0,0,0,0
"E01011452",2011,"Leeds 027A","Total",0,0,0,0,0,0,0,0,0,0,0,0,0,0,0,0,0,0,0,0,0,0,0,0,0,0,0,0,0,0,0,0,0,0,0
"E01011453",2011,"Leeds 028A","Total",0,0,0,0,0,0,0,0,0,0,0,0,0,0,0,0,0,0,0,0,0,0,0,0,0,0,0,0,0,0,0,0,0,0,0
"E01011454",2011,"Leeds 027B","Total",0,0,0,0,0,0,0,0,0,0,0,0,0,0,0,0,0,0,0,0,0,0,0,0,0,0,0,0,0,0,0,0,0,0,0
"E01011455",2011,"Leeds 021A","Total",213,0,0,0,0,0,0,0,0,0,0,0,0,0,0,0,0,0,0,0,0,213,0,0,0,0,213,0,0,0,0,0,0,0,0
"E01011456",2011,"Leeds 021B","Total",0,0,0,0,0,0,0,0,0,0,0,0,0,0,0,0,0,0,0,0,0,0,0,0,0,0,0,0,0,0,0,0,0,0,0
"E01011457",2011,"Leeds 027C","Total",135,30,0,0,0,0,0,0,0,0,0,0,0,0,30,12,18,0,0,0,0,105,0,0,0,0,105,0,0,0,0,0,0,0,0
"E01011458",2011,"Leeds 027D","Total",0,0,0,0,0,0,0,0,0,0,0,0,0,0,0,0,0,0,0,0,0,0,0,0,0,0,0,0,0,0,0,0,0,0,0
"E01011459",2011,"Leeds 021C","Total",15,15,0,0,0,0,0,0,0,0,0,0,0,0,15,8,7,0,0,0,0,0,0,0,0,0,0,0,0,0,0,0,0,0,0
"E01011460",2011,"Leeds 028B","Total",29,29,0,0,0,0,0,0,0,0,0,0,0,0,29,0,29,0,0,0,0,0,0,0,0,0,0,0,0,0,0,0,0,0,0
"E01011461",2011,"Leeds 021D","Total",0,0,0,0,0,0,0,0,0,0,0,0,0,0,0,0,0,0,0,0,0,0,0,0,0,0,0,0,0,0,0,0,0,0,0
"E01011462",2011,"Leeds 028C","Total",0,0,0,0,0,0,0,0,0,0,0,0,0,0,0,0,0,0,0,0,0,0,0,0,0,0,0,0,0,0,0,0,0,0,0
"E01011463",2011,"Leeds 028D","Total",0,0,0,0,0,0,0,0,0,0,0,0,0,0,0,0,0,0,0,0,0,0,0,0,0,0,0,0,0,0,0,0,0,0,0
"E01011464",2011,"Leeds 028E","Total",0,0,0,0,0,0,0,0,0,0,0,0,0,0,0,0,0,0,0,0,0,0,0,0,0,0,0,0,0,0,0,0,0,0,0
"E01011465",2011,"Leeds 027E","Total",25,25,0,0,0,0,25,0,0,25,0,0,0,0,0,0,0,0,0,0,0,0,0,0,0,0,0,0,0,0,0,0,0,0,0
"E01011466",2011,"Leeds 094A","Total",35,35,0,0,0,0,0,0,0,0,0,0,0,0,35,0,35,0,0,0,0,0,0,0,0,0,0,0,0,0,0,0,0,0,0
"E01011467",2011,"Leeds 112A","Total",163,163,0,0,0,0,0,0,0,0,0,0,0,0,163,124,39,0,0,0,0,0,0,0,0,0,0,0,0,0,0,0,0,0,0
"E01011468",2011,"Leeds 112B","Total",0,0,0,0,0,0,0,0,0,0,0,0,0,0,0,0,0,0,0,0,0,0,0,0,0,0,0,0,0,0,0,0,0,0,0
"E01011469",2011,"Leeds 094B","Total",0,0,0,0,0,0,0,0,0,0,0,0,0,0,0,0,0,0,0,0,0,0,0,0,0,0,0,0,0,0,0,0,0,0,0
"E01011470",2011,"Leeds 112C","Total",0,0,0,0,0,0,0,0,0,0,0,0,0,0,0,0,0,0,0,0,0,0,0,0,0,0,0,0,0,0,0,0,0,0,0
"E01011471",2011,"Leeds 092A","Total",0,0,0,0,0,0,0,0,0,0,0,0,0,0,0,0,0,0,0,0,0,0,0,0,0,0,0,0,0,0,0,0,0,0,0
"E01011472",2011,"Leeds 092B","Total",34,34,0,0,0,0,0,0,0,0,0,0,0,0,34,0,34,0,0,0,0,0,0,0,0,0,0,0,0,0,0,0,0,0,0
"E01011473",2011,"Leeds 092C","Total",0,0,0,0,0,0,0,0,0,0,0,0,0,0,0,0,0,0,0,0,0,0,0,0,0,0,0,0,0,0,0,0,0,0,0
"E01011474",2011,"Leeds 092D","Total",0,0,0,0,0,0,0,0,0,0,0,0,0,0,0,0,0,0,0,0,0,0,0,0,0,0,0,0,0,0,0,0,0,0,0
"E01011475",2011,"Leeds 094C","Total",0,0,0,0,0,0,0,0,0,0,0,0,0,0,0,0,0,0,0,0,0,0,0,0,0,0,0,0,0,0,0,0,0,0,0
"E01011476",2011,"Leeds 094D","Total",0,0,0,0,0,0,0,0,0,0,0,0,0,0,0,0,0,0,0,0,0,0,0,0,0,0,0,0,0,0,0,0,0,0,0
"E01011477",2011,"Leeds 045A","Total",86,0,0,0,0,0,0,0,0,0,0,0,0,0,0,0,0,0,0,0,0,86,0,0,0,0,86,0,0,0,0,0,0,0,0
"E01011478",2011,"Leeds 056A","Total",0,0,0,0,0,0,0,0,0,0,0,0,0,0,0,0,0,0,0,0,0,0,0,0,0,0,0,0,0,0,0,0,0,0,0
"E01011479",2011,"Leeds 056B","Total",0,0,0,0,0,0,0,0,0,0,0,0,0,0,0,0,0,0,0,0,0,0,0,0,0,0,0,0,0,0,0,0,0,0,0
"E01011480",2011,"Leeds 045B","Total",8,0,0,0,0,0,0,0,0,0,0,0,0,0,0,0,0,0,0,0,0,8,0,0,0,0,0,0,0,0,0,0,0,8,0
"E01011481",2011,"Leeds 056C","Total",20,20,0,0,0,0,20,0,0,20,0,0,0,0,0,0,0,0,0,0,0,0,0,0,0,0,0,0,0,0,0,0,0,0,0
"E01011482",2011,"Leeds 056D","Total",0,0,0,0,0,0,0,0,0,0,0,0,0,0,0,0,0,0,0,0,0,0,0,0,0,0,0,0,0,0,0,0,0,0,0
"E01011483",2011,"Leeds 056E","Total",17,17,0,0,0,0,0,0,0,0,0,0,0,0,17,17,0,0,0,0,0,0,0,0,0,0,0,0,0,0,0,0,0,0,0
"E01011484",2011,"Leeds 033A","Total",0,0,0,0,0,0,0,0,0,0,0,0,0,0,0,0,0,0,0,0,0,0,0,0,0,0,0,0,0,0,0,0,0,0,0
"E01011485",2011,"Leeds 033B","Total",19,17,0,0,0,0,0,0,0,0,0,0,0,0,17,0,17,0,0,0,0,2,0,0,0,0,0,2,0,0,0,0,0,0,0
"E01011488",2011,"Leeds 045C","Total",0,0,0,0,0,0,0,0,0,0,0,0,0,0,0,0,0,0,0,0,0,0,0,0,0,0,0,0,0,0,0,0,0,0,0
"E01011489",2011,"Leeds 045D","Total",0,0,0,0,0,0,0,0,0,0,0,0,0,0,0,0,0,0,0,0,0,0,0,0,0,0,0,0,0,0,0,0,0,0,0
"E01011490",2011,"Leeds 099A","Total",4,0,0,0,0,0,0,0,0,0,0,0,0,0,0,0,0,0,0,0,0,4,0,0,0,0,0,0,4,0,0,0,0,0,0
"E01011491",2011,"Leeds 101A","Total",0,0,0,0,0,0,0,0,0,0,0,0,0,0,0,0,0,0,0,0,0,0,0,0,0,0,0,0,0,0,0,0,0,0,0
"E01011492",2011,"Leeds 101B","Total",22,22,0,0,0,0,0,0,0,0,0,0,0,0,22,18,4,0,0,0,0,0,0,0,0,0,0,0,0,0,0,0,0,0,0
"E01011493",2011,"Leeds 101C","Total",12,12,0,0,0,0,12,12,0,0,0,0,0,0,0,0,0,0,0,0,0,0,0,0,0,0,0,0,0,0,0,0,0,0,0
"E01011494",2011,"Leeds 101D","Total",0,0,0,0,0,0,0,0,0,0,0,0,0,0,0,0,0,0,0,0,0,0,0,0,0,0,0,0,0,0,0,0,0,0,0
"E01011496",2011,"Leeds 100A","Total",10,10,0,0,0,0,0,0,0,0,0,0,0,0,10,0,10,0,0,0,0,0,0,0,0,0,0,0,0,0,0,0,0,0,0
"E01011497",2011,"Leeds 101E","Total",0,0,0,0,0,0,0,0,0,0,0,0,0,0,0,0,0,0,0,0,0,0,0,0,0,0,0,0,0,0,0,0,0,0,0
"E01011499",2011,"Leeds 105C","Total",28,28,0,0,0,0,0,0,0,0,0,0,0,0,28,0,28,0,0,0,0,0,0,0,0,0,0,0,0,0,0,0,0,0,0
"E01011500",2011,"Leeds 105D","Total",30,30,0,0,0,0,0,0,0,0,0,0,0,0,30,0,30,0,0,0,0,0,0,0,0,0,0,0,0,0,0,0,0,0,0
"E01011502",2011,"Leeds 099C","Total",0,0,0,0,0,0,0,0,0,0,0,0,0,0,0,0,0,0,0,0,0,0,0,0,0,0,0,0,0,0,0,0,0,0,0
"E01011504",2011,"Leeds 032A","Total",36,36,0,0,0,0,0,0,0,0,0,0,0,0,36,36,0,0,0,0,0,0,0,0,0,0,0,0,0,0,0,0,0,0,0
"E01011505",2011,"Leeds 025A","Total",0,0,0,0,0,0,0,0,0,0,0,0,0,0,0,0,0,0,0,0,0,0,0,0,0,0,0,0,0,0,0,0,0,0,0
"E01011506",2011,"Leeds 025B","Total",0,0,0,0,0,0,0,0,0,0,0,0,0,0,0,0,0,0,0,0,0,0,0,0,0,0,0,0,0,0,0,0,0,0,0
"E01011507",2011,"Leeds 025C","Total",0,0,0,0,0,0,0,0,0,0,0,0,0,0,0,0,0,0,0,0,0,0,0,0,0,0,0,0,0,0,0,0,0,0,0
"E01011508",2011,"Leeds 024A","Total",0,0,0,0,0,0,0,0,0,0,0,0,0,0,0,0,0,0,0,0,0,0,0,0,0,0,0,0,0,0,0,0,0,0,0
"E01011509",2011,"Leeds 023A","Total",0,0,0,0,0,0,0,0,0,0,0,0,0,0,0,0,0,0,0,0,0,0,0,0,0,0,0,0,0,0,0,0,0,0,0
"E01011510",2011,"Leeds 025D","Total",40,40,0,0,0,0,0,0,0,0,0,0,0,0,40,40,0,0,0,0,0,0,0,0,0,0,0,0,0,0,0,0,0,0,0
"E01011511",2011,"Leeds 023B","Total",5,5,0,0,0,0,0,0,0,0,0,0,0,0,5,0,5,0,0,0,0,0,0,0,0,0,0,0,0,0,0,0,0,0,0
"E01011512",2011,"Leeds 023C","Total",4,4,0,0,0,0,0,0,0,0,0,0,0,0,4,0,4,0,0,0,0,0,0,0,0,0,0,0,0,0,0,0,0,0,0
"E01011513",2011,"Leeds 031A","Total",17,17,0,0,0,0,0,0,0,0,0,0,0,0,17,0,17,0,0,0,0,0,0,0,0,0,0,0,0,0,0,0,0,0,0
"E01011514",2011,"Leeds 025E","Total",3,3,0,0,0,0,0,0,0,0,0,0,0,0,3,0,3,0,0,0,0,0,0,0,0,0,0,0,0,0,0,0,0,0,0
"E01011515",2011,"Leeds 023D","Total",0,0,0,0,0,0,0,0,0,0,0,0,0,0,0,0,0,0,0,0,0,0,0,0,0,0,0,0,0,0,0,0,0,0,0
"E01011516",2011,"Leeds 023E","Total",0,0,0,0,0,0,0,0,0,0,0,0,0,0,0,0,0,0,0,0,0,0,0,0,0,0,0,0,0,0,0,0,0,0,0
"E01011517",2011,"Leeds 024B","Total",0,0,0,0,0,0,0,0,0,0,0,0,0,0,0,0,0,0,0,0,0,0,0,0,0,0,0,0,0,0,0,0,0,0,0
"E01011518",2011,"Leeds 093A","Total",0,0,0,0,0,0,0,0,0,0,0,0,0,0,0,0,0,0,0,0,0,0,0,0,0,0,0,0,0,0,0,0,0,0,0
"E01011519",2011,"Leeds 095A","Total",0,0,0,0,0,0,0,0,0,0,0,0,0,0,0,0,0,0,0,0,0,0,0,0,0,0,0,0,0,0,0,0,0,0,0
"E01011520",2011,"Leeds 096A","Total",0,0,0,0,0,0,0,0,0,0,0,0,0,0,0,0,0,0,0,0,0,0,0,0,0,0,0,0,0,0,0,0,0,0,0
"E01011521",2011,"Leeds 096B","Total",0,0,0,0,0,0,0,0,0,0,0,0,0,0,0,0,0,0,0,0,0,0,0,0,0,0,0,0,0,0,0,0,0,0,0
"E01011522",2011,"Leeds 095B","Total",0,0,0,0,0,0,0,0,0,0,0,0,0,0,0,0,0,0,0,0,0,0,0,0,0,0,0,0,0,0,0,0,0,0,0
"E01011523",2011,"Leeds 096C","Total",78,78,0,0,0,0,0,0,0,0,0,0,0,0,78,43,35,0,0,0,0,0,0,0,0,0,0,0,0,0,0,0,0,0,0
"E01011524",2011,"Leeds 093B","Total",6,6,0,0,0,0,0,0,0,0,0,0,0,0,6,6,0,0,0,0,0,0,0,0,0,0,0,0,0,0,0,0,0,0,0
"E01011525",2011,"Leeds 095C","Total",47,47,0,0,0,0,0,0,0,0,0,0,0,0,47,0,47,0,0,0,0,0,0,0,0,0,0,0,0,0,0,0,0,0,0
"E01011526",2011,"Leeds 093C","Total",0,0,0,0,0,0,0,0,0,0,0,0,0,0,0,0,0,0,0,0,0,0,0,0,0,0,0,0,0,0,0,0,0,0,0
"E01011527",2011,"Leeds 096D","Total",0,0,0,0,0,0,0,0,0,0,0,0,0,0,0,0,0,0,0,0,0,0,0,0,0,0,0,0,0,0,0,0,0,0,0
"E01011528",2011,"Leeds 095D","Total",0,0,0,0,0,0,0,0,0,0,0,0,0,0,0,0,0,0,0,0,0,0,0,0,0,0,0,0,0,0,0,0,0,0,0
"E01011529",2011,"Leeds 096E","Total",3,0,0,0,0,0,0,0,0,0,0,0,0,0,0,0,0,0,0,0,0,3,0,0,0,0,0,3,0,0,0,0,0,0,0
"E01011530",2011,"Leeds 106A","Total",0,0,0,0,0,0,0,0,0,0,0,0,0,0,0,0,0,0,0,0,0,0,0,0,0,0,0,0,0,0,0,0,0,0,0
"E01011531",2011,"Leeds 093D","Total",37,37,0,0,0,0,0,0,0,0,0,0,0,0,37,0,37,0,0,0,0,0,0,0,0,0,0,0,0,0,0,0,0,0,0
"E01011532",2011,"Leeds 095E","Total",0,0,0,0,0,0,0,0,0,0,0,0,0,0,0,0,0,0,0,0,0,0,0,0,0,0,0,0,0,0,0,0,0,0,0
"E01011533",2011,"Leeds 104A","Total",0,0,0,0,0,0,0,0,0,0,0,0,0,0,0,0,0,0,0,0,0,0,0,0,0,0,0,0,0,0,0,0,0,0,0
"E01011534",2011,"Leeds 106B","Total",0,0,0,0,0,0,0,0,0,0,0,0,0,0,0,0,0,0,0,0,0,0,0,0,0,0,0,0,0,0,0,0,0,0,0
"E01011535",2011,"Leeds 108A","Total",0,0,0,0,0,0,0,0,0,0,0,0,0,0,0,0,0,0,0,0,0,0,0,0,0,0,0,0,0,0,0,0,0,0,0
"E01011536",2011,"Leeds 108B","Total",0,0,0,0,0,0,0,0,0,0,0,0,0,0,0,0,0,0,0,0,0,0,0,0,0,0,0,0,0,0,0,0,0,0,0
"E01011537",2011,"Leeds 107A","Total",43,43,0,0,0,0,0,0,0,0,0,0,0,0,43,0,43,0,0,0,0,0,0,0,0,0,0,0,0,0,0,0,0,0,0
"E01011538",2011,"Leeds 107B","Total",10,10,0,0,0,0,10,0,0,0,10,0,0,0,0,0,0,0,0,0,0,0,0,0,0,0,0,0,0,0,0,0,0,0,0
"E01011540",2011,"Leeds 102B","Total",0,0,0,0,0,0,0,0,0,0,0,0,0,0,0,0,0,0,0,0,0,0,0,0,0,0,0,0,0,0,0,0,0,0,0
"E01011541",2011,"Leeds 104B","Total",24,24,0,0,0,0,24,0,0,24,0,0,0,0,0,0,0,0,0,0,0,0,0,0,0,0,0,0,0,0,0,0,0,0,0
"E01011545",2011,"Leeds 104C","Total",0,0,0,0,0,0,0,0,0,0,0,0,0,0,0,0,0,0,0,0,0,0,0,0,0,0,0,0,0,0,0,0,0,0,0
"E01011546",2011,"Leeds 106C","Total",15,15,0,0,0,0,0,0,0,0,0,0,0,0,15,0,15,0,0,0,0,0,0,0,0,0,0,0,0,0,0,0,0,0,0
"E01011547",2011,"Leeds 104D","Total",8,8,0,0,0,0,0,0,0,0,0,0,0,0,8,0,8,0,0,0,0,0,0,0,0,0,0,0,0,0,0,0,0,0,0
"E01011548",2011,"Leeds 106D","Total",0,0,0,0,0,0,0,0,0,0,0,0,0,0,0,0,0,0,0,0,0,0,0,0,0,0,0,0,0,0,0,0,0,0,0
"E01011549",2011,"Leeds 108C","Total",0,0,0,0,0,0,0,0,0,0,0,0,0,0,0,0,0,0,0,0,0,0,0,0,0,0,0,0,0,0,0,0,0,0,0
"E01011550",2011,"Leeds 106E","Total",0,0,0,0,0,0,0,0,0,0,0,0,0,0,0,0,0,0,0,0,0,0,0,0,0,0,0,0,0,0,0,0,0,0,0
"E01011551",2011,"Leeds 107C","Total",0,0,0,0,0,0,0,0,0,0,0,0,0,0,0,0,0,0,0,0,0,0,0,0,0,0,0,0,0,0,0,0,0,0,0
"E01011552",2011,"Leeds 107D","Total",0,0,0,0,0,0,0,0,0,0,0,0,0,0,0,0,0,0,0,0,0,0,0,0,0,0,0,0,0,0,0,0,0,0,0
"E01011553",2011,"Leeds 108D","Total",0,0,0,0,0,0,0,0,0,0,0,0,0,0,0,0,0,0,0,0,0,0,0,0,0,0,0,0,0,0,0,0,0,0,0
"E01011554",2011,"Leeds 012A","Total",0,0,0,0,0,0,0,0,0,0,0,0,0,0,0,0,0,0,0,0,0,0,0,0,0,0,0,0,0,0,0,0,0,0,0
"E01011555",2011,"Leeds 018A","Total",0,0,0,0,0,0,0,0,0,0,0,0,0,0,0,0,0,0,0,0,0,0,0,0,0,0,0,0,0,0,0,0,0,0,0
"E01011556",2011,"Leeds 015A","Total",0,0,0,0,0,0,0,0,0,0,0,0,0,0,0,0,0,0,0,0,0,0,0,0,0,0,0,0,0,0,0,0,0,0,0
"E01011557",2011,"Leeds 015B","Total",19,19,0,0,0,0,0,0,0,0,0,0,0,0,19,0,19,0,0,0,0,0,0,0,0,0,0,0,0,0,0,0,0,0,0
"E01011558",2011,"Leeds 018B","Total",0,0,0,0,0,0,0,0,0,0,0,0,0,0,0,0,0,0,0,0,0,0,0,0,0,0,0,0,0,0,0,0,0,0,0
"E01011559",2011,"Leeds 018C","Total",27,27,0,0,0,0,0,0,0,0,0,0,0,0,27,0,19,8,0,0,0,0,0,0,0,0,0,0,0,0,0,0,0,0,0
"E01011560",2011,"Leeds 018D","Total",0,0,0,0,0,0,0,0,0,0,0,0,0,0,0,0,0,0,0,0,0,0,0,0,0,0,0,0,0,0,0,0,0,0,0
"E01011561",2011,"Leeds 006A","Total",0,0,0,0,0,0,0,0,0,0,0,0,0,0,0,0,0,0,0,0,0,0,0,0,0,0,0,0,0,0,0,0,0,0,0
"E01011562",2011,"Leeds 012B","Total",0,0,0,0,0,0,0,0,0,0,0,0,0,0,0,0,0,0,0,0,0,0,0,0,0,0,0,0,0,0,0,0,0,0,0
"E01011563",2011,"Leeds 012C","Total",0,0,0,0,0,0,0,0,0,0,0,0,0,0,0,0,0,0,0,0,0,0,0,0,0,0,0,0,0,0,0,0,0,0,0
"E01011564",2011,"Leeds 012D","Total",0,0,0,0,0,0,0,0,0,0,0,0,0,0,0,0,0,0,0,0,0,0,0,0,0,0,0,0,0,0,0,0,0,0,0
"E01011565",2011,"Leeds 015C","Total",0,0,0,0,0,0,0,0,0,0,0,0,0,0,0,0,0,0,0,0,0,0,0,0,0,0,0,0,0,0,0,0,0,0,0
"E01011566",2011,"Leeds 015D","Total",0,0,0,0,0,0,0,0,0,0,0,0,0,0,0,0,0,0,0,0,0,0,0,0,0,0,0,0,0,0,0,0,0,0,0
"E01011567",2011,"Leeds 012E","Total",0,0,0,0,0,0,0,0,0,0,0,0,0,0,0,0,0,0,0,0,0,0,0,0,0,0,0,0,0,0,0,0,0,0,0
"E01011568",2011,"Leeds 015E","Total",6,0,0,0,0,0,0,0,0,0,0,0,0,0,0,0,0,0,0,0,0,0,0,0,0,0,0,0,0,0,0,0,0,0,6
"E01011569",2011,"Leeds 004A","Total",0,0,0,0,0,0,0,0,0,0,0,0,0,0,0,0,0,0,0,0,0,0,0,0,0,0,0,0,0,0,0,0,0,0,0
"E01011570",2011,"Leeds 007A","Total",0,0,0,0,0,0,0,0,0,0,0,0,0,0,0,0,0,0,0,0,0,0,0,0,0,0,0,0,0,0,0,0,0,0,0
"E01011571",2011,"Leeds 004B","Total",40,40,0,0,0,0,35,6,0,29,0,0,0,0,5,0,5,0,0,0,0,0,0,0,0,0,0,0,0,0,0,0,0,0,0
"E01011572",2011,"Leeds 004C","Total",0,0,0,0,0,0,0,0,0,0,0,0,0,0,0,0,0,0,0,0,0,0,0,0,0,0,0,0,0,0,0,0,0,0,0
"E01011573",2011,"Leeds 004D","Total",0,0,0,0,0,0,0,0,0,0,0,0,0,0,0,0,0,0,0,0,0,0,0,0,0,0,0,0,0,0,0,0,0,0,0
"E01011574",2011,"Leeds 004E","Total",50,50,0,0,0,0,0,0,0,0,0,0,0,0,50,0,50,0,0,0,0,0,0,0,0,0,0,0,0,0,0,0,0,0,0
"E01011576",2011,"Leeds 007C","Total",28,28,0,0,0,0,0,0,0,0,0,0,0,0,28,0,28,0,0,0,0,0,0,0,0,0,0,0,0,0,0,0,0,0,0
"E01011578",2011,"Leeds 011D","Total",0,0,0,0,0,0,0,0,0,0,0,0,0,0,0,0,0,0,0,0,0,0,0,0,0,0,0,0,0,0,0,0,0,0,0
"E01011579",2011,"Leeds 014C","Total",0,0,0,0,0,0,0,0,0,0,0,0,0,0,0,0,0,0,0,0,0,0,0,0,0,0,0,0,0,0,0,0,0,0,0
"E01011580",2011,"Leeds 014D","Total",0,0,0,0,0,0,0,0,0,0,0,0,0,0,0,0,0,0,0,0,0,0,0,0,0,0,0,0,0,0,0,0,0,0,0
"E01011581",2011,"Leeds 003A","Total",0,0,0,0,0,0,0,0,0,0,0,0,0,0,0,0,0,0,0,0,0,0,0,0,0,0,0,0,0,0,0,0,0,0,0
"E01011582",2011,"Leeds 003B","Total",0,0,0,0,0,0,0,0,0,0,0,0,0,0,0,0,0,0,0,0,0,0,0,0,0,0,0,0,0,0,0,0,0,0,0
"E01011583",2011,"Leeds 003C","Total",0,0,0,0,0,0,0,0,0,0,0,0,0,0,0,0,0,0,0,0,0,0,0,0,0,0,0,0,0,0,0,0,0,0,0
"E01011584",2011,"Leeds 003D","Total",0,0,0,0,0,0,0,0,0,0,0,0,0,0,0,0,0,0,0,0,0,0,0,0,0,0,0,0,0,0,0,0,0,0,0
"E01011585",2011,"Leeds 062A","Total",0,0,0,0,0,0,0,0,0,0,0,0,0,0,0,0,0,0,0,0,0,0,0,0,0,0,0,0,0,0,0,0,0,0,0
"E01011586",2011,"Leeds 066A","Total",0,0,0,0,0,0,0,0,0,0,0,0,0,0,0,0,0,0,0,0,0,0,0,0,0,0,0,0,0,0,0,0,0,0,0
"E01011587",2011,"Leeds 062B","Total",3,3,0,0,0,0,0,0,0,0,0,0,0,0,3,0,3,0,0,0,0,0,0,0,0,0,0,0,0,0,0,0,0,0,0
"E01011588",2011,"Leeds 039A","Total",33,32,0,0,0,0,0,0,0,0,0,0,0,0,32,32,0,0,0,0,0,1,0,0,0,0,0,1,0,0,0,0,0,0,0
"E01011589",2011,"Leeds 039B","Total",0,0,0,0,0,0,0,0,0,0,0,0,0,0,0,0,0,0,0,0,0,0,0,0,0,0,0,0,0,0,0,0,0,0,0
"E01011590",2011,"Leeds 039C","Total",26,26,0,0,0,0,0,0,0,0,0,0,0,0,26,26,0,0,0,0,0,0,0,0,0,0,0,0,0,0,0,0,0,0,0
"E01011591",2011,"Leeds 052D","Total",0,0,0,0,0,0,0,0,0,0,0,0,0,0,0,0,0,0,0,0,0,0,0,0,0,0,0,0,0,0,0,0,0,0,0
"E01011592",2011,"Leeds 039D","Total",0,0,0,0,0,0,0,0,0,0,0,0,0,0,0,0,0,0,0,0,0,0,0,0,0,0,0,0,0,0,0,0,0,0,0
"E01011593",2011,"Leeds 039E","Total",0,0,0,0,0,0,0,0,0,0,0,0,0,0,0,0,0,0,0,0,0,0,0,0,0,0,0,0,0,0,0,0,0,0,0
"E01011594",2011,"Leeds 062C","Total",0,0,0,0,0,0,0,0,0,0,0,0,0,0,0,0,0,0,0,0,0,0,0,0,0,0,0,0,0,0,0,0,0,0,0
"E01011595",2011,"Leeds 066B","Total",0,0,0,0,0,0,0,0,0,0,0,0,0,0,0,0,0,0,0,0,0,0,0,0,0,0,0,0,0,0,0,0,0,0,0
"E01011596",2011,"Leeds 062D","Total",0,0,0,0,0,0,0,0,0,0,0,0,0,0,0,0,0,0,0,0,0,0,0,0,0,0,0,0,0,0,0,0,0,0,0
"E01011597",2011,"Leeds 066C","Total",19,16,0,0,0,0,0,0,0,0,0,0,0,0,16,16,0,0,0,0,0,3,0,0,0,0,0,3,0,0,0,0,0,0,0
"E01011598",2011,"Leeds 062E","Total",20,20,0,0,0,0,0,0,0,0,0,0,0,0,20,20,0,0,0,0,0,0,0,0,0,0,0,0,0,0,0,0,0,0,0
"E01011599",2011,"Leeds 066D","Total",0,0,0,0,0,0,0,0,0,0,0,0,0,0,0,0,0,0,0,0,0,0,0,0,0,0,0,0,0,0,0,0,0,0,0
"E01011600",2011,"Leeds 079A","Total",35,35,0,0,0,0,35,0,0,35,0,0,0,0,0,0,0,0,0,0,0,0,0,0,0,0,0,0,0,0,0,0,0,0,0
"E01011601",2011,"Leeds 079B","Total",0,0,0,0,0,0,0,0,0,0,0,0,0,0,0,0,0,0,0,0,0,0,0,0,0,0,0,0,0,0,0,0,0,0,0
"E01011602",2011,"Leeds 076A","Total",42,42,0,0,0,0,0,0,0,0,0,0,0,0,42,0,40,0,0,0,2,0,0,0,0,0,0,0,0,0,0,0,0,0,0
"E01011603",2011,"Leeds 076B","Total",56,0,0,0,0,0,0,0,0,0,0,0,0,0,0,0,0,0,0,0,0,56,0,0,0,0,56,0,0,0,0,0,0,0,0
"E01011604",2011,"Leeds 079C","Total",16,16,0,0,0,0,0,0,0,0,0,0,0,0,16,16,0,0,0,0,0,0,0,0,0,0,0,0,0,0,0,0,0,0,0
"E01011605",2011,"Leeds 076C","Total",0,0,0,0,0,0,0,0,0,0,0,0,0,0,0,0,0,0,0,0,0,0,0,0,0,0,0,0,0,0,0,0,0,0,0
"E01011606",2011,"Leeds 076D","Total",0,0,0,0,0,0,0,0,0,0,0,0,0,0,0,0,0,0,0,0,0,0,0,0,0,0,0,0,0,0,0,0,0,0,0
"E01011607",2011,"Leeds 079D","Total",0,0,0,0,0,0,0,0,0,0,0,0,0,0,0,0,0,0,0,0,0,0,0,0,0,0,0,0,0,0,0,0,0,0,0
"E01011608",2011,"Leeds 068A","Total",0,0,0,0,0,0,0,0,0,0,0,0,0,0,0,0,0,0,0,0,0,0,0,0,0,0,0,0,0,0,0,0,0,0,0
"E01011609",2011,"Leeds 068B","Total",0,0,0,0,0,0,0,0,0,0,0,0,0,0,0,0,0,0,0,0,0,0,0,0,0,0,0,0,0,0,0,0,0,0,0
"E01011610",2011,"Leeds 068C","Total",24,24,0,0,0,0,0,0,0,0,0,0,0,0,24,0,24,0,0,0,0,0,0,0,0,0,0,0,0,0,0,0,0,0,0
"E01011611",2011,"Leeds 068D","Total",5,5,0,0,0,0,5,0,0,5,0,0,0,0,0,0,0,0,0,0,0,0,0,0,0,0,0,0,0,0,0,0,0,0,0
"E01011612",2011,"Leeds 079E","Total",74,74,0,0,0,0,0,0,0,0,0,0,0,0,74,0,74,0,0,0,0,0,0,0,0,0,0,0,0,0,0,0,0,0,0
"E01011613",2011,"Leeds 076E","Total",0,0,0,0,0,0,0,0,0,0,0,0,0,0,0,0,0,0,0,0,0,0,0,0,0,0,0,0,0,0,0,0,0,0,0
"E01011614",2011,"Leeds 068E","Total",4,4,0,0,0,0,0,0,0,0,0,0,0,0,4,0,4,0,0,0,0,0,0,0,0,0,0,0,0,0,0,0,0,0,0
"E01011615",2011,"Leeds 070A","Total",21,21,0,0,0,0,0,0,0,0,0,0,0,0,21,0,21,0,0,0,0,0,0,0,0,0,0,0,0,0,0,0,0,0,0
"E01011616",2011,"Leeds 072A","Total",0,0,0,0,0,0,0,0,0,0,0,0,0,0,0,0,0,0,0,0,0,0,0,0,0,0,0,0,0,0,0,0,0,0,0
"E01011617",2011,"Leeds 070B","Total",0,0,0,0,0,0,0,0,0,0,0,0,0,0,0,0,0,0,0,0,0,0,0,0,0,0,0,0,0,0,0,0,0,0,0
"E01011618",2011,"Leeds 070C","Total",0,0,0,0,0,0,0,0,0,0,0,0,0,0,0,0,0,0,0,0,0,0,0,0,0,0,0,0,0,0,0,0,0,0,0
"E01011620",2011,"Leeds 072B","Total",0,0,0,0,0,0,0,0,0,0,0,0,0,0,0,0,0,0,0,0,0,0,0,0,0,0,0,0,0,0,0,0,0,0,0
"E01011621",2011,"Leeds 070D","Total",0,0,0,0,0,0,0,0,0,0,0,0,0,0,0,0,0,0,0,0,0,0,0,0,0,0,0,0,0,0,0,0,0,0,0
"E01011622",2011,"Leeds 072C","Total",0,0,0,0,0,0,0,0,0,0,0,0,0,0,0,0,0,0,0,0,0,0,0,0,0,0,0,0,0,0,0,0,0,0,0
"E01011623",2011,"Leeds 075B","Total",0,0,0,0,0,0,0,0,0,0,0,0,0,0,0,0,0,0,0,0,0,0,0,0,0,0,0,0,0,0,0,0,0,0,0
"E01011624",2011,"Leeds 072D","Total",0,0,0,0,0,0,0,0,0,0,0,0,0,0,0,0,0,0,0,0,0,0,0,0,0,0,0,0,0,0,0,0,0,0,0
"E01011625",2011,"Leeds 075C","Total",0,0,0,0,0,0,0,0,0,0,0,0,0,0,0,0,0,0,0,0,0,0,0,0,0,0,0,0,0,0,0,0,0,0,0
"E01011626",2011,"Leeds 075D","Total",0,0,0,0,0,0,0,0,0,0,0,0,0,0,0,0,0,0,0,0,0,0,0,0,0,0,0,0,0,0,0,0,0,0,0
"E01011627",2011,"Leeds 098A","Total",14,0,0,0,0,0,0,0,0,0,0,0,0,0,0,0,0,0,0,0,0,14,0,0,0,0,0,0,0,0,0,14,0,0,0
"E01011628",2011,"Leeds 098B","Total",0,0,0,0,0,0,0,0,0,0,0,0,0,0,0,0,0,0,0,0,0,0,0,0,0,0,0,0,0,0,0,0,0,0,0
"E01011629",2011,"Leeds 098C","Total",0,0,0,0,0,0,0,0,0,0,0,0,0,0,0,0,0,0,0,0,0,0,0,0,0,0,0,0,0,0,0,0,0,0,0
"E01011630",2011,"Leeds 100B","Total",24,24,0,0,0,0,24,0,0,24,0,0,0,0,0,0,0,0,0,0,0,0,0,0,0,0,0,0,0,0,0,0,0,0,0
"E01011632",2011,"Leeds 098D","Total",0,0,0,0,0,0,0,0,0,0,0,0,0,0,0,0,0,0,0,0,0,0,0,0,0,0,0,0,0,0,0,0,0,0,0
"E01011633",2011,"Leeds 098E","Total",35,35,0,0,0,0,31,0,0,31,0,0,0,0,4,0,0,4,0,0,0,0,0,0,0,0,0,0,0,0,0,0,0,0,0
"E01011634",2011,"Leeds 100C","Total",0,0,0,0,0,0,0,0,0,0,0,0,0,0,0,0,0,0,0,0,0,0,0,0,0,0,0,0,0,0,0,0,0,0,0
"E01011635",2011,"Leeds 097B","Total",0,0,0,0,0,0,0,0,0,0,0,0,0,0,0,0,0,0,0,0,0,0,0,0,0,0,0,0,0,0,0,0,0,0,0
"E01011636",2011,"Leeds 100D","Total",33,33,0,0,0,0,0,0,0,0,0,0,0,0,33,33,0,0,0,0,0,0,0,0,0,0,0,0,0,0,0,0,0,0,0
"E01011637",2011,"Leeds 097C","Total",0,0,0,0,0,0,0,0,0,0,0,0,0,0,0,0,0,0,0,0,0,0,0,0,0,0,0,0,0,0,0,0,0,0,0
"E01011638",2011,"Leeds 097D","Total",0,0,0,0,0,0,0,0,0,0,0,0,0,0,0,0,0,0,0,0,0,0,0,0,0,0,0,0,0,0,0,0,0,0,0
"E01011639",2011,"Leeds 100E","Total",0,0,0,0,0,0,0,0,0,0,0,0,0,0,0,0,0,0,0,0,0,0,0,0,0,0,0,0,0,0,0,0,0,0,0
"E01011641",2011,"Leeds 032B","Total",0,0,0,0,0,0,0,0,0,0,0,0,0,0,0,0,0,0,0,0,0,0,0,0,0,0,0,0,0,0,0,0,0,0,0
"E01011642",2011,"Leeds 032C","Total",27,27,0,0,0,0,0,0,0,0,0,0,0,0,27,22,5,0,0,0,0,0,0,0,0,0,0,0,0,0,0,0,0,0,0
"E01011643",2011,"Leeds 037A","Total",96,96,0,0,0,0,0,0,0,0,0,0,0,0,96,92,4,0,0,0,0,0,0,0,0,0,0,0,0,0,0,0,0,0,0
"E01011644",2011,"Leeds 037B","Total",73,73,0,0,0,0,0,0,0,0,0,0,0,0,73,73,0,0,0,0,0,0,0,0,0,0,0,0,0,0,0,0,0,0,0
"E01011645",2011,"Leeds 032D","Total",30,29,0,0,0,0,0,0,0,0,0,0,0,0,29,29,0,0,0,0,0,1,0,0,0,0,0,0,0,0,1,0,0,0,0
"E01011646",2011,"Leeds 037C","Total",21,21,0,0,0,0,0,0,0,0,0,0,0,0,21,0,21,0,0,0,0,0,0,0,0,0,0,0,0,0,0,0,0,0,0
"E01011647",2011,"Leeds 037D","Total",0,0,0,0,0,0,0,0,0,0,0,0,0,0,0,0,0,0,0,0,0,0,0,0,0,0,0,0,0,0,0,0,0,0,0
"E01011648",2011,"Leeds 037E","Total",0,0,0,0,0,0,0,0,0,0,0,0,0,0,0,0,0,0,0,0,0,0,0,0,0,0,0,0,0,0,0,0,0,0,0
"E01011649",2011,"Leeds 022B","Total",0,0,0,0,0,0,0,0,0,0,0,0,0,0,0,0,0,0,0,0,0,0,0,0,0,0,0,0,0,0,0,0,0,0,0
"E01011650",2011,"Leeds 020A","Total",19,19,0,0,0,0,0,0,0,0,0,0,0,0,19,0,19,0,0,0,0,0,0,0,0,0,0,0,0,0,0,0,0,0,0
"E01011651",2011,"Leeds 020B","Total",0,0,0,0,0,0,0,0,0,0,0,0,0,0,0,0,0,0,0,0,0,0,0,0,0,0,0,0,0,0,0,0,0,0,0
"E01011652",2011,"Leeds 024C","Total",36,36,0,0,0,0,0,0,0,0,0,0,0,0,36,0,36,0,0,0,0,0,0,0,0,0,0,0,0,0,0,0,0,0,0
"E01011653",2011,"Leeds 020C","Total",22,17,0,0,0,0,0,0,0,0,0,0,0,0,17,0,17,0,0,0,0,5,0,0,0,0,0,5,0,0,0,0,0,0,0
"E01011654",2011,"Leeds 024D","Total",0,0,0,0,0,0,0,0,0,0,0,0,0,0,0,0,0,0,0,0,0,0,0,0,0,0,0,0,0,0,0,0,0,0,0
"E01011655",2011,"Leeds 020D","Total",42,42,8,0,8,0,0,0,0,0,0,0,0,0,34,34,0,0,0,0,0,0,0,0,0,0,0,0,0,0,0,0,0,0,0
"E01011656",2011,"Leeds 035A","Total",0,0,0,0,0,0,0,0,0,0,0,0,0,0,0,0,0,0,0,0,0,0,0,0,0,0,0,0,0,0,0,0,0,0,0
"E01011657",2011,"Leeds 035B","Total",0,0,0,0,0,0,0,0,0,0,0,0,0,0,0,0,0,0,0,0,0,0,0,0,0,0,0,0,0,0,0,0,0,0,0
"E01011658",2011,"Leeds 040C","Total",0,0,0,0,0,0,0,0,0,0,0,0,0,0,0,0,0,0,0,0,0,0,0,0,0,0,0,0,0,0,0,0,0,0,0
"E01011659",2011,"Leeds 035C","Total",5,0,0,0,0,0,0,0,0,0,0,0,0,0,0,0,0,0,0,0,0,5,0,0,0,0,0,0,0,0,0,0,0,5,0
"E01011660",2011,"Leeds 040D","Total",39,39,34,0,34,0,5,5,0,0,0,0,0,0,0,0,0,0,0,0,0,0,0,0,0,0,0,0,0,0,0,0,0,0,0
"E01011661",2011,"Leeds 035D","Total",57,57,0,0,0,0,57,0,0,57,0,0,0,0,0,0,0,0,0,0,0,0,0,0,0,0,0,0,0,0,0,0,0,0,0
"E01011662",2011,"Leeds 040E","Total",0,0,0,0,0,0,0,0,0,0,0,0,0,0,0,0,0,0,0,0,0,0,0,0,0,0,0,0,0,0,0,0,0,0,0
"E01011663",2011,"Leeds 050A","Total",0,0,0,0,0,0,0,0,0,0,0,0,0,0,0,0,0,0,0,0,0,0,0,0,0,0,0,0,0,0,0,0,0,0,0
"E01011664",2011,"Leeds 050B","Total",0,0,0,0,0,0,0,0,0,0,0,0,0,0,0,0,0,0,0,0,0,0,0,0,0,0,0,0,0,0,0,0,0,0,0
"E01011665",2011,"Leeds 050C","Total",0,0,0,0,0,0,0,0,0,0,0,0,0,0,0,0,0,0,0,0,0,0,0,0,0,0,0,0,0,0,0,0,0,0,0
"E01011666",2011,"Leeds 061D","Total",0,0,0,0,0,0,0,0,0,0,0,0,0,0,0,0,0,0,0,0,0,0,0,0,0,0,0,0,0,0,0,0,0,0,0
"E01011667",2011,"Leeds 050D","Total",0,0,0,0,0,0,0,0,0,0,0,0,0,0,0,0,0,0,0,0,0,0,0,0,0,0,0,0,0,0,0,0,0,0,0
"E01011668",2011,"Leeds 110E","Total",2,0,0,0,0,0,0,0,0,0,0,0,0,0,0,0,0,0,0,0,0,2,0,0,0,0,0,0,2,0,0,0,0,0,0
"E01011669",2011,"Leeds 110F","Total",220,0,0,0,0,0,0,0,0,0,0,0,0,0,0,0,0,0,0,0,0,220,0,0,0,0,215,0,5,0,0,0,0,0,0
"E01011670",2011,"Leeds 055A","Total",717,0,0,0,0,0,0,0,0,0,0,0,0,0,0,0,0,0,0,0,0,715,0,0,0,0,715,0,0,0,0,0,0,0,2
"E01011671",2011,"Leeds 055B","Total",0,0,0,0,0,0,0,0,0,0,0,0,0,0,0,0,0,0,0,0,0,0,0,0,0,0,0,0,0,0,0,0,0,0,0
"E01011673",2011,"Leeds 064B","Total",0,0,0,0,0,0,0,0,0,0,0,0,0,0,0,0,0,0,0,0,0,0,0,0,0,0,0,0,0,0,0,0,0,0,0
"E01011677",2011,"Leeds 064D","Total",0,0,0,0,0,0,0,0,0,0,0,0,0,0,0,0,0,0,0,0,0,0,0,0,0,0,0,0,0,0,0,0,0,0,0
"E01011678",2011,"Leeds 063B","Total",2763,0,0,0,0,0,0,0,0,0,0,0,0,0,0,0,0,0,0,0,0,2761,0,0,0,18,2743,0,0,0,0,0,0,0,2
"E01011681",2011,"Leeds 063D","Total",177,10,0,0,0,0,0,0,0,0,0,0,0,0,10,0,10,0,0,0,0,167,0,0,0,0,167,0,0,0,0,0,0,0,0
"E01011684",2011,"Leeds 019C","Total",0,0,0,0,0,0,0,0,0,0,0,0,0,0,0,0,0,0,0,0,0,0,0,0,0,0,0,0,0,0,0,0,0,0,0
"E01011685",2011,"Leeds 109A","Total",438,0,0,0,0,0,0,0,0,0,0,0,0,0,0,0,0,0,0,0,0,437,0,0,0,0,437,0,0,0,0,0,0,0,1
"E01011686",2011,"Leeds 033E","Total",0,0,0,0,0,0,0,0,0,0,0,0,0,0,0,0,0,0,0,0,0,0,0,0,0,0,0,0,0,0,0,0,0,0,0
"E01011687",2011,"Leeds 109B","Total",19,19,0,0,0,0,0,0,0,0,0,0,0,0,19,0,19,0,0,0,0,0,0,0,0,0,0,0,0,0,0,0,0,0,0
"E01011688",2011,"Leeds 031B","Total",0,0,0,0,0,0,0,0,0,0,0,0,0,0,0,0,0,0,0,0,0,0,0,0,0,0,0,0,0,0,0,0,0,0,0
"E01011689",2011,"Leeds 031C","Total",0,0,0,0,0,0,0,0,0,0,0,0,0,0,0,0,0,0,0,0,0,0,0,0,0,0,0,0,0,0,0,0,0,0,0
"E01011690",2011,"Leeds 109C","Total",5,0,0,0,0,0,0,0,0,0,0,0,0,0,0,0,0,0,0,0,0,5,0,0,0,0,5,0,0,0,0,0,0,0,0
"E01011691",2011,"Leeds 031D","Total",0,0,0,0,0,0,0,0,0,0,0,0,0,0,0,0,0,0,0,0,0,0,0,0,0,0,0,0,0,0,0,0,0,0,0
"E01011692",2011,"Leeds 109D","Total",22,22,0,0,0,0,0,0,0,0,0,0,0,0,22,0,15,7,0,0,0,0,0,0,0,0,0,0,0,0,0,0,0,0,0
"E01011693",2011,"Leeds 109E","Total",17,17,17,0,17,0,0,0,0,0,0,0,0,0,0,0,0,0,0,0,0,0,0,0,0,0,0,0,0,0,0,0,0,0,0
"E01011694",2011,"Leeds 109F","Total",1,0,0,0,0,0,0,0,0,0,0,0,0,0,0,0,0,0,0,0,0,0,0,0,0,0,0,0,0,0,0,0,0,0,1
"E01011695",2011,"Leeds 019D","Total",57,57,0,0,0,0,5,5,0,0,0,0,0,0,52,0,52,0,0,0,0,0,0,0,0,0,0,0,0,0,0,0,0,0,0
"E01011696",2011,"Leeds 006B","Total",0,0,0,0,0,0,0,0,0,0,0,0,0,0,0,0,0,0,0,0,0,0,0,0,0,0,0,0,0,0,0,0,0,0,0
"E01011697",2011,"Leeds 002A","Total",813,0,0,0,0,0,0,0,0,0,0,0,0,0,0,0,0,0,0,0,0,813,0,813,0,0,0,0,0,0,0,0,0,0,0
"E01011698",2011,"Leeds 001A","Total",2,2,0,0,0,0,0,0,0,0,0,0,0,0,2,0,0,0,0,0,2,0,0,0,0,0,0,0,0,0,0,0,0,0,0
"E01011699",2011,"Leeds 001B","Total",4,4,0,0,0,0,0,0,0,0,0,0,0,0,4,0,4,0,0,0,0,0,0,0,0,0,0,0,0,0,0,0,0,0,0
"E01011700",2011,"Leeds 002B","Total",245,45,0,0,0,0,0,0,0,0,0,0,0,0,45,45,0,0,0,0,0,200,0,200,0,0,0,0,0,0,0,0,0,0,0
"E01011701",2011,"Leeds 001C","Total",0,0,0,0,0,0,0,0,0,0,0,0,0,0,0,0,0,0,0,0,0,0,0,0,0,0,0,0,0,0,0,0,0,0,0
"E01011702",2011,"Leeds 001D","Total",0,0,0,0,0,0,0,0,0,0,0,0,0,0,0,0,0,0,0,0,0,0,0,0,0,0,0,0,0,0,0,0,0,0,0
"E01011703",2011,"Leeds 001E","Total",0,0,0,0,0,0,0,0,0,0,0,0,0,0,0,0,0,0,0,0,0,0,0,0,0,0,0,0,0,0,0,0,0,0,0
"E01011704",2011,"Leeds 002C","Total",24,20,0,0,0,0,0,0,0,0,0,0,0,0,20,0,20,0,0,0,0,4,0,0,0,0,0,4,0,0,0,0,0,0,0
"E01011705",2011,"Leeds 002D","Total",3,3,0,0,0,0,0,0,0,0,0,0,0,0,3,0,3,0,0,0,0,0,0,0,0,0,0,0,0,0,0,0,0,0,0
"E01011706",2011,"Leeds 006C","Total",0,0,0,0,0,0,0,0,0,0,0,0,0,0,0,0,0,0,0,0,0,0,0,0,0,0,0,0,0,0,0,0,0,0,0
"E01011707",2011,"Leeds 005A","Total",0,0,0,0,0,0,0,0,0,0,0,0,0,0,0,0,0,0,0,0,0,0,0,0,0,0,0,0,0,0,0,0,0,0,0
"E01011708",2011,"Leeds 006D","Total",0,0,0,0,0,0,0,0,0,0,0,0,0,0,0,0,0,0,0,0,0,0,0,0,0,0,0,0,0,0,0,0,0,0,0
"E01011709",2011,"Leeds 005B","Total",33,33,0,0,0,0,33,0,0,33,0,0,0,0,0,0,0,0,0,0,0,0,0,0,0,0,0,0,0,0,0,0,0,0,0
"E01011710",2011,"Leeds 005C","Total",0,0,0,0,0,0,0,0,0,0,0,0,0,0,0,0,0,0,0,0,0,0,0,0,0,0,0,0,0,0,0,0,0,0,0
"E01011711",2011,"Leeds 005D","Total",0,0,0,0,0,0,0,0,0,0,0,0,0,0,0,0,0,0,0,0,0,0,0,0,0,0,0,0,0,0,0,0,0,0,0
"E01011712",2011,"Leeds 005E","Total",0,0,0,0,0,0,0,0,0,0,0,0,0,0,0,0,0,0,0,0,0,0,0,0,0,0,0,0,0,0,0,0,0,0,0
"E01011713",2011,"Leeds 006E","Total",0,0,0,0,0,0,0,0,0,0,0,0,0,0,0,0,0,0,0,0,0,0,0,0,0,0,0,0,0,0,0,0,0,0,0
"E01011714",2011,"Leeds 029A","Total",0,0,0,0,0,0,0,0,0,0,0,0,0,0,0,0,0,0,0,0,0,0,0,0,0,0,0,0,0,0,0,0,0,0,0
"E01011715",2011,"Leeds 022C","Total",12,12,0,0,0,0,0,0,0,0,0,0,0,0,12,0,12,0,0,0,0,0,0,0,0,0,0,0,0,0,0,0,0,0,0
"E01011716",2011,"Leeds 029B","Total",5,4,0,0,0,0,0,0,0,0,0,0,0,0,4,0,0,0,4,0,0,0,0,0,0,0,0,0,0,0,0,0,0,0,1
"E01011717",2011,"Leeds 029C","Total",0,0,0,0,0,0,0,0,0,0,0,0,0,0,0,0,0,0,0,0,0,0,0,0,0,0,0,0,0,0,0,0,0,0,0
"E01011718",2011,"Leeds 029D","Total",7,7,0,0,0,0,0,0,0,0,0,0,0,0,7,0,0,0,7,0,0,0,0,0,0,0,0,0,0,0,0,0,0,0,0
"E01011719",2011,"Leeds 022D","Total",7,7,0,0,0,0,0,0,0,0,0,0,0,0,7,0,7,0,0,0,0,0,0,0,0,0,0,0,0,0,0,0,0,0,0
"E01011720",2011,"Leeds 029E","Total",0,0,0,0,0,0,0,0,0,0,0,0,0,0,0,0,0,0,0,0,0,0,0,0,0,0,0,0,0,0,0,0,0,0,0
"E01011721",2011,"Leeds 041A","Total",0,0,0,0,0,0,0,0,0,0,0,0,0,0,0,0,0,0,0,0,0,0,0,0,0,0,0,0,0,0,0,0,0,0,0
"E01011722",2011,"Leeds 041B","Total",33,33,0,0,0,0,0,0,0,0,0,0,0,0,33,33,0,0,0,0,0,0,0,0,0,0,0,0,0,0,0,0,0,0,0
"E01011723",2011,"Leeds 041C","Total",0,0,0,0,0,0,0,0,0,0,0,0,0,0,0,0,0,0,0,0,0,0,0,0,0,0,0,0,0,0,0,0,0,0,0
"E01011724",2011,"Leeds 041D","Total",0,0,0,0,0,0,0,0,0,0,0,0,0,0,0,0,0,0,0,0,0,0,0,0,0,0,0,0,0,0,0,0,0,0,0
"E01011725",2011,"Leeds 078A","Total",0,0,0,0,0,0,0,0,0,0,0,0,0,0,0,0,0,0,0,0,0,0,0,0,0,0,0,0,0,0,0,0,0,0,0
"E01011726",2011,"Leeds 080A","Total",21,21,0,0,0,0,0,0,0,0,0,0,0,0,21,0,21,0,0,0,0,0,0,0,0,0,0,0,0,0,0,0,0,0,0
"E01011727",2011,"Leeds 080B","Total",0,0,0,0,0,0,0,0,0,0,0,0,0,0,0,0,0,0,0,0,0,0,0,0,0,0,0,0,0,0,0,0,0,0,0
"E01011728",2011,"Leeds 080C","Total",0,0,0,0,0,0,0,0,0,0,0,0,0,0,0,0,0,0,0,0,0,0,0,0,0,0,0,0,0,0,0,0,0,0,0
"E01011729",2011,"Leeds 078B","Total",116,116,0,0,0,0,31,0,0,31,0,0,0,0,85,0,85,0,0,0,0,0,0,0,0,0,0,0,0,0,0,0,0,0,0
"E01011730",2011,"Leeds 078C","Total",0,0,0,0,0,0,0,0,0,0,0,0,0,0,0,0,0,0,0,0,0,0,0,0,0,0,0,0,0,0,0,0,0,0,0
"E01011731",2011,"Leeds 081B","Total",0,0,0,0,0,0,0,0,0,0,0,0,0,0,0,0,0,0,0,0,0,0,0,0,0,0,0,0,0,0,0,0,0,0,0
"E01011732",2011,"Leeds 081C","Total",49,49,0,0,0,0,0,0,0,0,0,0,0,0,49,43,6,0,0,0,0,0,0,0,0,0,0,0,0,0,0,0,0,0,0
"E01011733",2011,"Leeds 081D","Total",33,33,0,0,0,0,0,0,0,0,0,0,0,0,33,0,33,0,0,0,0,0,0,0,0,0,0,0,0,0,0,0,0,0,0
"E01011734",2011,"Leeds 083A","Total",0,0,0,0,0,0,0,0,0,0,0,0,0,0,0,0,0,0,0,0,0,0,0,0,0,0,0,0,0,0,0,0,0,0,0
"E01011735",2011,"Leeds 078D","Total",0,0,0,0,0,0,0,0,0,0,0,0,0,0,0,0,0,0,0,0,0,0,0,0,0,0,0,0,0,0,0,0,0,0,0
"E01011736",2011,"Leeds 083B","Total",0,0,0,0,0,0,0,0,0,0,0,0,0,0,0,0,0,0,0,0,0,0,0,0,0,0,0,0,0,0,0,0,0,0,0
"E01011737",2011,"Leeds 083C","Total",0,0,0,0,0,0,0,0,0,0,0,0,0,0,0,0,0,0,0,0,0,0,0,0,0,0,0,0,0,0,0,0,0,0,0
"E01011738",2011,"Leeds 083D","Total",7,7,0,0,0,0,0,0,0,0,0,0,0,0,7,0,7,0,0,0,0,0,0,0,0,0,0,0,0,0,0,0,0,0,0
"E01011739",2011,"Leeds 080D","Total",0,0,0,0,0,0,0,0,0,0,0,0,0,0,0,0,0,0,0,0,0,0,0,0,0,0,0,0,0,0,0,0,0,0,0
"E01032487",2011,"Leeds 097F","Total",0,0,0,0,0,0,0,0,0,0,0,0,0,0,0,0,0,0,0,0,0,0,0,0,0,0,0,0,0,0,0,0,0,0,0
"E01032488",2011,"Leeds 097G","Total",22,22,0,0,0,0,22,0,0,0,22,0,0,0,0,0,0,0,0,0,0,0,0,0,0,0,0,0,0,0,0,0,0,0,0
"E01032489",2011,"Leeds 102F","Total",13,13,13,0,13,0,0,0,0,0,0,0,0,0,0,0,0,0,0,0,0,0,0,0,0,0,0,0,0,0,0,0,0,0,0
"E01032490",2011,"Leeds 102G","Total",0,0,0,0,0,0,0,0,0,0,0,0,0,0,0,0,0,0,0,0,0,0,0,0,0,0,0,0,0,0,0,0,0,0,0
"E01032491",2011,"Leeds 102H","Total",0,0,0,0,0,0,0,0,0,0,0,0,0,0,0,0,0,0,0,0,0,0,0,0,0,0,0,0,0,0,0,0,0,0,0
"E01032492",2011,"Leeds 102I","Total",24,24,0,0,0,0,24,0,0,24,0,0,0,0,0,0,0,0,0,0,0,0,0,0,0,0,0,0,0,0,0,0,0,0,0
"E01032493",2011,"Leeds 033F","Total",0,0,0,0,0,0,0,0,0,0,0,0,0,0,0,0,0,0,0,0,0,0,0,0,0,0,0,0,0,0,0,0,0,0,0
"E01032494",2011,"Leeds 033G","Total",18,18,0,0,0,0,0,0,0,0,0,0,0,0,18,0,18,0,0,0,0,0,0,0,0,0,0,0,0,0,0,0,0,0,0
"E01032495",2011,"Leeds 105E","Total",0,0,0,0,0,0,0,0,0,0,0,0,0,0,0,0,0,0,0,0,0,0,0,0,0,0,0,0,0,0,0,0,0,0,0
"E01032496",2011,"Leeds 105F","Total",0,0,0,0,0,0,0,0,0,0,0,0,0,0,0,0,0,0,0,0,0,0,0,0,0,0,0,0,0,0,0,0,0,0,0
"E01032497",2011,"Leeds 099E","Total",0,0,0,0,0,0,0,0,0,0,0,0,0,0,0,0,0,0,0,0,0,0,0,0,0,0,0,0,0,0,0,0,0,0,0
"E01032498",2011,"Leeds 099F","Total",7,7,0,0,0,0,0,0,0,0,0,0,0,0,7,0,7,0,0,0,0,0,0,0,0,0,0,0,0,0,0,0,0,0,0
"E01032499",2011,"Leeds 067G","Total",24,24,0,0,0,0,0,0,0,0,0,0,0,0,24,0,24,0,0,0,0,0,0,0,0,0,0,0,0,0,0,0,0,0,0
"E01032500",2011,"Leeds 067H","Total",0,0,0,0,0,0,0,0,0,0,0,0,0,0,0,0,0,0,0,0,0,0,0,0,0,0,0,0,0,0,0,0,0,0,0
"E01032501",2011,"Leeds 017E","Total",0,0,0,0,0,0,0,0,0,0,0,0,0,0,0,0,0,0,0,0,0,0,0,0,0,0,0,0,0,0,0,0,0,0,0
"E01032502",2011,"Leeds 017F","Total",0,0,0,0,0,0,0,0,0,0,0,0,0,0,0,0,0,0,0,0,0,0,0,0,0,0,0,0,0,0,0,0,0,0,0
"E01032503",2011,"Leeds 007E","Total",3,0,0,0,0,0,0,0,0,0,0,0,0,0,0,0,0,0,0,0,0,3,0,0,0,0,0,3,0,0,0,0,0,0,0
"E01032504",2011,"Leeds 007F","Total",0,0,0,0,0,0,0,0,0,0,0,0,0,0,0,0,0,0,0,0,0,0,0,0,0,0,0,0,0,0,0,0,0,0,0
"E01032606",2011,"Leeds 067I","Total",0,0,0,0,0,0,0,0,0,0,0,0,0,0,0,0,0,0,0,0,0,0,0,0,0,0,0,0,0,0,0,0,0,0,0
"E01032607",2011,"Leeds 067J","Total",44,44,0,0,0,0,0,0,0,0,0,0,0,0,44,0,44,0,0,0,0,0,0,0,0,0,0,0,0,0,0,0,0,0,0
"E01032608",2011,"Leeds 067K","Total",23,23,0,0,0,0,0,0,0,0,0,0,0,0,23,0,23,0,0,0,0,0,0,0,0,0,0,0,0,0,0,0,0,0,0
"E01032876",2011,"Leeds 109G","Total",1352,0,0,0,0,0,0,0,0,0,0,0,0,0,0,0,0,0,0,0,0,1352,0,0,0,0,1352,0,0,0,0,0,0,0,0
"E01032945",2011,"Leeds 044F","Total",2,0,0,0,0,0,0,0,0,0,0,0,0,0,0,0,0,0,0,0,0,0,0,0,0,0,0,0,0,0,0,0,0,0,2
"E01032946",2011,"Leeds 110G","Total",606,49,0,0,0,0,0,0,0,0,0,0,0,0,49,49,0,0,0,0,0,557,0,0,0,0,556,1,0,0,0,0,0,0,0
"E01033002",2011,"Leeds 055F","Total",0,0,0,0,0,0,0,0,0,0,0,0,0,0,0,0,0,0,0,0,0,0,0,0,0,0,0,0,0,0,0,0,0,0,0
"E01033003",2011,"Leeds 055G","Total",0,0,0,0,0,0,0,0,0,0,0,0,0,0,0,0,0,0,0,0,0,0,0,0,0,0,0,0,0,0,0,0,0,0,0
"E01033005",2011,"Leeds 055H","Total",1537,0,0,0,0,0,0,0,0,0,0,0,0,0,0,0,0,0,0,0,0,1536,0,0,0,0,1536,0,0,0,0,0,0,0,1
"E01033006",2011,"Leeds 063E","Total",1167,0,0,0,0,0,0,0,0,0,0,0,0,0,0,0,0,0,0,0,0,1167,0,0,0,0,1165,2,0,0,0,0,0,0,0
"E01033008",2011,"Leeds 111A","Total",28,0,0,0,0,0,0,0,0,0,0,0,0,0,0,0,0,0,0,0,0,28,0,0,0,0,0,0,22,0,5,0,1,0,0
"E01033010",2011,"Leeds 111B","Total",1760,0,0,0,0,0,0,0,0,0,0,0,0,0,0,0,0,0,0,0,0,1760,0,0,0,0,1731,1,28,0,0,0,0,0,0
"E01033011",2011,"Leeds 111C","Total",201,0,0,0,0,0,0,0,0,0,0,0,0,0,0,0,0,0,0,0,0,201,0,0,0,0,0,0,27,0,0,0,0,174,0
"E01033013",2011,"Leeds 082E","Total",25,6,0,0,0,0,0,0,0,0,0,0,0,0,6,0,0,0,0,0,6,19,0,0,19,0,0,0,0,0,0,0,0,0,0
"E01033015",2011,"Leeds 111D","Total",0,0,0,0,0,0,0,0,0,0,0,0,0,0,0,0,0,0,0,0,0,0,0,0,0,0,0,0,0,0,0,0,0,0,0
"E01033016",2011,"Leeds 111E","Total",2,0,0,0,0,0,0,0,0,0,0,0,0,0,0,0,0,0,0,0,0,2,0,0,0,0,0,2,0,0,0,0,0,0,0
"E01033018",2011,"Leeds 112D","Total",1,0,0,0,0,0,0,0,0,0,0,0,0,0,0,0,0,0,0,0,0,1,0,0,0,0,0,1,0,0,0,0,0,0,0
"E01033019",2011,"Leeds 112E","Total",486,0,0,0,0,0,0,0,0,0,0,0,0,0,0,0,0,0,0,0,0,486,0,0,0,0,486,0,0,0,0,0,0,0,0
"E01033021",2011,"Leeds 075E","Total",56,0,0,0,0,0,0,0,0,0,0,0,0,0,0,0,0,0,0,0,0,56,0,0,0,0,0,0,56,0,0,0,0,0,0
"E01033031",2011,"Leeds 064E","Total",20,2,2,0,2,0,0,0,0,0,0,0,0,0,0,0,0,0,0,0,0,18,0,0,0,0,0,0,18,0,0,0,0,0,0
"E01033032",2011,"Leeds 082F","Total",0,0,0,0,0,0,0,0,0,0,0,0,0,0,0,0,0,0,0,0,0,0,0,0,0,0,0,0,0,0,0,0,0,0,0
"E01033033",2011,"Leeds 075F","Total",395,0,0,0,0,0,0,0,0,0,0,0,0,0,0,0,0,0,0,0,0,394,0,0,0,0,394,0,0,0,0,0,0,0,1
"E01033034",2011,"Leeds 075G","Total",0,0,0,0,0,0,0,0,0,0,0,0,0,0,0,0,0,0,0,0,0,0,0,0,0,0,0,0,0,0,0,0,0,0,0
"E01033035",2011,"Leeds 064F","Total",5,5,5,5,0,0,0,0,0,0,0,0,0,0,0,0,0,0,0,0,0,0,0,0,0,0,0,0,0,0,0,0,0,0,0
