"lsoa11cd","date","lsoa11nm","Rural Urban","Religion: All categories: Religion; measures: Value","Religion: Christian; measures: Value","Religion: Buddhist; measures: Value","Religion: Hindu; measures: Value","Religion: Jewish; measures: Value","Religion: Muslim (Islam); measures: Value","Religion: Sikh; measures: Value","Religion: Other religion: Total; measures: Value","Religion: Other religion: Animism; measures: Value","Religion: Other religion: Baha'i; measures: Value","Religion: Other religion: Believe in God; measures: Value","Religion: Other religion: Brahma Kumari; measures: Value","Religion: Other religion: Chinese Religion; measures: Value","Religion: Other religion: Church of All Religion; measures: Value","Religion: Other religion: Confucianist; measures: Value","Religion: Other religion: Deist; measures: Value","Religion: Other religion: Druid; measures: Value","Religion: Other religion: Druze; measures: Value","Religion: Other religion: Eckankar; measures: Value","Religion: Other religion: Heathen; measures: Value","Religion: Other religion: Jain; measures: Value","Religion: Other religion: Mixed Religion; measures: Value","Religion: Other religion: Mysticism; measures: Value","Religion: Other religion: Native American Church; measures: Value","Religion: Other religion: New Age; measures: Value","Religion: Other religion: Occult; measures: Value","Religion: Other religion: Own Belief System; measures: Value","Religion: Other religion: Pagan; measures: Value","Religion: Other religion: Pantheism; measures: Value","Religion: Other religion: Rastafarian; measures: Value","Religion: Other religion: Ravidassia; measures: Value","Religion: Other religion: Reconstructionist; measures: Value","Religion: Other religion: Satanism; measures: Value","Religion: Other religion: Scientology; measures: Value","Religion: Other religion: Shamanism; measures: Value","Religion: Other religion: Shintoism; measures: Value","Religion: Other religion: Spiritual; measures: Value","Religion: Other religion: Spiritualist; measures: Value","Religion: Other religion: Taoist; measures: Value","Religion: Other religion: Theism; measures: Value","Religion: Other religion: Thelemite; measures: Value","Religion: Other religion: Traditional African Religion; measures: Value","Religion: Other religion: Unification Church; measures: Value","Religion: Other religion: Universalist; measures: Value","Religion: Other religion: Vodun; measures: Value","Religion: Other religion: Wicca; measures: Value","Religion: Other religion: Witchcraft; measures: Value","Religion: Other religion: Zoroastrian; measures: Value","Religion: Other religion: Other religions; measures: Value","Religion: No religion: Total; measures: Value","Religion: No religion: No religion; measures: Value","Religion: No religion: Agnostic; measures: Value","Religion: No religion: Atheist; measures: Value","Religion: No religion: Free Thinker; measures: Value","Religion: No religion: Heavy Metal; measures: Value","Religion: No religion: Humanist; measures: Value","Religion: No religion: Jedi Knight; measures: Value","Religion: No religion: Realist; measures: Value","Religion: Religion not stated; measures: Value"
"E01011264",2011,"Leeds 011A","Total",1279,841,3,0,3,0,0,1,0,0,0,0,0,0,0,0,0,0,0,0,0,1,0,0,0,0,0,0,0,0,0,0,0,0,0,0,0,0,0,0,0,0,0,0,0,0,0,0,0,335,332,1,0,0,0,0,2,0,96
"E01011265",2011,"Leeds 009A","Total",1625,949,5,1,0,9,1,8,0,0,0,0,0,0,0,0,1,0,0,0,0,0,0,0,1,0,0,3,0,0,0,0,0,0,0,0,2,0,0,0,0,0,0,0,0,0,0,0,1,543,529,4,2,0,0,1,7,0,109
"E01011266",2011,"Leeds 008A","Total",2027,1376,5,7,4,17,8,8,0,1,0,0,0,0,0,0,0,0,0,0,0,1,0,0,0,0,0,2,0,0,0,0,0,0,0,0,2,1,0,0,0,0,0,0,0,0,0,0,1,495,490,0,0,0,0,1,4,0,107
"E01011267",2011,"Leeds 009B","Total",1496,899,3,5,1,10,5,9,0,0,1,0,0,0,0,0,0,0,0,0,0,0,0,0,0,0,0,6,0,1,0,0,0,0,0,0,0,0,0,0,0,0,0,0,0,0,0,0,1,450,445,0,0,0,0,0,5,0,114
"E01011268",2011,"Leeds 010A","Total",1394,777,2,1,0,18,0,2,0,1,0,0,0,0,0,0,0,0,0,0,0,0,0,0,0,0,0,1,0,0,0,0,0,0,0,0,0,0,0,0,0,0,0,0,0,0,0,0,0,452,442,0,2,0,0,0,8,0,142
"E01011269",2011,"Leeds 011B","Total",1552,950,5,0,2,8,4,3,0,0,0,0,0,0,0,0,0,0,0,0,0,0,0,0,1,0,1,0,0,0,0,0,0,0,0,0,0,0,0,0,0,0,0,0,0,0,0,0,1,483,471,0,1,0,0,0,11,0,97
"E01011270",2011,"Leeds 008B","Total",1616,1176,6,0,3,18,15,5,0,0,0,0,0,0,0,0,0,0,0,0,0,1,0,0,0,0,0,2,1,0,0,0,0,0,0,0,0,1,0,0,0,0,0,0,0,0,0,0,0,290,289,0,0,0,0,0,1,0,103
"E01011271",2011,"Leeds 009C","Total",2158,1424,6,3,1,21,6,8,0,0,0,0,0,0,0,0,0,0,0,1,0,2,0,0,0,0,0,0,1,0,0,0,0,0,0,0,3,0,0,0,0,0,0,0,0,1,0,0,0,520,509,2,3,0,0,0,6,0,169
"E01011272",2011,"Leeds 009D","Total",1521,1008,3,0,5,10,0,5,0,0,0,0,0,0,0,0,0,0,0,0,0,0,0,0,0,0,0,5,0,0,0,0,0,0,0,0,0,0,0,0,0,0,0,0,0,0,0,0,0,398,396,0,1,0,0,1,0,0,92
"E01011273",2011,"Leeds 010B","Total",1487,903,3,0,1,6,0,5,0,0,0,0,0,0,0,0,0,0,0,0,0,0,0,0,0,0,0,2,0,0,0,0,0,0,0,0,0,2,0,0,0,0,0,0,0,1,0,0,0,468,461,2,1,0,0,1,3,0,101
"E01011274",2011,"Leeds 010C","Total",1488,850,2,2,1,2,1,9,0,0,0,0,0,0,0,0,0,0,0,0,0,2,0,0,0,0,0,4,0,0,0,0,1,0,0,0,0,2,0,0,0,0,0,0,0,0,0,0,0,491,480,5,0,0,0,1,5,0,130
"E01011275",2011,"Leeds 010D","Total",1350,854,1,5,1,1,0,4,0,0,0,0,0,0,0,0,0,0,0,0,0,0,0,0,0,0,0,1,0,0,0,0,1,0,0,0,0,1,0,0,0,0,0,0,0,1,0,0,0,391,390,0,1,0,0,0,0,0,93
"E01011276",2011,"Leeds 011C","Total",1384,852,9,0,2,17,0,5,0,0,0,0,0,0,0,0,0,0,0,0,0,3,0,0,0,0,0,0,0,1,0,0,0,0,0,0,0,1,0,0,0,0,0,0,0,0,0,0,0,420,417,0,0,0,0,1,2,0,79
"E01011277",2011,"Leeds 014A","Total",1511,943,3,5,1,13,12,4,0,0,0,0,0,0,0,0,2,0,0,0,0,0,0,0,0,0,0,2,0,0,0,0,0,0,0,0,0,0,0,0,0,0,0,0,0,0,0,0,0,455,448,1,0,0,0,2,4,0,75
"E01011278",2011,"Leeds 014B","Total",1631,1013,1,0,3,9,18,5,0,0,0,0,0,0,0,0,0,0,0,0,0,1,0,0,0,0,0,0,0,0,0,0,0,0,0,0,0,2,0,0,0,0,0,0,0,1,0,0,1,475,460,2,2,0,2,2,7,0,107
"E01011279",2011,"Leeds 008C","Total",1312,886,0,4,2,1,4,9,0,0,0,0,0,0,0,0,0,0,0,0,0,2,0,0,0,0,0,6,0,0,0,0,0,0,0,0,0,0,1,0,0,0,0,0,0,0,0,0,0,333,325,1,0,0,1,1,5,0,73
"E01011280",2011,"Leeds 008D","Total",1757,1152,0,0,0,13,1,4,0,0,0,0,0,0,0,0,0,0,0,0,0,0,0,0,0,0,0,0,0,0,0,0,0,0,0,0,0,3,0,0,0,0,0,0,0,1,0,0,0,462,454,2,0,0,0,0,6,0,125
"E01011281",2011,"Leeds 059A","Total",1878,987,11,15,2,64,31,5,0,0,0,0,0,0,0,0,0,0,0,0,0,0,0,0,0,0,0,2,0,0,0,0,0,1,0,0,2,0,0,0,0,0,0,0,0,0,0,0,0,637,614,0,4,0,1,2,16,0,126
"E01011282",2011,"Leeds 059B","Total",1378,769,5,5,2,8,3,7,0,0,0,1,0,0,0,0,1,0,0,0,0,0,0,0,0,0,0,1,0,0,0,0,0,0,0,0,1,0,0,0,0,0,0,0,0,2,1,0,0,471,464,1,2,0,0,0,4,0,108
"E01011283",2011,"Leeds 059C","Total",1331,676,8,3,1,19,7,5,0,0,0,0,0,0,0,0,1,0,0,0,0,0,0,0,0,0,0,0,0,2,0,0,0,0,0,0,0,0,0,0,0,0,0,0,0,1,0,0,1,531,523,0,2,0,0,4,2,0,81
"E01011284",2011,"Leeds 071A","Total",1751,793,7,6,1,62,4,17,0,0,0,0,0,0,0,0,0,0,0,0,2,0,0,0,0,0,0,8,0,0,0,0,0,0,0,0,0,3,0,0,0,0,0,0,0,0,0,0,4,749,739,0,2,0,0,1,7,0,112
"E01011286",2011,"Leeds 059D","Total",1244,698,5,26,0,17,13,4,0,0,0,0,0,0,0,0,0,0,0,0,0,0,0,0,0,0,0,3,0,1,0,0,0,0,0,0,0,0,0,0,0,0,0,0,0,0,0,0,0,382,375,0,0,0,0,1,6,0,99
"E01011287",2011,"Leeds 067B","Total",1320,768,1,7,1,23,4,3,0,0,0,0,0,0,0,0,2,0,0,0,0,0,0,0,0,0,0,1,0,0,0,0,0,0,0,0,0,0,0,0,0,0,0,0,0,0,0,0,0,437,425,2,1,0,0,0,9,0,76
"E01011292",2011,"Leeds 071B","Total",1619,787,1,21,3,213,33,4,0,0,0,0,0,0,0,0,1,0,0,0,0,0,0,0,0,0,0,1,0,0,0,0,0,0,0,0,0,1,0,0,0,0,0,0,0,1,0,0,0,439,430,0,2,0,0,0,7,0,118
"E01011293",2011,"Leeds 071C","Total",1720,833,9,22,3,284,22,8,0,0,0,0,0,0,0,0,0,0,0,4,0,0,0,0,0,0,0,1,0,1,0,0,0,0,0,0,0,0,0,0,0,0,0,0,0,2,0,0,0,434,425,1,4,0,0,1,3,0,105
"E01011294",2011,"Leeds 071D","Total",1518,716,10,1,4,185,17,4,0,0,1,0,0,0,0,0,0,0,0,0,1,0,0,0,0,0,0,0,0,1,0,0,0,0,0,0,0,1,0,0,0,0,0,0,0,0,0,0,0,498,486,0,1,0,0,1,10,0,83
"E01011295",2011,"Leeds 059E","Total",1526,752,4,2,0,23,0,7,0,0,0,0,0,0,0,0,0,0,0,0,0,0,0,0,0,0,0,3,0,1,0,0,0,0,0,0,0,1,0,0,0,0,0,0,0,1,1,0,0,641,637,1,1,0,0,0,2,0,97
"E01011296",2011,"Leeds 030A","Total",1678,1281,1,0,0,6,0,2,0,0,0,0,0,0,0,0,0,0,0,0,0,1,0,0,0,0,0,0,0,0,0,0,0,0,0,0,0,0,0,0,0,0,0,0,0,0,0,0,1,269,267,0,0,0,0,0,2,0,119
"E01011297",2011,"Leeds 030B","Total",1585,1133,1,0,0,8,17,8,0,0,0,0,0,0,0,0,0,0,0,0,0,0,0,0,0,0,0,7,0,0,0,0,0,0,0,0,0,1,0,0,0,0,0,0,0,0,0,0,0,346,342,1,0,0,0,1,2,0,72
"E01011298",2011,"Leeds 088A","Total",1538,972,0,0,1,1,7,12,0,0,0,0,0,0,0,0,0,0,0,0,0,0,0,0,0,0,0,6,0,0,0,0,1,0,0,0,1,3,1,0,0,0,0,0,0,0,0,0,0,436,429,1,0,0,0,0,6,0,109
"E01011299",2011,"Leeds 088B","Total",2238,1491,1,0,0,14,0,6,0,0,0,0,0,0,0,0,0,0,0,0,0,1,0,0,0,0,0,3,0,0,0,0,0,0,0,0,0,2,0,0,0,0,0,0,0,0,0,0,0,589,586,0,2,0,0,0,1,0,137
"E01011300",2011,"Leeds 089A","Total",1469,926,4,1,5,13,1,5,0,0,0,0,0,0,0,0,0,0,0,0,0,0,0,0,1,0,0,2,0,0,0,0,0,0,0,0,1,0,0,0,0,0,0,0,0,1,0,0,0,395,387,1,0,0,0,0,7,0,119
"E01011301",2011,"Leeds 089B","Total",1336,987,0,0,1,7,0,4,0,0,0,0,0,0,0,0,0,0,0,1,0,0,0,0,0,0,0,0,1,0,0,0,0,0,0,0,0,2,0,0,0,0,0,0,0,0,0,0,0,270,268,0,0,0,0,0,2,0,67
"E01011302",2011,"Leeds 088C","Total",1406,1087,0,0,3,5,0,2,0,0,0,0,0,0,0,0,0,0,0,0,0,1,0,0,0,0,0,0,0,0,0,0,0,0,0,0,0,0,0,0,0,0,0,0,0,1,0,0,0,230,219,2,1,0,0,0,7,1,79
"E01011303",2011,"Leeds 088D","Total",1145,791,0,0,0,2,4,4,0,0,0,0,0,0,0,0,0,0,0,0,0,0,0,0,0,0,0,1,0,0,0,0,0,0,0,0,1,2,0,0,0,0,0,0,0,0,0,0,0,261,261,0,0,0,0,0,0,0,83
"E01011304",2011,"Leeds 089C","Total",1591,1026,5,3,5,7,1,1,0,0,0,0,0,0,0,0,0,0,0,0,0,0,0,0,0,0,0,1,0,0,0,0,0,0,0,0,0,0,0,0,0,0,0,0,0,0,0,0,0,430,424,2,2,0,0,0,2,0,113
"E01011305",2011,"Leeds 089D","Total",1496,955,0,3,0,5,6,1,0,0,0,0,0,0,0,0,0,0,0,0,0,0,0,0,0,0,0,1,0,0,0,0,0,0,0,0,0,0,0,0,0,0,0,0,0,0,0,0,0,416,410,1,2,0,0,0,3,0,110
"E01011306",2011,"Leeds 089E","Total",1342,889,2,0,1,2,8,1,0,0,0,0,0,0,0,0,0,0,0,0,0,0,0,0,0,0,0,0,0,0,0,0,0,0,0,0,0,1,0,0,0,0,0,0,0,0,0,0,0,342,339,0,0,0,0,0,3,0,97
"E01011307",2011,"Leeds 103A","Total",1526,1039,0,0,0,0,2,3,0,0,0,0,0,0,0,0,0,0,0,0,0,0,0,0,0,0,0,0,0,0,0,0,0,0,0,0,0,3,0,0,0,0,0,0,0,0,0,0,0,384,379,0,2,0,0,0,3,0,98
"E01011308",2011,"Leeds 103B","Total",1528,1100,5,0,4,3,0,3,0,0,0,0,0,0,0,0,0,0,0,0,0,0,0,0,0,0,2,0,0,0,0,0,0,0,0,0,1,0,0,0,0,0,0,0,0,0,0,0,0,307,303,1,0,0,0,0,3,0,106
"E01011309",2011,"Leeds 030C","Total",1507,1105,0,0,1,12,5,2,0,0,0,0,0,0,0,0,0,0,0,0,0,1,0,0,0,0,0,0,0,0,0,0,0,0,0,0,0,1,0,0,0,0,0,0,0,0,0,0,0,287,283,0,0,0,2,0,2,0,95
"E01011310",2011,"Leeds 030D","Total",1623,1156,1,0,18,5,25,4,0,0,0,0,0,0,0,0,1,0,0,0,0,0,0,0,0,0,0,1,0,0,0,0,0,0,0,0,0,1,0,0,0,0,0,0,0,0,0,0,1,322,319,0,1,0,0,1,1,0,92
"E01011311",2011,"Leeds 022A","Total",1217,772,1,21,99,17,65,3,0,0,0,0,0,0,0,0,0,0,0,0,0,0,0,0,0,0,0,1,0,0,0,0,1,0,0,0,0,0,0,0,0,0,0,0,0,0,0,0,1,156,151,1,0,0,0,0,4,0,83
"E01011312",2011,"Leeds 086A","Total",1599,534,1,24,3,645,18,4,0,0,0,0,0,0,0,0,0,0,0,0,0,0,0,0,0,0,0,3,0,1,0,0,0,0,0,0,0,0,0,0,0,0,0,0,0,0,0,0,0,277,273,0,1,0,1,0,2,0,93
"E01011313",2011,"Leeds 091A","Total",1595,828,7,5,0,166,9,4,0,0,0,0,0,0,0,0,1,0,0,0,0,0,0,0,0,0,0,1,0,0,0,0,0,0,0,0,0,0,0,0,0,0,0,0,0,2,0,0,0,487,479,1,2,0,0,0,5,0,89
"E01011314",2011,"Leeds 091B","Total",1472,731,6,8,0,184,14,12,0,0,0,0,0,0,0,0,0,0,0,0,0,2,0,0,0,0,1,4,0,0,0,0,0,0,0,0,1,2,1,0,0,0,0,0,0,0,0,0,1,419,412,0,2,0,0,0,5,0,98
"E01011315",2011,"Leeds 090A","Total",1552,908,6,5,2,104,18,6,0,0,0,0,0,0,0,0,0,0,0,0,0,0,0,0,0,0,0,5,0,0,0,0,0,0,0,0,1,0,0,0,0,0,0,0,0,0,0,0,0,412,403,2,3,0,0,0,4,0,91
"E01011316",2011,"Leeds 086B","Total",1657,590,13,8,9,486,22,4,0,0,0,0,0,0,0,0,0,0,0,0,0,0,0,0,0,0,0,3,0,0,0,0,0,0,0,0,0,0,0,0,0,0,0,1,0,0,0,0,0,398,385,0,0,0,0,2,11,0,127
"E01011317",2011,"Leeds 090B","Total",1705,987,5,2,1,68,11,6,0,0,0,0,0,0,0,0,1,0,0,0,0,0,0,0,0,0,0,1,0,0,0,0,0,0,0,0,0,4,0,0,0,0,0,0,0,0,0,0,0,510,507,1,1,0,0,0,1,0,115
"E01011318",2011,"Leeds 090C","Total",1470,744,3,3,3,78,5,4,0,0,0,0,0,0,0,0,0,0,0,0,0,1,0,0,0,0,0,2,0,0,0,0,0,0,0,0,0,1,0,0,0,0,0,0,0,0,0,0,0,517,511,0,0,0,2,0,4,0,113
"E01011319",2011,"Leeds 091C","Total",1568,772,9,18,0,261,50,2,0,0,0,0,0,0,0,0,0,0,0,0,0,0,0,0,0,0,0,1,0,0,0,0,0,0,0,0,0,0,0,0,0,0,0,0,0,1,0,0,0,347,343,0,0,0,0,1,3,0,109
"E01011320",2011,"Leeds 091D","Total",1674,964,9,13,3,181,35,2,0,0,0,0,0,0,0,0,0,0,0,0,0,0,0,0,0,0,0,2,0,0,0,0,0,0,0,0,0,0,0,0,0,0,0,0,0,0,0,0,0,360,357,0,0,0,0,0,3,0,107
"E01011321",2011,"Leeds 090D","Total",1544,801,4,3,0,95,5,5,0,0,0,0,0,0,0,0,0,0,0,0,1,0,0,0,0,0,0,1,0,1,0,0,0,0,0,0,0,2,0,0,0,0,0,0,0,0,0,0,0,502,499,0,0,0,0,0,3,0,129
"E01011322",2011,"Leeds 091E","Total",1544,942,1,8,3,64,22,5,0,0,0,0,0,0,0,0,0,0,0,0,0,1,0,0,0,0,0,3,0,1,0,0,0,0,0,0,0,0,0,0,0,0,0,0,0,0,0,0,0,409,405,1,2,0,0,0,1,0,90
"E01011323",2011,"Leeds 051A","Total",1267,810,2,5,0,6,0,4,0,1,0,0,0,0,0,0,0,0,0,0,0,0,0,0,0,0,0,1,0,0,0,0,0,0,0,0,0,0,0,0,0,0,0,0,0,0,0,2,0,357,352,1,0,0,0,0,4,0,83
"E01011324",2011,"Leeds 046A","Total",2251,1110,9,10,3,21,8,6,0,0,0,0,0,0,0,0,0,0,0,0,0,0,0,0,0,0,0,1,0,1,0,0,1,0,0,0,0,1,0,0,0,0,0,0,0,0,0,0,2,931,896,1,3,0,2,0,29,0,153
"E01011325",2011,"Leeds 046B","Total",1436,756,2,15,1,23,2,13,0,0,0,0,0,0,0,0,0,0,0,0,0,0,0,0,0,0,0,6,0,2,0,0,0,0,0,0,0,0,0,0,0,0,0,0,0,5,0,0,0,520,513,0,1,0,3,0,3,0,104
"E01011326",2011,"Leeds 046C","Total",1359,674,4,1,2,13,7,2,0,0,0,0,0,0,0,0,0,0,0,0,0,0,0,0,0,0,0,0,0,0,0,0,0,0,0,0,0,2,0,0,0,0,0,0,0,0,0,0,0,564,556,0,0,0,0,1,7,0,92
"E01011327",2011,"Leeds 052A","Total",1325,726,3,10,9,7,0,3,0,0,0,0,0,0,0,0,0,0,0,0,0,0,0,0,0,0,0,0,0,0,0,0,0,0,0,0,1,1,1,0,0,0,0,0,0,0,0,0,0,475,473,0,0,0,0,0,2,0,92
"E01011328",2011,"Leeds 052B","Total",1491,889,0,0,3,9,0,4,0,0,0,0,0,0,0,0,0,0,0,0,0,1,0,0,0,0,0,2,0,0,0,0,0,0,0,0,0,0,0,0,0,0,0,0,0,0,0,0,1,508,498,1,0,0,0,0,9,0,78
"E01011329",2011,"Leeds 051B","Total",1486,920,3,1,2,3,0,3,0,0,0,0,0,0,0,0,0,0,0,0,0,0,0,0,0,0,0,3,0,0,0,0,0,0,0,0,0,0,0,0,0,0,0,0,0,0,0,0,0,448,437,1,1,0,0,0,9,0,106
"E01011330",2011,"Leeds 051C","Total",1254,696,1,7,0,7,8,0,0,0,0,0,0,0,0,0,0,0,0,0,0,0,0,0,0,0,0,0,0,0,0,0,0,0,0,0,0,0,0,0,0,0,0,0,0,0,0,0,0,426,421,1,0,0,0,0,4,0,109
"E01011331",2011,"Leeds 058A","Total",1238,714,7,0,4,6,0,5,0,0,0,0,0,0,0,0,0,0,0,0,0,0,0,0,0,0,0,2,0,0,0,1,0,0,0,0,0,0,0,0,0,0,0,0,0,1,0,0,1,432,418,0,1,0,2,0,11,0,70
"E01011332",2011,"Leeds 046D","Total",1340,693,3,3,3,24,4,5,0,0,0,0,0,0,0,0,0,0,0,0,4,0,0,0,0,0,0,0,0,1,0,0,0,0,0,0,0,0,0,0,0,0,0,0,0,0,0,0,0,517,510,2,1,0,0,0,4,0,88
"E01011333",2011,"Leeds 051D","Total",1263,735,4,0,0,6,4,1,0,0,0,0,0,0,0,0,0,0,0,0,0,0,0,0,0,0,0,0,0,0,0,0,0,0,0,0,1,0,0,0,0,0,0,0,0,0,0,0,0,437,433,0,1,0,0,0,3,0,76
"E01011334",2011,"Leeds 058B","Total",1293,704,1,6,0,3,0,10,0,0,0,0,0,0,0,0,0,0,0,0,0,0,0,0,0,0,0,6,0,0,0,0,0,0,0,0,0,1,0,0,0,0,0,0,0,3,0,0,0,484,470,1,2,0,0,0,11,0,85
"E01011335",2011,"Leeds 052C","Total",1671,995,8,11,2,12,10,5,0,1,0,0,0,0,0,0,0,0,0,0,0,0,0,0,0,0,0,1,0,0,0,0,0,0,0,0,0,0,1,0,0,0,0,0,0,2,0,0,0,543,529,0,0,0,0,0,13,1,85
"E01011336",2011,"Leeds 058C","Total",1525,862,2,1,1,8,0,8,0,0,0,0,0,0,0,0,0,0,0,0,0,2,0,1,0,0,0,3,0,0,0,0,0,0,0,0,1,0,0,0,0,0,0,0,0,0,0,0,1,544,540,0,0,0,0,0,4,0,99
"E01011337",2011,"Leeds 058D","Total",1399,577,9,4,3,27,4,5,0,0,0,0,0,0,0,0,0,0,0,0,0,2,0,0,0,0,0,0,1,1,0,0,0,0,0,0,0,1,0,0,0,0,0,0,0,0,0,0,0,689,686,0,0,0,0,1,2,0,81
"E01011338",2011,"Leeds 064A","Total",1671,880,16,16,3,355,1,0,0,0,0,0,0,0,0,0,0,0,0,0,0,0,0,0,0,0,0,0,0,0,0,0,0,0,0,0,0,0,0,0,0,0,0,0,0,0,0,0,0,268,267,0,0,0,0,0,1,0,132
"E01011339",2011,"Leeds 060A","Total",1783,1119,9,12,6,139,15,0,0,0,0,0,0,0,0,0,0,0,0,0,0,0,0,0,0,0,0,0,0,0,0,0,0,0,0,0,0,0,0,0,0,0,0,0,0,0,0,0,0,366,361,1,2,0,0,0,2,0,117
"E01011340",2011,"Leeds 060B","Total",1616,1007,5,1,1,105,17,2,0,0,0,0,0,0,0,0,0,0,0,0,0,0,0,0,0,0,0,1,0,0,0,0,0,0,0,0,0,1,0,0,0,0,0,0,0,0,0,0,0,368,366,0,0,0,0,0,2,0,110
"E01011341",2011,"Leeds 061A","Total",1484,967,9,1,2,16,3,6,0,0,0,0,0,0,0,0,0,0,0,1,0,0,0,0,0,0,0,4,0,0,0,0,0,0,0,0,0,1,0,0,0,0,0,0,0,0,0,0,0,381,374,0,1,0,0,1,5,0,99
"E01011342",2011,"Leeds 060C","Total",1410,839,3,4,1,51,3,3,0,0,0,0,0,0,0,0,0,0,0,0,0,0,0,0,0,0,0,0,0,0,0,0,0,0,0,0,0,1,0,0,0,0,0,0,0,2,0,0,0,404,403,0,1,0,0,0,0,0,102
"E01011343",2011,"Leeds 061B","Total",1663,1034,7,2,7,23,4,2,0,0,0,0,0,0,0,0,0,0,0,0,0,0,0,0,0,0,0,1,0,0,0,0,0,0,0,0,0,0,0,0,0,0,0,0,0,0,0,0,1,492,489,1,0,0,0,0,2,0,92
"E01011344",2011,"Leeds 065A","Total",1764,924,7,13,0,158,24,6,0,1,1,0,0,0,0,0,0,0,0,0,0,0,0,0,0,0,0,3,0,1,0,0,0,0,0,0,0,0,0,0,0,0,0,0,0,0,0,0,0,489,487,0,0,0,0,0,2,0,143
"E01011345",2011,"Leeds 061C","Total",1418,844,2,4,4,19,0,6,0,0,0,0,0,0,0,0,0,0,0,0,0,2,0,0,0,0,0,2,0,0,0,0,0,0,0,0,1,0,0,0,0,0,0,0,0,1,0,0,0,439,430,2,1,0,0,0,6,0,100
"E01011346",2011,"Leeds 060D","Total",1791,1134,6,0,1,56,6,10,0,0,0,0,2,0,0,0,0,0,0,0,0,1,0,0,0,0,0,2,0,0,0,0,1,0,0,0,0,0,0,0,0,0,0,0,0,4,0,0,0,420,415,1,1,0,0,0,3,0,158
"E01011347",2011,"Leeds 065B","Total",1671,906,10,16,0,134,1,7,0,0,0,0,0,0,0,0,1,0,0,0,0,0,0,0,0,0,0,2,0,0,0,0,0,0,0,0,4,0,0,0,0,0,0,0,0,0,0,0,0,479,475,0,0,0,0,0,4,0,118
"E01011348",2011,"Leeds 065C","Total",1622,852,12,15,1,183,17,1,0,0,0,0,0,0,0,0,1,0,0,0,0,0,0,0,0,0,0,0,0,0,0,0,0,0,0,0,0,0,0,0,0,0,0,0,0,0,0,0,0,430,429,1,0,0,0,0,0,0,111
"E01011349",2011,"Leeds 065D","Total",1716,1072,5,3,0,181,5,4,0,0,0,0,0,0,0,0,0,0,0,0,0,0,0,0,0,0,0,2,0,0,0,0,0,0,0,1,0,0,0,0,0,0,0,0,0,0,0,0,1,328,322,1,0,0,0,0,5,0,118
"E01011350",2011,"Leeds 034A","Total",1625,895,10,24,32,67,111,1,0,0,0,0,0,0,0,0,0,0,0,0,0,0,0,0,0,0,0,0,0,0,0,0,0,0,0,0,1,0,0,0,0,0,0,0,0,0,0,0,0,392,389,0,0,0,0,0,3,0,93
"E01011351",2011,"Leeds 034B","Total",1696,818,13,11,25,26,23,2,0,0,0,0,0,0,0,0,0,0,0,0,0,1,0,0,0,0,0,0,0,0,0,0,0,0,0,0,0,0,0,0,0,0,0,0,0,0,0,0,1,686,670,3,2,0,0,0,11,0,92
"E01011352",2011,"Leeds 034C","Total",1790,832,11,7,21,58,26,7,0,0,0,0,0,0,0,0,0,0,0,0,0,2,0,0,0,0,0,0,0,0,0,0,0,0,0,0,2,0,0,0,0,0,0,0,0,0,0,0,3,702,684,4,5,0,0,0,9,0,126
"E01011353",2011,"Leeds 034D","Total",1865,874,4,19,15,44,69,5,0,0,0,0,0,0,0,0,0,0,0,0,0,1,0,0,0,0,0,2,0,0,1,0,0,0,0,0,1,0,0,0,0,0,0,0,0,0,0,0,0,710,693,1,0,0,0,3,13,0,125
"E01011354",2011,"Leeds 038A","Total",1397,767,5,0,1,72,1,12,0,0,0,0,0,0,0,0,0,0,0,0,0,0,0,0,1,0,0,3,0,3,0,0,0,0,0,0,1,0,0,0,0,0,0,0,0,3,0,0,1,428,417,0,1,0,0,0,10,0,111
"E01011355",2011,"Leeds 038B","Total",1378,710,5,13,4,72,2,5,0,0,0,0,0,0,0,0,0,0,0,0,0,0,0,0,0,0,0,3,0,0,0,0,0,0,0,0,0,0,0,0,0,0,0,0,0,1,0,0,1,477,470,0,0,0,1,1,5,0,90
"E01011356",2011,"Leeds 042A","Total",1926,754,13,19,7,154,252,20,0,1,0,0,0,0,0,1,0,0,0,0,0,2,0,0,2,0,0,5,1,5,0,0,0,0,0,0,3,0,0,0,0,0,0,0,0,0,0,0,0,570,556,0,4,0,0,1,9,0,137
"E01011357",2011,"Leeds 038C","Total",1914,920,21,14,2,305,76,13,0,0,0,0,0,0,0,0,0,0,0,0,1,2,0,0,0,0,1,1,0,1,0,0,0,0,0,0,2,2,0,0,0,0,0,0,0,0,0,0,3,398,392,1,1,0,0,1,3,0,165
"E01011358",2011,"Leeds 042B","Total",1453,767,10,5,3,106,80,10,0,0,0,0,0,0,0,0,0,0,0,0,0,1,0,0,0,0,0,6,0,1,2,0,0,0,0,0,0,0,0,0,0,0,0,0,0,0,0,0,0,376,372,0,1,0,0,1,2,0,96
"E01011359",2011,"Leeds 042C","Total",1682,625,8,14,9,335,68,8,0,0,0,0,0,0,0,0,0,0,0,0,0,1,0,0,0,0,0,1,0,2,0,0,0,0,0,0,1,0,0,0,0,0,0,0,0,0,0,0,3,487,470,1,2,0,0,1,13,0,128
"E01011360",2011,"Leeds 042D","Total",2075,680,21,29,1,835,80,9,0,0,0,0,0,0,0,0,0,0,0,0,0,5,0,0,0,0,0,0,0,3,0,0,0,0,0,0,0,0,0,0,0,0,0,0,0,1,0,0,0,223,221,0,0,0,0,0,2,0,197
"E01011361",2011,"Leeds 042E","Total",2478,1209,15,17,2,604,38,27,0,2,0,0,0,0,0,0,0,0,1,0,0,0,0,0,0,0,0,1,0,8,0,0,0,0,0,0,1,0,0,0,0,4,0,0,0,0,0,0,10,370,360,1,3,0,0,0,6,0,196
"E01011362",2011,"Leeds 081A","Total",1820,888,4,23,3,120,5,10,0,0,0,0,0,0,0,0,0,0,0,1,0,0,0,0,1,0,0,2,0,3,0,0,0,0,0,0,1,0,0,0,0,0,0,0,0,1,0,0,1,642,629,3,5,0,0,0,5,0,125
"E01011363",2011,"Leeds 071E","Total",1614,871,4,13,6,83,4,3,0,0,0,0,0,0,0,0,0,0,0,0,0,0,0,0,0,0,0,1,0,0,0,0,0,0,0,0,0,2,0,0,0,0,0,0,0,0,0,0,0,470,470,0,0,0,0,0,0,0,160
"E01011364",2011,"Leeds 085A","Total",1631,749,4,20,3,190,12,4,0,0,0,0,0,0,0,0,0,0,0,0,0,0,0,0,0,0,0,2,0,0,0,0,0,0,1,0,0,1,0,0,0,0,0,0,0,0,0,0,0,556,541,1,0,0,0,0,14,0,93
"E01011366",2011,"Leeds 082A","Total",1588,763,11,27,2,213,11,3,0,0,0,0,0,0,0,0,0,0,0,0,0,0,0,0,0,0,0,0,0,0,0,0,0,0,0,0,0,1,0,0,0,0,0,0,0,0,0,0,2,450,444,0,0,0,0,0,6,0,108
"E01011368",2011,"Leeds 082C","Total",1275,600,2,10,0,170,8,6,0,0,0,0,0,0,0,0,0,0,0,0,0,1,0,1,0,0,0,0,0,2,0,0,0,0,0,0,1,1,0,0,0,0,0,0,0,0,0,0,0,386,386,0,0,0,0,0,0,0,93
"E01011369",2011,"Leeds 090E","Total",1561,1014,1,1,1,44,19,2,0,0,0,0,0,0,0,1,0,0,0,0,0,0,0,0,0,0,0,0,0,0,0,0,0,0,0,0,0,1,0,0,0,0,0,0,0,0,0,0,0,391,386,0,1,0,0,0,4,0,88
"E01011370",2011,"Leeds 082D","Total",1724,746,3,23,2,379,21,4,0,0,0,0,0,0,0,0,0,0,0,0,0,0,0,0,0,0,0,2,0,0,0,0,0,2,0,0,0,0,0,0,0,0,0,0,0,0,0,0,0,388,381,0,1,0,0,0,6,0,158
"E01011371",2011,"Leeds 085B","Total",1460,759,1,15,0,240,7,3,0,0,1,0,0,0,0,0,0,0,0,0,0,0,0,0,0,0,0,0,0,0,0,0,0,1,0,0,0,1,0,0,0,0,0,0,0,0,0,0,0,289,280,1,2,0,0,2,4,0,146
"E01011372",2011,"Leeds 086C","Total",1380,424,2,22,0,632,20,4,0,0,0,0,0,0,0,0,1,0,0,0,0,0,0,0,0,0,0,0,0,0,0,0,3,0,0,0,0,0,0,0,0,0,0,0,0,0,0,0,0,203,194,0,3,0,0,0,6,0,73
"E01011373",2011,"Leeds 085C","Total",1439,667,4,6,1,340,13,1,0,0,0,0,0,0,0,0,0,0,0,0,0,0,0,0,0,0,0,0,0,0,0,0,0,0,0,0,0,1,0,0,0,0,0,0,0,0,0,0,0,326,324,0,0,0,0,0,2,0,81
"E01011374",2011,"Leeds 085D","Total",1195,650,6,11,2,40,9,8,0,0,2,0,0,0,0,0,0,0,0,0,0,2,0,0,0,0,0,2,0,0,0,0,0,0,0,0,0,0,0,0,0,0,0,0,0,2,0,0,0,403,395,0,0,0,0,2,6,0,66
"E01011375",2011,"Leeds 086D","Total",1847,542,7,6,2,859,15,6,0,1,1,0,0,0,0,0,0,0,0,0,2,0,0,0,0,0,0,2,0,0,0,0,0,0,0,0,0,0,0,0,0,0,0,0,0,0,0,0,0,285,278,0,1,0,1,2,3,0,125
"E01011376",2011,"Leeds 013A","Total",1516,1068,2,7,3,1,3,6,0,0,0,0,0,0,0,0,0,0,0,0,0,1,0,0,0,0,0,1,0,0,0,0,0,0,0,0,0,0,0,2,0,0,0,1,0,1,0,0,0,315,310,0,0,0,0,0,5,0,111
"E01011377",2011,"Leeds 013B","Total",1386,979,2,6,3,25,13,2,0,0,0,0,0,0,0,0,0,0,0,0,0,0,0,0,0,0,0,1,0,0,0,0,0,0,0,0,0,0,0,0,0,0,0,0,0,0,0,0,1,283,278,0,3,0,0,0,2,0,73
"E01011378",2011,"Leeds 013C","Total",1394,741,5,3,1,130,8,7,0,0,0,0,0,0,0,0,0,0,0,1,0,1,0,0,0,0,0,2,0,0,0,0,0,0,0,0,1,0,0,0,0,0,0,0,0,1,1,0,0,415,414,0,0,0,0,0,1,0,84
"E01011379",2011,"Leeds 017A","Total",1482,874,5,5,6,84,9,1,0,0,0,0,0,0,0,0,0,0,0,0,0,0,0,0,0,0,0,0,0,0,0,0,0,0,0,0,0,1,0,0,0,0,0,0,0,0,0,0,0,383,372,3,1,0,0,2,5,0,115
"E01011380",2011,"Leeds 016A","Total",1523,990,1,41,24,48,13,3,0,0,0,0,0,0,0,0,0,0,0,0,1,0,0,0,0,0,0,1,0,0,0,0,0,0,0,0,0,1,0,0,0,0,0,0,0,0,0,0,0,289,277,1,0,3,0,1,7,0,114
"E01011381",2011,"Leeds 016B","Total",1312,750,5,33,2,141,39,3,0,0,0,0,0,0,0,0,0,0,0,0,0,0,0,0,0,0,0,0,1,0,0,0,0,0,0,0,1,0,0,0,0,0,0,0,0,1,0,0,0,247,241,0,3,0,0,0,3,0,92
"E01011382",2011,"Leeds 013D","Total",1456,1000,0,1,3,18,13,4,0,0,0,0,0,0,0,0,2,0,0,0,0,1,0,0,0,0,0,1,0,0,0,0,0,0,0,0,0,0,0,0,0,0,0,0,0,0,0,0,0,335,333,1,0,0,0,0,1,0,82
"E01011383",2011,"Leeds 019A","Total",1566,927,11,17,4,138,33,0,0,0,0,0,0,0,0,0,0,0,0,0,0,0,0,0,0,0,0,0,0,0,0,0,0,0,0,0,0,0,0,0,0,0,0,0,0,0,0,0,0,331,325,2,1,0,0,0,3,0,105
"E01011384",2011,"Leeds 017B","Total",1485,929,3,2,0,41,4,2,0,0,0,0,0,0,0,0,0,0,0,0,0,0,0,0,0,0,0,0,0,0,0,0,0,0,0,0,1,0,0,0,0,0,0,0,0,1,0,0,0,391,384,1,2,0,0,0,4,0,113
"E01011385",2011,"Leeds 016C","Total",1249,750,12,64,11,67,27,0,0,0,0,0,0,0,0,0,0,0,0,0,0,0,0,0,0,0,0,0,0,0,0,0,0,0,0,0,0,0,0,0,0,0,0,0,0,0,0,0,0,238,233,1,2,0,0,0,2,0,80
"E01011386",2011,"Leeds 016D","Total",1419,824,10,49,11,76,38,1,0,0,0,0,0,0,0,0,0,0,0,0,0,0,0,0,0,0,0,1,0,0,0,0,0,0,0,0,0,0,0,0,0,0,0,0,0,0,0,0,0,327,313,0,0,0,0,10,4,0,83
"E01011388",2011,"Leeds 019B","Total",1407,897,6,8,3,90,11,4,0,0,0,0,0,0,0,0,0,0,0,1,0,0,0,0,0,0,0,3,0,0,0,0,0,0,0,0,0,0,0,0,0,0,0,0,0,0,0,0,0,276,273,0,0,0,0,0,3,0,112
"E01011390",2011,"Leeds 087A","Total",1443,961,1,0,3,2,5,5,0,0,0,0,0,0,0,0,0,0,0,0,0,0,0,0,0,0,0,2,0,0,0,0,0,0,0,0,0,3,0,0,0,0,0,0,0,0,0,0,0,372,371,1,0,0,0,0,0,0,94
"E01011391",2011,"Leeds 087B","Total",1645,1235,1,7,1,9,0,3,0,0,0,0,0,0,0,0,0,0,0,0,0,0,0,0,0,0,0,0,0,0,0,0,0,0,0,0,0,2,0,0,0,0,0,0,0,1,0,0,0,281,277,1,0,0,0,0,3,0,108
"E01011392",2011,"Leeds 087C","Total",1463,1085,0,0,1,6,0,6,1,0,0,0,0,0,0,0,0,0,0,0,0,1,0,0,0,0,0,0,1,0,0,0,0,0,0,0,0,2,1,0,0,0,0,0,0,0,0,0,0,265,261,0,2,0,0,0,2,0,100
"E01011393",2011,"Leeds 103C","Total",1725,1206,2,4,8,12,0,3,0,0,0,0,0,0,0,0,0,0,0,0,0,0,0,0,0,0,0,0,0,0,0,1,0,0,0,0,1,1,0,0,0,0,0,0,0,0,0,0,0,351,344,3,0,0,0,0,4,0,139
"E01011394",2011,"Leeds 103D","Total",1237,853,0,2,1,4,1,4,0,0,0,0,0,0,0,0,0,0,0,1,0,0,0,0,0,0,0,2,0,0,0,0,0,0,0,0,0,1,0,0,0,0,0,0,0,0,0,0,0,275,265,0,0,0,0,3,7,0,97
"E01011395",2011,"Leeds 103E","Total",1184,741,0,0,0,14,0,1,0,0,0,0,0,0,0,0,0,0,0,0,0,0,0,0,0,0,0,1,0,0,0,0,0,0,0,0,0,0,0,0,0,0,0,0,0,0,0,0,0,365,352,0,0,0,0,0,13,0,63
"E01011396",2011,"Leeds 074A","Total",1766,1150,6,10,1,11,1,2,0,0,0,0,0,0,0,0,0,0,0,0,0,0,0,0,0,0,1,1,0,0,0,0,0,0,0,0,0,0,0,0,0,0,0,0,0,0,0,0,0,486,482,0,0,0,0,0,4,0,99
"E01011397",2011,"Leeds 077A","Total",1506,1023,0,3,0,2,5,3,0,0,0,0,0,0,0,0,0,0,0,0,0,0,0,0,0,0,0,1,0,0,0,0,0,0,0,0,0,1,0,0,0,0,0,0,0,1,0,0,0,354,347,1,0,0,0,2,4,0,116
"E01011398",2011,"Leeds 077B","Total",1257,874,0,9,1,1,1,4,0,0,0,0,0,0,0,0,0,0,0,0,0,0,0,0,0,0,0,0,0,1,0,0,0,0,0,0,2,0,0,0,0,0,0,0,0,1,0,0,0,295,285,1,1,0,0,2,6,0,72
"E01011399",2011,"Leeds 074B","Total",1481,962,4,1,1,5,0,2,0,0,0,0,0,0,0,1,0,0,0,0,0,0,0,0,0,0,0,0,0,0,0,0,0,0,0,0,0,1,0,0,0,0,0,0,0,0,0,0,0,402,398,1,0,0,0,1,2,0,104
"E01011400",2011,"Leeds 074C","Total",1428,1010,2,0,3,6,0,2,0,0,0,0,0,0,0,0,0,0,0,0,0,0,0,0,0,0,0,0,0,0,0,0,0,0,0,0,0,2,0,0,0,0,0,0,0,0,0,0,0,322,320,1,0,0,0,0,1,0,83
"E01011401",2011,"Leeds 077C","Total",1509,1035,2,7,5,1,0,6,0,0,1,0,0,0,0,0,1,0,0,0,0,1,0,0,0,0,0,2,0,0,0,0,0,0,0,0,0,0,1,0,0,0,0,0,0,0,0,0,0,364,353,3,1,0,0,0,7,0,89
"E01011402",2011,"Leeds 087D","Total",1768,1268,1,2,1,13,0,3,0,0,0,0,0,0,0,0,0,0,0,0,0,0,0,0,0,0,0,3,0,0,0,0,0,0,0,0,0,0,0,0,0,0,0,0,0,0,0,0,0,358,353,0,1,0,0,0,4,0,122
"E01011403",2011,"Leeds 074D","Total",1396,1014,3,2,1,1,11,4,0,0,0,0,0,0,0,0,1,0,0,0,0,1,0,0,0,0,1,1,0,0,0,0,0,0,0,0,0,0,0,0,0,0,0,0,0,0,0,0,0,272,263,1,0,0,0,1,7,0,88
"E01011404",2011,"Leeds 077D","Total",1321,923,1,6,0,5,0,5,0,0,0,0,0,0,0,0,0,0,0,0,0,4,0,0,0,0,0,1,0,0,0,0,0,0,0,0,0,0,0,0,0,0,0,0,0,0,0,0,0,304,301,0,0,0,0,0,3,0,77
"E01011405",2011,"Leeds 077E","Total",1425,1075,2,0,2,1,0,2,0,0,0,0,0,0,0,0,0,0,0,0,0,1,0,0,0,0,0,0,0,0,0,0,0,0,0,0,0,1,0,0,0,0,0,0,0,0,0,0,0,259,258,0,0,0,0,0,1,0,84
"E01011406",2011,"Leeds 057A","Total",1403,1022,1,2,5,9,0,0,0,0,0,0,0,0,0,0,0,0,0,0,0,0,0,0,0,0,0,0,0,0,0,0,0,0,0,0,0,0,0,0,0,0,0,0,0,0,0,0,0,283,277,0,1,0,0,0,5,0,81
"E01011407",2011,"Leeds 057B","Total",1448,1036,2,8,3,1,6,2,0,0,0,0,0,0,0,0,0,0,0,0,0,0,0,0,0,0,0,0,0,0,0,0,0,0,0,0,1,0,0,0,0,0,0,0,0,1,0,0,0,309,307,0,0,0,0,0,2,0,81
"E01011408",2011,"Leeds 057C","Total",1451,1106,6,0,0,1,6,4,0,0,0,0,0,0,0,0,0,0,0,0,0,1,0,0,0,0,0,0,0,0,0,0,0,0,0,0,1,2,0,0,0,0,0,0,0,0,0,0,0,225,223,0,0,0,0,0,1,1,103
"E01011409",2011,"Leeds 057D","Total",1397,902,3,3,0,4,6,0,0,0,0,0,0,0,0,0,0,0,0,0,0,0,0,0,0,0,0,0,0,0,0,0,0,0,0,0,0,0,0,0,0,0,0,0,0,0,0,0,0,382,378,1,0,0,0,0,3,0,97
"E01011410",2011,"Leeds 057E","Total",1274,933,2,5,1,5,4,5,0,0,0,0,0,0,0,0,0,0,0,0,0,1,0,0,0,0,0,1,0,0,0,0,0,0,0,0,0,2,0,0,0,0,0,0,0,0,0,0,1,243,240,0,0,0,0,1,2,0,76
"E01011411",2011,"Leeds 073A","Total",1591,1076,2,5,4,15,2,7,0,0,0,0,0,0,0,0,0,0,0,0,0,2,0,0,0,0,0,2,0,0,0,0,0,0,0,0,0,2,1,0,0,0,0,0,0,0,0,0,0,363,358,1,1,0,0,0,3,0,117
"E01011412",2011,"Leeds 057F","Total",1370,1097,2,0,0,4,4,2,0,0,0,0,0,0,0,0,0,0,0,0,0,0,0,0,0,0,1,0,0,0,0,0,0,0,0,0,0,0,0,1,0,0,0,0,0,0,0,0,0,189,187,0,0,0,0,1,1,0,72
"E01011413",2011,"Leeds 069A","Total",1562,1178,0,1,2,0,0,3,0,0,0,0,0,0,0,0,0,0,0,0,0,2,0,0,0,0,0,1,0,0,0,0,0,0,0,0,0,0,0,0,0,0,0,0,0,0,0,0,0,299,292,0,2,0,0,0,5,0,79
"E01011414",2011,"Leeds 073B","Total",1484,1047,7,4,2,4,4,1,0,0,0,0,0,0,0,0,0,0,0,0,0,0,0,0,0,0,1,0,0,0,0,0,0,0,0,0,0,0,0,0,0,0,0,0,0,0,0,0,0,341,337,1,0,0,0,1,2,0,74
"E01011415",2011,"Leeds 069B","Total",1594,1060,2,3,3,2,1,5,0,0,0,0,0,0,0,0,0,0,0,0,0,0,0,0,0,0,0,1,0,0,0,0,0,0,0,0,0,4,0,0,0,0,0,0,0,0,0,0,0,431,421,0,0,0,0,2,8,0,87
"E01011416",2011,"Leeds 069C","Total",1498,1029,1,0,3,7,0,3,0,0,0,0,0,0,0,0,0,0,0,0,0,1,0,0,0,0,0,0,0,0,0,0,0,0,0,0,0,1,0,0,0,0,0,0,0,0,0,1,0,373,372,0,0,0,0,0,1,0,82
"E01011417",2011,"Leeds 069D","Total",1496,1041,0,2,6,12,0,4,0,0,0,0,0,0,0,1,0,0,0,0,0,0,0,0,0,0,0,0,0,0,0,0,0,0,0,0,0,2,0,0,0,0,0,0,0,0,0,0,1,321,313,1,1,0,0,1,5,0,110
"E01011418",2011,"Leeds 073C","Total",1476,1042,2,8,2,16,1,3,0,0,0,0,0,0,0,2,0,0,0,0,0,0,0,0,0,0,0,0,0,0,0,0,0,0,0,0,0,1,0,0,0,0,0,0,0,0,0,0,0,316,312,0,0,0,0,0,4,0,86
"E01011419",2011,"Leeds 073D","Total",1223,937,5,1,1,5,3,2,0,0,1,0,0,0,0,0,0,0,0,0,0,0,0,0,0,0,0,0,0,0,0,0,0,0,0,0,0,0,0,0,0,0,0,0,0,0,0,0,1,202,199,1,0,0,0,2,0,0,67
"E01011420",2011,"Leeds 069E","Total",1293,977,1,4,6,1,4,3,0,0,0,0,0,0,0,0,0,0,0,1,0,0,0,0,0,0,0,2,0,0,0,0,0,0,0,0,0,0,0,0,0,0,0,0,0,0,0,0,0,220,217,0,0,0,0,2,1,0,77
"E01011421",2011,"Leeds 040A","Total",1486,839,14,16,1,146,69,1,0,0,0,0,0,0,0,0,0,0,0,0,0,0,0,0,0,0,0,1,0,0,0,0,0,0,0,0,0,0,0,0,0,0,0,0,0,0,0,0,0,298,297,0,0,0,0,0,1,0,102
"E01011422",2011,"Leeds 048A","Total",1485,365,13,29,0,746,46,4,0,0,0,0,0,0,0,0,0,0,0,0,0,0,0,0,0,0,0,2,0,2,0,0,0,0,0,0,0,0,0,0,0,0,0,0,0,0,0,0,0,196,193,0,0,0,0,0,3,0,86
"E01011423",2011,"Leeds 047A","Total",1622,796,3,12,1,280,33,3,0,0,0,0,0,0,0,0,0,0,0,0,0,1,0,0,0,0,0,1,0,1,0,0,0,0,0,0,0,0,0,0,0,0,0,0,0,0,0,0,0,361,359,0,0,0,0,0,2,0,133
"E01011424",2011,"Leeds 047B","Total",1600,685,1,21,10,410,54,6,0,0,0,0,0,0,0,0,0,0,0,0,0,0,0,0,0,0,0,3,0,1,0,0,0,0,0,0,0,1,0,0,0,0,0,0,0,0,0,0,1,303,300,0,0,0,0,0,3,0,110
"E01011425",2011,"Leeds 040B","Total",1561,1028,4,16,2,89,73,2,0,0,0,0,0,0,0,0,0,0,0,0,0,0,0,0,0,0,0,0,0,0,0,0,0,0,0,0,0,2,0,0,0,0,0,0,0,0,0,0,0,261,258,1,0,0,0,0,2,0,86
"E01011426",2011,"Leeds 048B","Total",1705,312,5,7,1,1068,70,1,0,0,0,0,0,0,0,0,0,0,0,0,0,0,0,0,0,0,0,0,0,1,0,0,0,0,0,0,0,0,0,0,0,0,0,0,0,0,0,0,0,117,116,0,0,0,0,0,1,0,124
"E01011427",2011,"Leeds 047C","Total",1769,574,12,4,0,751,23,4,0,3,0,0,0,0,0,0,0,0,0,0,0,1,0,0,0,0,0,0,0,0,0,0,0,0,0,0,0,0,0,0,0,0,0,0,0,0,0,0,0,264,264,0,0,0,0,0,0,0,137
"E01011428",2011,"Leeds 048C","Total",1870,416,21,15,3,1071,70,3,0,0,0,0,0,0,0,1,0,0,0,0,0,0,0,0,0,0,0,0,0,2,0,0,0,0,0,0,0,0,0,0,0,0,0,0,0,0,0,0,0,139,139,0,0,0,0,0,0,0,132
"E01011429",2011,"Leeds 048D","Total",2007,469,14,17,4,1076,40,5,0,0,1,0,0,0,0,0,0,0,0,0,0,0,0,0,0,0,0,2,0,0,0,0,0,0,0,0,0,0,0,0,0,0,0,0,0,0,0,2,0,231,226,2,2,0,0,0,1,0,151
"E01011430",2011,"Leeds 053A","Total",1508,305,5,25,0,883,40,6,0,0,0,0,0,0,0,0,0,0,0,0,0,0,0,0,0,0,0,0,0,0,0,0,0,0,0,0,0,0,0,0,0,0,0,0,0,0,0,6,0,163,158,0,0,0,0,0,5,0,81
"E01011431",2011,"Leeds 047D","Total",1878,1004,12,5,1,272,12,5,0,0,0,0,0,0,0,0,0,0,0,0,1,0,0,0,0,0,0,0,0,2,0,0,1,0,0,0,0,0,0,0,0,0,0,0,0,1,0,0,0,447,444,0,1,0,0,0,2,0,120
"E01011432",2011,"Leeds 053B","Total",1558,491,5,17,2,651,29,6,0,0,0,0,0,0,0,0,0,0,0,0,0,0,0,0,0,0,0,2,0,0,0,0,0,0,0,0,2,1,0,0,0,0,0,0,0,0,0,0,1,256,252,0,0,0,2,0,2,0,101
"E01011433",2011,"Leeds 053C","Total",1538,689,0,16,3,303,31,4,0,0,0,0,0,0,0,0,0,0,0,0,0,0,0,0,0,0,0,1,0,2,0,0,0,0,0,0,0,0,0,0,0,0,0,0,0,0,0,1,0,381,376,1,1,0,0,1,2,0,111
"E01011434",2011,"Leeds 053D","Total",1397,479,8,33,1,534,17,4,0,0,0,0,0,0,0,0,0,0,0,0,0,0,0,0,0,0,0,1,0,2,0,0,0,0,0,0,0,0,1,0,0,0,0,0,0,0,0,0,0,230,229,0,0,0,1,0,0,0,91
"E01011435",2011,"Leeds 044A","Total",1820,814,7,21,8,13,2,0,0,0,0,0,0,0,0,0,0,0,0,0,0,0,0,0,0,0,0,0,0,0,0,0,0,0,0,0,0,0,0,0,0,0,0,0,0,0,0,0,0,839,806,2,1,0,1,0,28,1,116
"E01011440",2011,"Leeds 044D","Total",1622,707,8,6,13,7,6,10,1,1,0,0,0,0,0,1,0,0,0,0,1,1,0,0,0,0,0,1,0,1,0,0,1,0,0,0,0,0,0,0,0,0,0,0,0,0,0,1,1,743,715,2,1,0,1,2,22,0,122
"E01011441",2011,"Leeds 044E","Total",1954,728,12,46,14,105,22,12,2,1,1,0,0,0,0,1,1,0,0,0,0,1,0,0,0,0,1,1,0,1,0,0,0,0,0,0,0,0,0,0,0,0,0,0,0,1,0,0,1,883,851,6,5,0,0,2,19,0,132
"E01011442",2011,"Leeds 110A","Total",1619,609,9,19,14,33,21,9,0,0,0,0,0,0,0,0,0,0,0,0,0,1,0,0,0,0,0,2,0,3,0,0,0,0,0,0,1,0,1,0,0,0,0,0,0,1,0,0,0,789,747,6,3,0,1,0,32,0,116
"E01011443",2011,"Leeds 110B","Total",1381,497,6,14,13,71,9,16,0,0,0,1,0,0,1,0,0,0,0,0,0,6,0,0,0,0,0,3,2,1,0,0,0,1,0,0,0,0,0,0,0,0,0,0,0,0,0,0,1,674,645,4,4,0,0,0,21,0,81
"E01011444",2011,"Leeds 110C","Total",1849,635,18,12,35,107,1,11,0,0,0,0,0,0,0,0,0,0,0,0,0,0,0,0,0,0,0,5,0,4,0,0,1,0,0,0,0,1,0,0,0,0,0,0,0,0,0,0,0,898,847,5,4,0,1,1,40,0,132
"E01011445",2011,"Leeds 054A","Total",1679,568,16,44,21,79,9,3,0,0,0,0,0,1,0,0,0,0,0,0,0,0,0,0,0,0,0,0,0,1,0,0,0,0,0,0,0,1,0,0,0,0,0,0,0,0,0,0,0,828,802,3,1,0,3,0,19,0,111
"E01011446",2011,"Leeds 054B","Total",1574,479,12,32,41,175,18,16,0,1,2,0,0,0,0,0,0,0,0,0,0,1,0,0,0,0,0,3,0,3,0,0,0,1,0,1,3,0,0,0,0,0,0,0,0,0,0,0,1,690,660,8,3,0,1,1,16,1,111
"E01011447",2011,"Leeds 054C","Total",1428,440,7,62,23,124,21,10,0,0,1,0,0,0,0,0,0,0,0,0,0,1,0,0,0,0,0,5,0,1,0,0,0,0,0,0,0,0,1,0,0,0,0,0,0,0,0,0,1,636,605,4,3,0,0,0,24,0,105
"E01011448",2011,"Leeds 054D","Total",1572,596,10,28,25,184,9,10,0,0,0,0,0,0,0,0,0,0,0,0,0,1,0,0,0,0,1,4,0,2,0,0,1,1,0,0,0,0,0,0,0,0,0,0,0,0,0,0,0,600,581,5,1,0,0,0,13,0,110
"E01011449",2011,"Leeds 054E","Total",1383,370,11,29,10,222,16,12,0,0,0,0,0,0,0,1,0,0,0,0,0,1,0,0,0,0,0,5,0,2,0,0,0,0,0,0,0,0,1,0,0,0,0,0,0,2,0,0,0,611,571,4,3,0,1,1,31,0,102
"E01011450",2011,"Leeds 038D","Total",1226,617,5,24,1,106,24,0,0,0,0,0,0,0,0,0,0,0,0,0,0,0,0,0,0,0,0,0,0,0,0,0,0,0,0,0,0,0,0,0,0,0,0,0,0,0,0,0,0,340,335,1,2,0,0,0,2,0,109
"E01011451",2011,"Leeds 110D","Total",2107,821,11,15,18,27,4,5,0,0,0,0,0,0,0,1,0,0,0,0,0,1,0,0,0,0,0,0,0,0,0,0,0,0,0,0,0,2,0,0,0,0,0,0,0,0,0,0,1,1067,1030,14,2,0,1,2,18,0,139
"E01011452",2011,"Leeds 027A","Total",1524,929,2,4,8,7,1,2,0,0,0,0,0,0,0,0,1,0,0,0,0,0,0,0,0,0,0,0,0,0,0,0,0,0,0,0,0,0,0,0,0,0,0,0,0,1,0,0,0,470,450,1,5,0,0,2,12,0,101
"E01011453",2011,"Leeds 028A","Total",1482,909,5,8,4,5,8,6,0,0,0,0,0,0,0,0,0,0,0,0,0,0,0,0,0,0,0,1,0,0,0,0,1,0,0,0,1,1,0,0,0,0,0,0,0,1,0,0,1,457,446,1,2,0,1,0,7,0,80
"E01011454",2011,"Leeds 027B","Total",1492,836,6,9,4,16,10,5,0,0,0,0,0,0,0,1,0,0,0,0,0,0,0,0,0,0,0,2,0,1,0,0,0,0,0,0,0,1,0,0,0,0,0,0,0,0,0,0,0,516,510,2,0,0,0,0,4,0,90
"E01011455",2011,"Leeds 021A","Total",1382,922,3,4,2,2,8,7,0,0,0,0,0,0,0,0,0,0,0,0,0,1,0,0,0,0,0,4,0,0,0,0,0,0,0,0,0,1,1,0,0,0,0,0,0,0,0,0,0,329,323,1,5,0,0,0,0,0,105
"E01011456",2011,"Leeds 021B","Total",1707,1144,2,9,4,11,0,7,0,0,0,0,0,0,0,0,0,0,0,1,0,1,0,0,0,0,0,4,0,0,0,0,0,0,0,0,0,0,0,0,0,0,0,0,0,1,0,0,0,435,428,0,0,0,0,0,7,0,95
"E01011457",2011,"Leeds 027C","Total",1591,997,6,8,6,9,31,6,0,0,0,0,0,0,0,0,0,0,0,0,0,1,0,0,0,0,0,4,0,0,0,0,0,0,0,0,0,1,0,0,0,0,0,0,0,0,0,0,0,418,409,4,2,0,0,0,3,0,110
"E01011458",2011,"Leeds 027D","Total",1382,929,2,0,3,13,14,5,0,0,0,0,0,0,0,0,0,0,0,0,0,1,0,0,0,0,0,0,0,1,0,0,0,0,0,0,0,1,1,0,0,0,0,0,0,1,0,0,0,346,344,1,0,0,0,0,1,0,70
"E01011459",2011,"Leeds 021C","Total",1582,990,6,7,6,8,13,1,0,0,0,0,0,0,0,0,0,0,0,0,0,1,0,0,0,0,0,0,0,0,0,0,0,0,0,0,0,0,0,0,0,0,0,0,0,0,0,0,0,437,431,1,0,0,0,1,4,0,114
"E01011460",2011,"Leeds 028B","Total",1409,817,3,12,4,9,4,6,0,0,0,0,0,0,0,0,0,0,0,0,0,1,0,0,0,1,0,2,0,0,0,0,0,0,0,0,0,1,0,0,0,0,0,1,0,0,0,0,0,476,466,1,0,0,0,2,7,0,78
"E01011461",2011,"Leeds 021D","Total",1530,1067,3,5,1,7,3,6,0,0,0,0,0,0,0,0,0,0,0,0,0,1,0,0,0,0,0,2,0,0,0,0,0,0,0,0,0,3,0,0,0,0,0,0,0,0,0,0,0,348,339,2,0,0,0,0,7,0,90
"E01011462",2011,"Leeds 028C","Total",1632,933,3,2,0,48,9,9,0,0,0,0,0,0,0,0,0,0,0,0,0,3,0,0,0,0,0,1,0,0,0,0,0,0,0,0,3,0,1,0,0,0,0,0,0,0,0,0,1,506,495,4,0,0,0,0,7,0,122
"E01011463",2011,"Leeds 028D","Total",1583,938,3,7,4,40,12,5,0,0,0,0,0,0,0,0,0,0,0,0,0,1,0,0,0,0,0,1,0,0,0,0,0,0,0,0,1,0,0,0,0,0,0,0,0,1,0,1,0,493,482,1,1,0,0,1,8,0,81
"E01011464",2011,"Leeds 028E","Total",1678,937,10,15,5,14,13,11,0,0,1,0,0,0,0,0,0,0,0,0,0,0,0,0,0,0,0,5,0,0,0,0,0,0,0,3,0,0,0,1,0,0,0,0,0,0,0,0,1,569,564,1,0,0,0,1,3,0,104
"E01011465",2011,"Leeds 027E","Total",1532,929,7,2,3,19,7,5,0,0,0,0,0,0,0,0,0,0,0,0,0,1,0,0,0,0,0,1,0,0,0,0,0,0,1,0,0,1,0,0,0,0,0,0,0,1,0,0,0,468,451,2,2,0,0,2,11,0,92
"E01011466",2011,"Leeds 094A","Total",1489,920,1,0,0,7,0,1,0,0,0,0,0,0,0,0,0,0,0,0,0,0,0,0,0,0,0,1,0,0,0,0,0,0,0,0,0,0,0,0,0,0,0,0,0,0,0,0,0,419,415,0,2,0,0,0,2,0,141
"E01011467",2011,"Leeds 112A","Total",1542,875,3,70,8,41,13,10,0,0,0,0,0,0,0,0,0,0,0,0,0,3,0,0,0,2,0,1,0,1,0,0,0,0,0,0,0,1,0,0,0,0,0,0,0,1,0,0,1,396,395,0,0,0,0,0,1,0,126
"E01011468",2011,"Leeds 112B","Total",1500,870,1,1,3,26,1,2,0,0,0,0,0,0,0,0,0,0,0,0,0,0,0,0,0,0,0,1,0,0,0,0,0,0,0,0,0,1,0,0,0,0,0,0,0,0,0,0,0,469,464,0,3,0,0,1,1,0,127
"E01011469",2011,"Leeds 094B","Total",1460,940,2,0,0,9,2,0,0,0,0,0,0,0,0,0,0,0,0,0,0,0,0,0,0,0,0,0,0,0,0,0,0,0,0,0,0,0,0,0,0,0,0,0,0,0,0,0,0,407,401,0,1,0,0,0,5,0,100
"E01011470",2011,"Leeds 112C","Total",1266,836,3,8,4,8,4,4,0,0,0,0,0,0,0,0,0,0,0,0,0,0,0,0,0,0,0,2,0,0,0,0,0,0,0,0,1,1,0,0,0,0,0,0,0,0,0,0,0,304,303,0,0,0,0,0,1,0,95
"E01011471",2011,"Leeds 092A","Total",1400,813,1,0,0,18,11,5,0,0,0,0,0,0,0,0,0,0,0,0,0,0,0,0,0,0,0,1,0,0,0,0,0,0,0,0,0,3,0,0,0,0,0,0,0,0,0,0,1,444,439,0,0,0,0,0,5,0,108
"E01011472",2011,"Leeds 092B","Total",1598,886,8,0,2,3,0,7,0,0,0,0,0,0,0,0,0,0,0,0,0,1,0,0,0,0,0,3,0,0,0,0,0,0,0,0,0,3,0,0,0,0,0,0,0,0,0,0,0,567,562,0,1,0,0,0,4,0,125
"E01011473",2011,"Leeds 092C","Total",1476,803,3,3,1,26,5,6,0,0,0,0,0,0,0,0,0,0,0,0,0,0,0,0,0,0,0,1,0,0,0,0,0,0,0,0,2,2,0,0,0,0,0,0,0,1,0,0,0,545,543,0,1,0,0,0,1,0,84
"E01011474",2011,"Leeds 092D","Total",1457,817,2,0,0,25,3,1,0,0,0,0,0,0,0,0,0,0,0,1,0,0,0,0,0,0,0,0,0,0,0,0,0,0,0,0,0,0,0,0,0,0,0,0,0,0,0,0,0,521,518,0,0,0,0,1,2,0,88
"E01011475",2011,"Leeds 094C","Total",1497,794,0,3,0,8,2,0,0,0,0,0,0,0,0,0,0,0,0,0,0,0,0,0,0,0,0,0,0,0,0,0,0,0,0,0,0,0,0,0,0,0,0,0,0,0,0,0,0,572,565,0,1,0,0,0,6,0,118
"E01011476",2011,"Leeds 094D","Total",1195,647,0,6,0,9,5,0,0,0,0,0,0,0,0,0,0,0,0,0,0,0,0,0,0,0,0,0,0,0,0,0,0,0,0,0,0,0,0,0,0,0,0,0,0,0,0,0,0,453,451,0,0,0,0,0,2,0,75
"E01011477",2011,"Leeds 045A","Total",1928,778,10,42,1,345,16,12,0,1,0,0,0,0,0,0,0,0,0,0,0,0,0,0,0,0,0,8,0,1,0,0,0,1,0,0,0,0,1,0,0,0,0,0,0,0,0,0,0,602,590,0,3,0,0,0,9,0,122
"E01011478",2011,"Leeds 056A","Total",1679,622,10,7,11,89,25,11,0,0,0,0,0,0,0,0,0,0,0,0,0,1,0,0,1,0,0,4,0,1,0,0,0,0,0,0,0,0,0,1,0,0,0,0,0,0,0,1,2,765,729,2,2,0,5,1,26,0,139
"E01011479",2011,"Leeds 056B","Total",1476,451,13,16,12,27,7,8,0,0,0,0,0,0,0,0,0,0,0,0,0,1,0,0,0,0,0,2,0,0,0,0,1,0,0,0,0,1,0,0,0,0,0,1,0,1,0,1,0,816,772,8,1,0,1,1,33,0,126
"E01011480",2011,"Leeds 045B","Total",1590,828,14,53,0,147,43,9,1,0,0,0,0,0,0,0,0,0,0,0,0,4,0,0,0,0,0,3,0,0,0,0,0,0,0,0,0,0,0,0,0,0,0,0,0,1,0,0,0,400,380,2,5,0,0,2,11,0,96
"E01011481",2011,"Leeds 056C","Total",1578,523,9,59,6,340,31,14,0,1,0,0,0,0,0,0,0,0,0,0,2,0,0,0,0,2,0,4,0,0,0,0,0,1,0,0,0,0,1,1,0,0,0,0,0,1,0,0,1,510,484,2,2,0,0,1,21,0,86
"E01011482",2011,"Leeds 056D","Total",1693,605,11,21,5,62,1,14,0,0,0,0,0,0,0,0,0,0,0,0,0,3,0,0,0,0,0,6,1,0,0,0,0,0,0,0,1,0,1,0,0,0,0,0,0,1,0,0,1,825,797,1,7,0,2,0,18,0,149
"E01011483",2011,"Leeds 056E","Total",1570,530,3,38,2,373,14,5,0,1,1,0,0,0,0,0,0,0,0,0,0,0,0,0,0,0,0,1,0,1,0,0,0,0,0,0,0,0,0,0,0,0,0,0,1,0,0,0,0,470,455,2,0,0,1,1,11,0,135
"E01011484",2011,"Leeds 033A","Total",1538,825,2,7,1,128,5,4,0,0,0,0,0,0,0,1,0,0,0,0,0,0,0,0,0,0,0,3,0,0,0,0,0,0,0,0,0,0,0,0,0,0,0,0,0,0,0,0,0,430,421,0,0,0,1,0,8,0,136
"E01011485",2011,"Leeds 033B","Total",1524,832,4,16,3,102,10,4,0,0,0,0,0,0,0,0,0,0,0,0,0,0,0,0,0,0,0,1,0,0,0,0,0,0,0,0,0,0,0,0,0,0,0,0,0,1,2,0,0,465,455,0,0,0,0,0,10,0,88
"E01011488",2011,"Leeds 045C","Total",1431,618,11,4,2,33,3,12,0,0,0,0,0,0,0,0,0,0,0,0,0,4,0,0,0,0,0,5,0,0,0,0,0,0,0,0,1,1,0,0,0,0,0,0,0,0,0,0,1,632,621,2,1,0,0,0,8,0,116
"E01011489",2011,"Leeds 045D","Total",1687,864,17,18,6,54,11,13,0,1,1,0,0,0,0,0,0,0,0,0,0,1,0,0,0,0,0,2,0,0,0,0,1,2,0,0,3,0,1,0,0,0,0,0,0,0,0,0,1,580,562,1,2,0,0,1,14,0,124
"E01011490",2011,"Leeds 099A","Total",2518,1460,3,9,0,28,5,14,0,0,0,0,0,0,0,0,0,0,0,0,0,1,0,0,0,0,0,3,1,0,3,0,0,0,0,1,0,4,0,0,0,0,0,0,0,0,0,1,0,847,833,0,6,0,0,1,7,0,152
"E01011491",2011,"Leeds 101A","Total",1357,735,2,3,0,4,2,2,0,0,0,0,0,0,0,0,0,0,0,0,0,0,0,0,0,0,0,0,0,0,0,0,1,0,0,0,0,1,0,0,0,0,0,0,0,0,0,0,0,524,521,1,0,0,0,0,2,0,85
"E01011492",2011,"Leeds 101B","Total",1366,689,1,11,1,13,0,9,0,0,0,0,0,0,0,0,0,0,0,0,0,0,0,0,0,0,0,2,0,0,0,0,0,0,0,0,4,2,0,0,0,0,0,0,0,0,0,0,1,541,539,0,0,0,0,0,2,0,101
"E01011493",2011,"Leeds 101C","Total",1540,842,6,3,0,7,0,7,0,0,0,0,0,0,0,0,0,0,0,0,0,2,0,0,0,0,0,0,0,0,0,0,0,0,0,0,1,2,0,0,0,0,0,0,0,0,0,0,2,579,577,0,0,0,0,0,2,0,96
"E01011494",2011,"Leeds 101D","Total",1304,756,0,5,4,5,4,1,0,0,0,0,0,0,0,0,0,0,0,0,0,0,0,0,0,0,0,1,0,0,0,0,0,0,0,0,0,0,0,0,0,0,0,0,0,0,0,0,0,452,449,0,0,0,0,0,3,0,77
"E01011496",2011,"Leeds 100A","Total",1510,936,5,7,0,5,6,3,0,0,0,0,0,0,0,1,0,0,0,0,0,1,0,0,0,0,0,0,0,0,0,0,0,0,0,0,0,1,0,0,0,0,0,0,0,0,0,0,0,454,452,0,0,0,0,0,2,0,94
"E01011497",2011,"Leeds 101E","Total",1608,853,4,0,1,44,10,8,0,0,0,0,0,0,0,0,0,0,1,0,0,0,0,0,0,0,0,3,0,3,0,0,0,0,0,0,0,0,0,0,0,0,0,0,0,1,0,0,0,588,580,2,0,0,0,0,6,0,100
"E01011499",2011,"Leeds 105C","Total",2588,1443,6,4,1,20,2,4,0,0,0,0,0,0,0,0,0,0,0,0,0,1,0,0,1,0,0,1,0,0,0,0,0,0,0,0,1,0,0,0,0,0,0,0,0,0,0,0,0,949,939,2,1,0,0,0,7,0,159
"E01011500",2011,"Leeds 105D","Total",1590,1122,2,3,5,4,5,2,0,0,0,0,0,0,0,0,0,0,0,0,0,0,0,0,0,0,0,0,0,1,0,0,0,0,0,0,1,0,0,0,0,0,0,0,0,0,0,0,0,350,347,0,0,0,0,0,3,0,97
"E01011502",2011,"Leeds 099C","Total",1333,795,4,2,3,2,5,2,0,0,0,0,0,0,0,0,0,0,0,0,0,0,0,0,0,0,0,1,0,0,0,0,0,0,0,0,0,1,0,0,0,0,0,0,0,0,0,0,0,429,426,1,0,0,0,0,2,0,91
"E01011504",2011,"Leeds 032A","Total",1426,769,3,9,12,78,8,11,0,0,1,0,0,0,0,0,0,0,0,0,0,5,0,0,0,0,0,2,0,0,0,0,0,0,0,0,1,0,0,0,0,0,0,0,0,1,0,0,1,419,409,0,0,0,2,0,8,0,117
"E01011505",2011,"Leeds 025A","Total",1599,772,6,67,28,200,139,6,0,0,0,0,0,0,0,0,0,0,0,0,0,0,0,0,0,0,0,0,0,1,0,0,0,0,0,0,0,0,0,0,0,0,0,0,0,1,0,0,4,256,245,0,4,0,1,0,6,0,125
"E01011506",2011,"Leeds 025B","Total",1439,570,4,100,18,295,154,2,0,0,0,0,0,0,0,0,0,0,0,0,0,0,0,0,0,0,0,0,0,0,0,0,0,0,2,0,0,0,0,0,0,0,0,0,0,0,0,0,0,215,209,1,2,0,0,0,3,0,81
"E01011507",2011,"Leeds 025C","Total",1580,864,5,34,19,99,111,3,0,0,0,0,0,0,0,0,0,0,0,0,0,1,0,0,0,0,0,1,0,0,0,0,0,0,0,1,0,0,0,0,0,0,0,0,0,0,0,0,0,358,348,0,0,0,0,1,9,0,87
"E01011508",2011,"Leeds 024A","Total",1414,573,2,39,21,195,148,2,0,1,0,0,0,0,0,0,0,0,0,0,0,0,0,0,0,0,0,0,0,0,0,0,0,0,0,0,1,0,0,0,0,0,0,0,0,0,0,0,0,344,331,3,2,0,0,0,8,0,90
"E01011509",2011,"Leeds 023A","Total",1351,651,3,21,132,79,96,3,0,0,0,0,0,0,0,0,0,0,0,0,2,0,0,0,0,0,0,0,0,0,0,0,0,0,0,0,0,0,1,0,0,0,0,0,0,0,0,0,0,268,265,0,0,0,0,0,3,0,98
"E01011510",2011,"Leeds 025D","Total",1576,673,5,11,309,95,33,4,0,0,0,0,0,0,0,0,0,0,0,0,0,0,0,0,0,0,0,1,0,0,0,0,0,0,0,0,0,2,0,0,0,0,0,0,0,0,0,0,1,306,297,1,0,0,2,1,5,0,140
"E01011511",2011,"Leeds 023B","Total",1329,493,9,26,124,180,156,3,0,0,0,0,0,0,0,0,1,0,0,0,0,0,0,0,0,0,0,0,0,1,0,0,0,0,0,0,0,0,0,0,0,0,0,0,0,0,0,0,1,264,260,2,1,0,0,0,1,0,74
"E01011512",2011,"Leeds 023C","Total",1566,684,5,48,151,131,106,6,0,0,0,0,0,0,0,0,0,0,0,0,3,2,0,0,0,0,0,0,0,0,0,0,0,0,0,0,1,0,0,0,0,0,0,0,0,0,0,0,0,322,314,1,1,0,0,0,6,0,113
"E01011513",2011,"Leeds 031A","Total",2181,1330,10,107,33,63,37,8,0,0,0,0,0,0,0,0,0,0,0,0,0,1,0,0,0,0,0,1,1,0,0,0,0,0,1,0,1,0,0,0,0,0,0,0,0,2,1,0,0,458,447,1,1,0,0,1,8,0,135
"E01011514",2011,"Leeds 025E","Total",1631,712,2,59,82,246,116,3,0,0,0,0,0,0,0,0,1,0,0,0,0,1,0,0,0,0,0,0,0,0,0,0,0,0,0,0,1,0,0,0,0,0,0,0,0,0,0,0,0,325,312,0,0,0,1,3,9,0,86
"E01011515",2011,"Leeds 023D","Total",1421,773,3,20,60,81,62,2,0,0,0,0,0,0,0,0,0,0,0,0,0,1,0,0,0,0,0,0,0,0,0,0,0,0,0,0,0,0,0,0,0,0,0,0,0,0,0,0,1,317,311,1,1,0,0,0,4,0,103
"E01011516",2011,"Leeds 023E","Total",1704,821,5,31,45,139,87,2,0,0,0,0,0,0,0,0,0,0,0,0,0,0,0,0,0,0,0,1,0,1,0,0,0,0,0,0,0,0,0,0,0,0,0,0,0,0,0,0,0,461,450,4,3,0,0,0,4,0,113
"E01011517",2011,"Leeds 024B","Total",1638,833,10,20,28,106,43,9,0,0,0,0,0,0,0,0,0,0,0,0,4,1,0,0,0,0,0,0,0,0,0,0,0,0,0,0,0,1,0,0,0,0,0,0,0,0,1,0,2,464,456,4,1,0,0,0,3,0,125
"E01011518",2011,"Leeds 093A","Total",2187,1260,9,54,0,15,49,1,0,0,0,0,0,0,0,0,0,0,0,0,0,0,0,0,0,0,0,0,0,1,0,0,0,0,0,0,0,0,0,0,0,0,0,0,0,0,0,0,0,682,673,0,0,0,0,0,9,0,117
"E01011519",2011,"Leeds 095A","Total",1488,884,3,3,0,11,7,1,0,0,0,0,0,0,0,0,0,0,0,0,0,0,0,0,0,0,0,1,0,0,0,0,0,0,0,0,0,0,0,0,0,0,0,0,0,0,0,0,0,493,485,0,2,0,0,0,6,0,86
"E01011520",2011,"Leeds 096A","Total",1491,959,1,10,2,1,12,2,0,0,0,0,0,0,0,0,0,0,0,0,0,1,0,0,0,0,0,0,0,0,0,0,0,0,0,0,1,0,0,0,0,0,0,0,0,0,0,0,0,399,392,2,0,0,0,0,5,0,105
"E01011521",2011,"Leeds 096B","Total",1968,1257,1,14,0,13,29,3,0,0,0,0,0,0,0,0,0,0,0,0,0,0,0,0,0,0,0,2,0,0,0,0,0,0,0,0,0,1,0,0,0,0,0,0,0,0,0,0,0,521,520,0,0,0,0,0,1,0,130
"E01011522",2011,"Leeds 095B","Total",1396,936,0,7,2,4,5,2,0,0,0,0,0,0,0,0,0,0,0,0,0,0,0,0,0,0,0,2,0,0,0,0,0,0,0,0,0,0,0,0,0,0,0,0,0,0,0,0,0,330,321,0,0,0,0,0,9,0,110
"E01011523",2011,"Leeds 096C","Total",1782,1103,3,25,1,5,6,2,0,0,0,0,0,0,0,0,0,0,0,0,0,0,0,0,0,0,0,0,0,0,0,0,0,0,0,0,0,1,0,0,0,0,0,0,0,1,0,0,0,516,511,0,2,0,0,0,3,0,121
"E01011524",2011,"Leeds 093B","Total",1241,806,1,8,0,5,17,3,0,0,0,0,0,0,0,0,0,0,0,0,0,0,0,0,0,0,0,2,0,1,0,0,0,0,0,0,0,0,0,0,0,0,0,0,0,0,0,0,0,321,319,0,0,0,0,1,1,0,80
"E01011525",2011,"Leeds 095C","Total",1576,971,3,7,0,8,10,3,0,0,0,0,0,0,0,0,0,0,0,0,0,0,0,0,0,0,0,1,0,0,0,0,1,0,0,0,0,0,0,0,0,0,0,0,0,1,0,0,0,454,447,0,1,0,1,0,5,0,120
"E01011526",2011,"Leeds 093C","Total",1291,783,1,16,0,25,32,7,0,0,0,0,0,0,0,0,0,0,0,0,0,0,0,0,0,1,0,3,0,0,0,0,0,0,0,0,0,2,0,0,0,0,0,0,0,1,0,0,0,342,338,0,1,0,0,0,3,0,85
"E01011527",2011,"Leeds 096D","Total",1773,1260,4,10,3,11,7,3,0,0,0,0,0,0,0,0,0,0,0,0,0,0,0,0,0,0,1,0,0,0,0,0,0,0,0,0,0,1,0,0,0,0,0,0,0,0,0,0,1,380,378,0,0,0,0,0,2,0,95
"E01011528",2011,"Leeds 095D","Total",1596,1003,8,29,5,6,13,8,0,0,0,0,0,0,0,0,0,0,0,0,0,0,0,0,0,0,0,1,0,0,0,0,0,0,0,0,0,6,0,0,0,0,0,0,0,0,1,0,0,408,392,1,2,0,0,1,12,0,116
"E01011529",2011,"Leeds 096E","Total",1434,855,2,3,0,6,2,1,0,0,0,0,0,0,0,0,0,0,0,0,0,1,0,0,0,0,0,0,0,0,0,0,0,0,0,0,0,0,0,0,0,0,0,0,0,0,0,0,0,462,458,1,1,0,0,0,2,0,103
"E01011530",2011,"Leeds 106A","Total",1460,921,8,9,0,14,16,3,0,0,0,0,0,0,0,0,0,0,0,0,0,0,0,0,0,0,0,3,0,0,0,0,0,0,0,0,0,0,0,0,0,0,0,0,0,0,0,0,0,381,373,2,0,0,0,1,5,0,108
"E01011531",2011,"Leeds 093D","Total",1461,1064,3,6,1,1,29,0,0,0,0,0,0,0,0,0,0,0,0,0,0,0,0,0,0,0,0,0,0,0,0,0,0,0,0,0,0,0,0,0,0,0,0,0,0,0,0,0,0,271,269,0,1,0,0,0,1,0,86
"E01011532",2011,"Leeds 095E","Total",1556,908,8,3,0,6,4,9,0,0,0,0,0,0,0,0,0,0,0,1,0,0,0,0,0,0,0,0,0,1,0,0,0,0,0,0,1,5,0,0,0,0,0,0,0,1,0,0,0,516,507,1,1,0,2,0,5,0,102
"E01011533",2011,"Leeds 104A","Total",1294,676,5,16,1,10,27,11,0,0,0,0,0,0,0,0,0,0,0,0,0,0,0,0,0,0,0,5,0,0,0,0,0,3,0,0,1,2,0,0,0,0,0,0,0,0,0,0,0,466,461,0,0,0,0,0,5,0,82
"E01011534",2011,"Leeds 106B","Total",1421,898,1,3,0,3,5,5,0,0,0,0,0,0,0,0,0,0,0,0,0,0,0,0,0,0,0,0,0,0,0,0,0,0,0,0,0,2,0,0,0,0,0,0,0,2,1,0,0,399,390,0,1,0,0,0,8,0,107
"E01011535",2011,"Leeds 108A","Total",1664,1169,4,7,3,14,6,4,0,0,0,0,0,0,0,0,0,0,0,0,0,1,0,0,0,0,0,1,0,0,0,0,0,0,0,0,0,1,0,0,0,1,0,0,0,0,0,0,0,370,365,1,1,0,0,0,3,0,87
"E01011536",2011,"Leeds 108B","Total",1587,951,5,13,0,13,18,3,0,0,0,0,0,0,0,0,0,0,0,0,0,0,0,0,0,0,0,1,0,0,0,0,0,0,0,0,1,1,0,0,0,0,0,0,0,0,0,0,0,465,457,1,1,0,0,0,6,0,119
"E01011537",2011,"Leeds 107A","Total",2066,1410,3,3,6,20,0,10,0,0,0,0,0,0,0,0,0,0,0,0,0,0,0,0,0,0,0,1,0,0,0,0,0,0,0,0,2,5,0,0,0,0,0,0,0,0,1,0,1,476,470,0,2,0,0,1,3,0,138
"E01011538",2011,"Leeds 107B","Total",1507,919,2,1,0,7,5,7,0,0,0,0,0,0,0,0,0,0,0,0,0,0,0,0,0,0,0,5,0,0,0,0,0,0,0,0,1,0,1,0,0,0,0,0,0,0,0,0,0,446,439,1,1,0,0,0,5,0,120
"E01011540",2011,"Leeds 102B","Total",1439,856,7,0,0,10,8,3,0,0,0,0,0,0,0,0,0,0,0,0,0,0,0,0,0,0,0,2,0,0,0,0,0,0,0,0,1,0,0,0,0,0,0,0,0,0,0,0,0,473,470,0,0,0,0,0,3,0,82
"E01011541",2011,"Leeds 104B","Total",1714,1051,3,22,0,7,5,9,0,0,1,0,0,0,0,0,0,0,0,0,0,0,0,0,0,0,0,2,0,1,0,0,0,0,0,0,1,4,0,0,0,0,0,0,0,0,0,0,0,500,489,0,1,0,3,0,7,0,117
"E01011545",2011,"Leeds 104C","Total",1388,764,4,0,2,8,17,6,0,0,0,0,0,0,0,0,0,0,0,0,0,0,0,0,0,0,0,1,0,0,0,0,0,1,0,0,0,4,0,0,0,0,0,0,0,0,0,0,0,475,471,0,0,0,0,0,4,0,112
"E01011546",2011,"Leeds 106C","Total",1664,1003,3,17,1,11,7,3,0,0,0,0,0,0,0,0,0,0,0,0,0,0,0,0,0,0,0,3,0,0,0,0,0,0,0,0,0,0,0,0,0,0,0,0,0,0,0,0,0,499,492,1,0,0,1,0,5,0,120
"E01011547",2011,"Leeds 104D","Total",1781,1030,4,8,0,16,36,12,0,0,0,0,0,0,0,0,2,0,0,0,0,0,0,0,0,0,0,7,0,0,0,0,0,0,0,0,0,2,0,0,0,0,0,0,0,1,0,0,0,562,554,0,1,0,0,0,7,0,113
"E01011548",2011,"Leeds 106D","Total",1445,984,4,11,3,3,0,1,0,0,0,0,0,0,0,0,0,0,0,0,0,0,0,0,0,0,0,0,0,0,0,0,0,0,0,0,0,0,0,0,0,0,0,0,0,1,0,0,0,349,345,1,0,0,0,0,3,0,90
"E01011549",2011,"Leeds 108C","Total",1503,962,1,15,1,27,25,1,0,0,0,0,0,0,0,0,0,0,0,0,0,0,0,0,0,0,0,0,0,0,0,0,0,0,0,0,0,1,0,0,0,0,0,0,0,0,0,0,0,371,367,1,1,0,0,0,2,0,100
"E01011550",2011,"Leeds 106E","Total",1404,914,0,4,0,9,12,1,0,0,0,1,0,0,0,0,0,0,0,0,0,0,0,0,0,0,0,0,0,0,0,0,0,0,0,0,0,0,0,0,0,0,0,0,0,0,0,0,0,379,371,1,0,0,0,0,7,0,85
"E01011551",2011,"Leeds 107C","Total",1565,933,2,11,3,13,6,3,0,0,0,0,0,0,0,0,0,0,0,0,0,0,0,0,0,0,0,1,0,0,0,0,0,0,0,0,1,0,0,0,0,0,0,0,0,0,0,0,1,497,494,1,0,0,0,0,2,0,97
"E01011552",2011,"Leeds 107D","Total",1467,855,3,0,2,10,0,3,0,0,0,0,0,0,0,0,0,0,0,0,0,0,0,2,0,0,0,0,0,0,0,0,0,0,0,0,0,1,0,0,0,0,0,0,0,0,0,0,0,512,510,0,0,0,0,0,2,0,82
"E01011553",2011,"Leeds 108D","Total",1436,944,5,7,1,11,8,3,0,0,0,0,0,0,0,1,0,0,0,0,0,0,0,0,0,0,0,1,0,0,0,0,0,0,0,0,1,0,0,0,0,0,0,0,0,0,0,0,0,393,386,0,1,0,1,0,5,0,64
"E01011554",2011,"Leeds 012A","Total",1446,831,10,38,176,46,29,0,0,0,0,0,0,0,0,0,0,0,0,0,0,0,0,0,0,0,0,0,0,0,0,0,0,0,0,0,0,0,0,0,0,0,0,0,0,0,0,0,0,215,212,1,0,0,0,0,2,0,101
"E01011555",2011,"Leeds 018A","Total",1362,682,5,30,139,103,95,4,0,2,0,0,0,0,0,0,0,0,0,0,0,0,0,0,0,0,0,2,0,0,0,0,0,0,0,0,0,0,0,0,0,0,0,0,0,0,0,0,0,239,234,1,2,0,0,0,2,0,65
"E01011556",2011,"Leeds 015A","Total",1576,699,4,155,191,60,39,5,0,0,1,0,0,0,0,0,0,0,0,0,0,1,0,0,0,0,0,0,0,0,0,0,0,0,0,0,1,1,0,0,0,0,0,0,0,1,0,0,0,311,305,1,2,0,0,2,1,0,112
"E01011557",2011,"Leeds 015B","Total",1529,588,6,55,401,75,79,6,0,3,0,0,0,0,0,0,0,0,0,0,0,0,0,0,0,0,0,1,1,1,0,0,0,0,0,0,0,0,0,0,0,0,0,0,0,0,0,0,0,233,222,2,0,0,0,0,9,0,86
"E01011558",2011,"Leeds 018B","Total",1577,797,7,36,57,154,40,8,0,1,0,0,0,0,0,0,0,0,0,0,0,1,0,0,0,0,0,2,0,0,0,0,0,0,0,0,1,2,0,0,0,0,0,0,0,0,0,0,1,359,357,0,0,0,0,1,1,0,119
"E01011559",2011,"Leeds 018C","Total",1259,644,4,9,63,124,11,7,0,0,0,0,0,0,0,0,0,0,0,0,1,0,0,0,0,0,0,0,1,1,0,0,1,0,0,0,1,1,0,0,0,0,0,0,0,0,0,0,1,308,305,0,2,0,0,1,0,0,89
"E01011560",2011,"Leeds 018D","Total",1800,953,2,46,28,145,20,9,0,0,1,1,0,0,0,0,0,0,0,0,0,2,0,0,0,0,0,4,0,0,0,0,0,0,0,0,0,0,0,0,0,0,0,0,0,1,0,0,0,458,443,0,4,0,0,0,11,0,139
"E01011561",2011,"Leeds 006A","Total",1217,719,8,38,104,26,28,2,0,0,0,0,0,0,0,0,0,0,0,0,0,0,0,0,0,0,0,1,0,0,0,0,0,0,0,0,0,1,0,0,0,0,0,0,0,0,0,0,0,198,189,0,0,0,0,0,9,0,94
"E01011562",2011,"Leeds 012B","Total",1592,637,5,50,426,90,84,5,0,2,0,0,0,0,0,0,0,0,0,0,0,1,0,0,0,0,0,0,0,0,0,0,0,0,0,0,0,0,0,0,0,0,0,0,0,0,1,0,1,184,179,0,1,0,1,0,3,0,111
"E01011563",2011,"Leeds 012C","Total",1416,586,1,41,417,61,57,1,0,0,0,0,0,0,0,0,0,0,0,0,0,0,0,0,0,0,0,1,0,0,0,0,0,0,0,0,0,0,0,0,0,0,0,0,0,0,0,0,0,133,130,0,1,0,0,0,2,0,119
"E01011564",2011,"Leeds 012D","Total",1501,803,9,19,174,50,50,1,0,0,0,0,0,0,0,0,0,0,0,0,0,0,0,0,0,0,0,0,0,1,0,0,0,0,0,0,0,0,0,0,0,0,0,0,0,0,0,0,0,306,303,0,1,0,0,0,2,0,89
"E01011565",2011,"Leeds 015C","Total",1433,486,5,21,448,98,97,7,0,2,0,0,0,0,0,0,0,0,0,0,4,1,0,0,0,0,0,0,0,0,0,0,0,0,0,0,0,0,0,0,0,0,0,0,0,0,0,0,0,179,172,0,0,0,0,0,7,0,92
"E01011566",2011,"Leeds 015D","Total",1309,589,11,62,178,80,76,2,0,0,2,0,0,0,0,0,0,0,0,0,0,0,0,0,0,0,0,0,0,0,0,0,0,0,0,0,0,0,0,0,0,0,0,0,0,0,0,0,0,199,194,0,1,0,0,1,3,0,112
"E01011567",2011,"Leeds 012E","Total",1393,764,8,39,125,74,74,1,0,0,0,0,0,0,0,0,0,0,0,0,0,0,0,0,0,0,0,0,0,0,0,0,0,0,0,0,0,0,1,0,0,0,0,0,0,0,0,0,0,225,217,0,5,0,0,0,3,0,83
"E01011568",2011,"Leeds 015E","Total",1831,826,12,70,315,98,101,8,0,1,0,0,0,0,0,0,0,0,0,0,0,1,0,0,0,0,0,0,0,0,0,0,0,0,1,0,2,1,1,0,0,0,0,0,0,0,0,0,1,272,266,3,0,0,0,0,3,0,129
"E01011569",2011,"Leeds 004A","Total",1662,947,4,0,0,8,0,17,0,1,0,0,0,0,0,0,1,0,0,0,0,3,0,0,0,0,0,4,0,1,0,0,0,0,0,0,0,5,0,0,0,0,0,0,0,2,0,0,0,548,535,0,1,0,0,3,9,0,138
"E01011570",2011,"Leeds 007A","Total",2284,1581,2,8,5,18,9,3,0,0,0,0,0,0,0,0,0,0,0,0,0,1,0,0,0,0,0,1,1,0,0,0,0,0,0,0,0,0,0,0,0,0,0,0,0,0,0,0,0,501,486,1,2,0,0,2,10,0,157
"E01011571",2011,"Leeds 004B","Total",1597,947,13,4,8,3,0,2,0,0,0,0,0,0,0,0,0,0,0,0,0,1,0,0,0,0,0,0,0,0,0,0,0,0,1,0,0,0,0,0,0,0,0,0,0,0,0,0,0,493,487,2,2,0,0,1,1,0,127
"E01011572",2011,"Leeds 004C","Total",1763,1036,8,6,5,1,0,9,0,0,0,0,0,0,0,0,0,0,0,0,0,1,0,0,0,0,0,2,1,1,0,0,0,0,0,0,0,3,0,0,0,0,0,0,0,0,0,0,1,548,529,5,1,0,0,3,10,0,150
"E01011573",2011,"Leeds 004D","Total",1341,901,3,5,3,10,0,6,0,0,0,0,0,0,0,0,0,0,0,0,0,2,1,0,0,0,0,2,0,0,0,0,0,0,0,0,0,1,0,0,0,0,0,0,0,0,0,0,0,330,324,0,0,0,0,0,6,0,83
"E01011574",2011,"Leeds 004E","Total",1456,899,5,0,3,9,0,5,0,0,0,0,0,0,0,0,0,0,0,0,0,3,0,0,0,0,0,1,0,0,0,0,0,0,0,1,0,0,0,0,0,0,0,0,0,0,0,0,0,414,403,1,1,0,0,0,9,0,121
"E01011576",2011,"Leeds 007C","Total",1432,1020,5,12,16,17,6,7,0,0,0,0,0,0,0,0,0,0,2,0,0,1,0,0,0,0,1,0,0,0,0,0,0,0,0,0,1,0,0,0,0,0,0,0,0,0,0,0,2,253,252,0,0,0,0,0,1,0,96
"E01011578",2011,"Leeds 011D","Total",1321,854,2,1,1,3,0,3,0,0,0,0,0,0,0,0,0,0,0,0,0,0,0,0,0,0,0,0,1,0,0,0,0,0,0,0,0,2,0,0,0,0,0,0,0,0,0,0,0,362,359,0,1,0,0,0,2,0,95
"E01011579",2011,"Leeds 014C","Total",1245,808,3,4,5,1,3,1,0,0,0,0,0,0,0,0,0,0,0,0,0,0,0,0,0,0,0,0,0,1,0,0,0,0,0,0,0,0,0,0,0,0,0,0,0,0,0,0,0,326,321,1,0,0,0,0,4,0,94
"E01011580",2011,"Leeds 014D","Total",1342,975,1,0,0,10,12,3,0,0,0,0,0,0,0,0,0,0,0,0,0,0,0,0,0,0,0,2,0,0,0,0,0,0,0,0,0,0,0,0,0,0,0,0,0,1,0,0,0,262,259,2,0,0,0,0,1,0,79
"E01011581",2011,"Leeds 003A","Total",1469,993,2,1,0,0,0,4,0,0,0,0,0,0,0,0,2,0,0,0,0,0,0,0,0,0,0,1,0,0,0,0,0,0,0,0,0,1,0,0,0,0,0,0,0,0,0,0,0,375,365,1,1,1,0,0,7,0,94
"E01011582",2011,"Leeds 003B","Total",1651,1062,5,7,0,4,4,4,0,0,1,0,0,0,0,0,0,0,0,0,0,0,0,0,0,0,0,2,0,0,0,0,0,0,0,0,0,0,0,0,0,0,0,0,0,0,0,0,1,450,443,1,1,0,0,0,5,0,115
"E01011583",2011,"Leeds 003C","Total",1479,946,2,1,4,13,0,6,0,0,0,0,0,0,0,0,0,0,0,0,0,0,0,0,0,0,0,2,0,0,0,0,0,0,0,0,0,4,0,0,0,0,0,0,0,0,0,0,0,393,384,0,3,0,0,1,5,0,114
"E01011584",2011,"Leeds 003D","Total",1250,729,3,0,4,0,3,8,0,0,0,0,0,0,0,0,0,0,0,0,0,0,0,0,0,0,0,3,0,0,2,0,0,0,0,0,0,2,0,1,0,0,0,0,0,0,0,0,0,400,393,1,0,0,0,1,5,0,103
"E01011585",2011,"Leeds 062A","Total",1435,806,2,9,5,1,3,7,0,0,0,0,0,0,0,0,0,0,0,0,0,0,0,0,0,0,0,6,0,0,0,0,0,0,0,0,0,1,0,0,0,0,0,0,0,0,0,0,0,502,497,0,2,0,0,0,3,0,100
"E01011586",2011,"Leeds 066A","Total",1494,720,6,39,1,202,157,14,0,0,0,0,0,0,0,0,0,0,0,0,0,1,0,0,0,0,1,2,0,0,6,0,0,0,0,0,4,0,0,0,0,0,0,0,0,0,0,0,0,261,259,1,0,0,0,0,1,0,94
"E01011587",2011,"Leeds 062B","Total",1663,1025,2,15,0,21,2,2,0,0,0,0,0,0,0,0,0,0,0,0,0,0,0,0,0,0,0,2,0,0,0,0,0,0,0,0,0,0,0,0,0,0,0,0,0,0,0,0,0,496,483,3,4,0,0,2,4,0,100
"E01011588",2011,"Leeds 039A","Total",1725,1059,2,8,5,25,3,4,0,2,0,0,0,0,0,0,0,0,0,0,0,0,0,0,0,0,0,0,0,0,0,0,0,0,0,0,0,2,0,0,0,0,0,0,0,0,0,0,0,500,487,0,2,0,0,0,11,0,119
"E01011589",2011,"Leeds 039B","Total",1521,936,0,5,2,14,13,8,0,0,0,0,0,0,0,0,0,0,0,0,0,0,0,0,0,0,0,2,0,0,3,0,0,0,0,0,0,1,0,0,0,0,0,0,0,2,0,0,0,461,453,0,0,0,0,0,8,0,82
"E01011590",2011,"Leeds 039C","Total",1540,1011,2,13,5,17,15,3,0,0,0,0,0,0,0,0,0,0,0,0,0,0,0,0,0,0,0,1,0,0,0,0,0,0,0,0,0,0,0,0,0,0,0,0,0,2,0,0,0,382,373,4,0,0,0,2,3,0,92
"E01011591",2011,"Leeds 052D","Total",1616,907,7,16,3,17,5,3,0,0,0,0,0,0,0,0,0,0,0,0,0,1,0,0,0,0,0,2,0,0,0,0,0,0,0,0,0,0,0,0,0,0,0,0,0,0,0,0,0,575,568,0,0,0,0,1,6,0,83
"E01011592",2011,"Leeds 039D","Total",1402,886,1,2,0,1,1,3,0,0,0,0,0,0,0,0,0,0,0,0,0,2,0,0,1,0,0,0,0,0,0,0,0,0,0,0,0,0,0,0,0,0,0,0,0,0,0,0,0,419,407,4,1,0,0,1,6,0,89
"E01011593",2011,"Leeds 039E","Total",1764,1145,4,13,1,7,37,3,0,0,0,0,0,0,0,0,0,0,0,0,2,0,0,0,1,0,0,0,0,0,0,0,0,0,0,0,0,0,0,0,0,0,0,0,0,0,0,0,0,452,441,1,1,0,0,0,9,0,102
"E01011594",2011,"Leeds 062C","Total",1455,882,2,1,1,3,1,5,0,0,0,0,0,0,0,0,1,0,0,0,0,1,0,0,0,0,0,1,0,0,0,0,0,0,0,0,0,0,0,0,0,0,0,0,0,0,0,0,2,460,456,0,1,0,0,1,2,0,100
"E01011595",2011,"Leeds 066B","Total",1804,678,4,126,2,293,342,9,0,0,0,0,0,0,0,0,0,0,0,0,0,0,0,0,0,0,0,0,0,0,8,0,0,0,0,0,0,1,0,0,0,0,0,0,0,0,0,0,0,254,250,0,1,0,0,0,3,0,96
"E01011596",2011,"Leeds 062D","Total",1675,1107,5,6,4,12,5,7,0,0,0,0,0,0,0,0,0,0,0,0,0,3,0,0,0,0,0,2,0,0,0,0,0,0,0,0,1,1,0,0,0,0,0,0,0,0,0,0,0,429,422,2,0,0,0,0,5,0,100
"E01011597",2011,"Leeds 066C","Total",1507,536,7,32,5,344,231,13,0,0,0,0,0,0,0,0,0,0,0,0,2,0,0,0,0,0,0,0,0,0,10,0,0,0,0,0,1,0,0,0,0,0,0,0,0,0,0,0,0,227,221,2,2,0,0,0,2,0,112
"E01011598",2011,"Leeds 062E","Total",1544,903,2,12,2,3,1,5,0,0,0,0,0,0,0,0,0,0,0,0,0,0,0,0,0,0,0,2,0,0,0,0,0,0,0,0,0,0,0,0,0,0,0,0,0,3,0,0,0,496,487,2,1,0,1,1,4,0,120
"E01011599",2011,"Leeds 066D","Total",1535,800,5,47,3,88,52,6,0,0,0,0,0,0,0,0,0,0,0,0,0,2,0,0,0,0,0,0,0,0,3,0,0,0,0,0,0,1,0,0,0,0,0,0,0,0,0,0,0,403,388,0,1,0,0,0,14,0,131
"E01011600",2011,"Leeds 079A","Total",1519,972,6,2,0,16,4,1,0,0,0,0,0,0,0,0,0,0,0,0,0,0,0,0,0,0,0,1,0,0,0,0,0,0,0,0,0,0,0,0,0,0,0,0,0,0,0,0,0,423,417,1,0,0,0,1,4,0,95
"E01011601",2011,"Leeds 079B","Total",1494,783,2,10,4,10,3,1,0,0,0,0,0,0,0,0,0,0,0,0,0,0,0,0,0,0,0,0,0,0,0,0,0,0,0,0,0,0,0,0,0,0,0,0,0,0,0,0,1,567,564,0,0,0,0,0,3,0,114
"E01011602",2011,"Leeds 076A","Total",1525,925,1,8,1,7,15,2,0,0,0,0,0,0,0,0,0,0,0,0,0,0,0,0,0,0,0,1,0,0,0,0,0,0,0,0,0,0,0,0,0,0,0,0,0,0,0,0,1,444,438,0,0,0,0,0,6,0,122
"E01011603",2011,"Leeds 076B","Total",1516,930,4,0,0,9,6,3,0,0,1,0,0,0,0,0,0,0,0,0,0,0,0,0,0,1,0,0,0,0,0,0,0,0,0,0,0,0,0,0,0,0,0,0,0,1,0,0,0,454,452,1,0,0,0,0,1,0,110
"E01011604",2011,"Leeds 079C","Total",1334,779,6,9,5,4,8,2,0,0,0,0,0,0,0,0,0,0,0,0,0,0,0,0,0,0,0,0,0,0,0,0,0,0,0,2,0,0,0,0,0,0,0,0,0,0,0,0,0,441,438,0,0,0,0,0,3,0,80
"E01011605",2011,"Leeds 076C","Total",1458,982,5,0,0,0,6,3,0,0,0,0,0,0,0,0,0,0,0,0,0,0,0,0,0,0,0,2,0,0,0,0,0,0,0,0,0,1,0,0,0,0,0,0,0,0,0,0,0,369,368,0,1,0,0,0,0,0,93
"E01011606",2011,"Leeds 076D","Total",1682,918,5,17,2,119,139,3,0,0,0,0,0,0,0,0,0,0,0,0,0,0,0,0,0,0,0,1,0,0,0,0,0,0,0,0,0,2,0,0,0,0,0,0,0,0,0,0,0,387,385,0,1,0,0,0,1,0,92
"E01011607",2011,"Leeds 079D","Total",1588,892,2,12,0,9,12,1,0,0,0,0,0,0,0,0,0,0,0,0,0,0,0,0,0,0,0,0,0,0,0,0,0,0,0,0,0,1,0,0,0,0,0,0,0,0,0,0,0,527,523,0,0,0,0,0,4,0,133
"E01011608",2011,"Leeds 068A","Total",1384,727,4,5,2,6,3,2,0,0,0,0,0,0,0,0,0,0,0,0,0,1,0,0,0,0,0,0,0,0,0,0,1,0,0,0,0,0,0,0,0,0,0,0,0,0,0,0,0,559,555,0,0,0,0,0,4,0,76
"E01011609",2011,"Leeds 068B","Total",1453,833,3,7,0,8,5,2,0,0,0,0,0,0,0,0,0,0,0,0,0,2,0,0,0,0,0,0,0,0,0,0,0,0,0,0,0,0,0,0,0,0,0,0,0,0,0,0,0,515,507,0,0,0,0,0,8,0,80
"E01011610",2011,"Leeds 068C","Total",1418,903,0,7,3,10,14,2,0,0,0,0,0,0,0,0,0,0,0,0,0,0,0,0,0,0,0,2,0,0,0,0,0,0,0,0,0,0,0,0,0,0,0,0,0,0,0,0,0,377,375,0,0,0,0,0,2,0,102
"E01011611",2011,"Leeds 068D","Total",1364,717,2,8,0,9,0,3,0,0,0,0,0,0,0,0,0,0,0,0,0,0,0,0,0,0,0,0,0,0,0,0,0,0,0,0,0,1,0,0,0,0,0,0,0,2,0,0,0,542,539,0,0,0,0,0,3,0,83
"E01011612",2011,"Leeds 079E","Total",1302,868,2,1,5,4,11,2,0,0,0,0,0,0,0,0,0,0,0,0,0,1,0,0,0,0,0,0,0,0,0,0,0,0,0,0,0,1,0,0,0,0,0,0,0,0,0,0,0,313,313,0,0,0,0,0,0,0,96
"E01011613",2011,"Leeds 076E","Total",1303,732,2,3,0,25,14,4,0,0,0,0,0,0,0,0,0,0,0,0,0,0,0,0,0,0,0,2,0,0,0,0,0,0,0,1,0,1,0,0,0,0,0,0,0,0,0,0,0,422,415,0,1,0,0,0,6,0,101
"E01011614",2011,"Leeds 068E","Total",1811,1089,4,18,0,3,22,1,0,0,0,0,0,0,0,0,0,0,0,0,0,1,0,0,0,0,0,0,0,0,0,0,0,0,0,0,0,0,0,0,0,0,0,0,0,0,0,0,0,567,555,3,0,0,0,0,9,0,107
"E01011615",2011,"Leeds 070A","Total",1529,1016,2,13,1,9,3,5,0,0,0,0,0,0,0,0,0,0,0,0,0,0,0,0,0,0,0,1,0,0,0,0,0,0,0,0,1,2,1,0,0,0,0,0,0,0,0,0,0,378,377,0,1,0,0,0,0,0,102
"E01011616",2011,"Leeds 072A","Total",1431,906,2,3,0,16,5,0,0,0,0,0,0,0,0,0,0,0,0,0,0,0,0,0,0,0,0,0,0,0,0,0,0,0,0,0,0,0,0,0,0,0,0,0,0,0,0,0,0,392,386,0,1,0,0,0,5,0,107
"E01011617",2011,"Leeds 070B","Total",1608,1024,1,4,1,18,7,2,0,0,0,0,0,0,0,0,0,0,0,0,0,0,0,0,0,0,0,2,0,0,0,0,0,0,0,0,0,0,0,0,0,0,0,0,0,0,0,0,0,442,440,1,0,0,0,0,1,0,109
"E01011618",2011,"Leeds 070C","Total",1581,940,11,1,4,22,12,12,0,0,0,0,0,0,0,0,0,0,0,0,0,0,0,0,0,0,0,8,0,0,0,0,0,0,0,0,1,1,0,0,0,0,0,0,0,2,0,0,0,482,474,1,0,0,0,0,7,0,97
"E01011620",2011,"Leeds 072B","Total",1314,811,5,3,0,29,8,3,0,0,0,0,0,0,0,0,0,0,0,0,0,0,0,0,0,0,0,1,0,1,0,0,0,0,0,0,0,1,0,0,0,0,0,0,0,0,0,0,0,389,385,0,1,0,0,0,3,0,66
"E01011621",2011,"Leeds 070D","Total",1486,884,3,5,0,26,0,1,0,1,0,0,0,0,0,0,0,0,0,0,0,0,0,0,0,0,0,0,0,0,0,0,0,0,0,0,0,0,0,0,0,0,0,0,0,0,0,0,0,469,467,0,1,0,0,0,1,0,98
"E01011622",2011,"Leeds 072C","Total",1635,931,7,0,1,73,4,2,0,0,0,0,0,0,0,0,0,0,0,0,0,0,0,0,0,0,0,0,0,0,0,0,0,0,0,0,0,2,0,0,0,0,0,0,0,0,0,0,0,507,502,0,0,0,0,2,3,0,110
"E01011623",2011,"Leeds 075B","Total",1517,923,4,4,1,60,7,1,0,0,0,0,0,0,0,0,0,0,0,0,0,0,0,0,0,0,0,0,0,0,0,0,0,0,0,0,0,0,0,0,0,0,0,0,0,0,1,0,0,432,424,1,0,0,0,0,7,0,85
"E01011624",2011,"Leeds 072D","Total",1823,1089,5,11,1,53,2,4,0,0,0,0,0,0,0,0,0,0,0,0,0,0,0,0,0,0,0,2,0,1,0,0,0,0,0,0,0,1,0,0,0,0,0,0,0,0,0,0,0,560,556,0,0,0,0,0,4,0,98
"E01011625",2011,"Leeds 075C","Total",1472,841,13,12,0,24,6,1,0,0,0,0,0,0,0,0,0,0,0,0,0,0,0,0,0,0,0,0,0,0,0,0,0,0,0,0,0,0,0,0,0,0,0,0,0,1,0,0,0,475,461,0,0,0,0,0,14,0,100
"E01011626",2011,"Leeds 075D","Total",1782,975,7,21,2,63,1,8,0,0,0,0,0,0,0,0,0,0,0,0,0,0,0,0,0,0,0,2,0,0,0,0,0,0,0,2,2,1,0,0,0,0,0,0,0,1,0,0,0,553,546,0,0,0,0,0,7,0,152
"E01011627",2011,"Leeds 098A","Total",1417,890,2,4,1,7,3,3,0,0,0,0,0,0,0,0,0,0,0,0,0,1,0,0,0,0,0,0,0,0,0,0,0,0,1,0,0,1,0,0,0,0,0,0,0,0,0,0,0,400,392,0,0,0,0,0,8,0,107
"E01011628",2011,"Leeds 098B","Total",1328,1003,0,2,0,4,0,4,0,0,0,0,0,0,0,0,0,0,0,0,0,0,0,0,0,0,0,0,0,0,0,0,0,0,0,0,0,2,0,0,0,0,0,0,0,1,0,0,1,220,220,0,0,0,0,0,0,0,95
"E01011629",2011,"Leeds 098C","Total",1302,879,2,1,0,7,2,3,0,0,0,0,0,0,0,0,0,0,0,0,0,0,0,0,0,0,0,0,0,0,0,0,0,0,0,0,2,1,0,0,0,0,0,0,0,0,0,0,0,313,313,0,0,0,0,0,0,0,95
"E01011630",2011,"Leeds 100B","Total",2088,1360,1,17,2,16,7,2,0,0,0,0,0,0,0,0,0,0,0,0,0,0,0,0,0,0,0,1,0,1,0,0,0,0,0,0,0,0,0,0,0,0,0,0,0,0,0,0,0,552,548,0,0,0,0,1,3,0,131
"E01011632",2011,"Leeds 098D","Total",1335,781,4,2,3,13,4,0,0,0,0,0,0,0,0,0,0,0,0,0,0,0,0,0,0,0,0,0,0,0,0,0,0,0,0,0,0,0,0,0,0,0,0,0,0,0,0,0,0,425,425,0,0,0,0,0,0,0,103
"E01011633",2011,"Leeds 098E","Total",1472,995,0,4,5,18,7,2,0,0,0,0,0,0,0,0,0,0,0,0,0,0,0,0,0,0,0,1,0,0,0,0,0,0,0,0,0,0,0,0,0,0,0,0,0,0,0,0,1,365,362,0,1,0,1,0,1,0,76
"E01011634",2011,"Leeds 100C","Total",1499,1014,6,0,0,1,3,3,0,0,0,0,0,0,0,0,1,0,0,0,0,0,0,0,0,0,0,0,0,1,0,0,0,0,0,0,0,0,0,0,0,0,0,0,0,1,0,0,0,381,377,0,0,0,0,0,4,0,91
"E01011635",2011,"Leeds 097B","Total",1547,1056,5,10,3,4,0,1,0,0,0,0,0,0,0,0,0,0,0,0,0,0,0,0,0,0,0,0,0,1,0,0,0,0,0,0,0,0,0,0,0,0,0,0,0,0,0,0,0,378,374,1,0,0,0,0,3,0,90
"E01011636",2011,"Leeds 100D","Total",1625,1160,11,0,1,6,7,6,0,0,0,1,0,0,0,0,0,0,0,0,0,0,0,0,0,0,0,3,0,0,0,0,0,0,0,0,0,0,0,0,0,0,0,0,0,2,0,0,0,319,313,0,3,0,0,1,2,0,115
"E01011637",2011,"Leeds 097C","Total",1768,1105,9,3,1,8,5,4,0,0,0,0,0,0,0,0,0,0,0,0,0,1,0,0,0,0,0,0,0,0,0,0,0,0,1,0,0,2,0,0,0,0,0,0,0,0,0,0,0,499,488,1,1,0,0,0,9,0,134
"E01011638",2011,"Leeds 097D","Total",1487,1007,3,4,0,0,3,3,0,0,0,0,0,0,0,0,0,0,0,0,0,0,0,0,0,0,0,1,0,0,0,0,0,0,0,0,0,2,0,0,0,0,0,0,0,0,0,0,0,374,372,0,0,0,0,0,2,0,93
"E01011639",2011,"Leeds 100E","Total",1523,954,7,0,2,10,4,5,0,0,0,0,0,0,0,0,0,0,0,0,0,0,0,0,0,0,0,2,0,0,0,0,1,0,0,0,0,0,0,0,0,0,0,0,0,1,1,0,0,426,423,0,0,0,0,0,3,0,115
"E01011641",2011,"Leeds 032B","Total",1522,732,4,15,26,54,22,4,0,0,0,0,0,0,0,0,0,0,0,0,1,2,0,0,0,0,0,0,0,0,0,0,0,0,0,0,0,0,0,0,0,0,0,0,0,0,0,0,1,540,528,0,3,0,0,1,8,0,125
"E01011642",2011,"Leeds 032C","Total",1326,546,8,9,11,234,26,2,0,0,1,0,0,0,0,0,0,0,0,0,0,0,0,0,0,0,0,0,0,0,0,0,0,0,0,0,0,0,0,0,0,0,0,0,0,0,0,0,1,359,349,1,4,0,0,1,4,0,131
"E01011643",2011,"Leeds 037A","Total",1392,721,4,43,21,70,52,1,0,0,0,0,0,0,0,0,0,0,0,1,0,0,0,0,0,0,0,0,0,0,0,0,0,0,0,0,0,0,0,0,0,0,0,0,0,0,0,0,0,347,346,0,0,0,0,0,1,0,133
"E01011644",2011,"Leeds 037B","Total",1249,710,5,21,21,78,19,2,0,0,0,0,0,0,0,0,0,0,0,0,0,0,0,0,0,0,0,1,0,0,0,0,0,0,0,0,0,0,0,0,0,0,0,0,0,0,0,0,1,284,276,3,0,0,1,1,3,0,109
"E01011645",2011,"Leeds 032D","Total",1472,656,7,31,33,151,9,3,0,0,0,0,0,0,0,0,0,0,0,0,0,1,0,0,0,0,0,0,0,0,0,0,0,0,0,0,0,0,1,0,0,0,0,0,0,0,0,0,1,481,471,0,4,0,0,1,5,0,101
"E01011646",2011,"Leeds 037C","Total",1666,800,1,16,7,273,73,5,0,0,0,0,0,0,0,0,0,0,0,0,0,1,0,0,0,0,0,2,0,0,0,0,0,0,0,0,0,1,0,0,0,0,0,0,0,0,0,0,1,371,366,0,4,0,0,0,1,0,120
"E01011647",2011,"Leeds 037D","Total",1716,429,10,78,0,818,126,0,0,0,0,0,0,0,0,0,0,0,0,0,0,0,0,0,0,0,0,0,0,0,0,0,0,0,0,0,0,0,0,0,0,0,0,0,0,0,0,0,0,146,146,0,0,0,0,0,0,0,109
"E01011648",2011,"Leeds 037E","Total",1744,654,6,43,2,605,129,2,0,0,0,0,0,0,0,0,0,0,0,0,0,0,0,0,0,0,0,1,0,0,0,0,0,0,0,0,0,0,0,0,0,0,0,0,0,0,0,0,1,183,179,0,2,0,0,0,2,0,120
"E01011649",2011,"Leeds 022B","Total",1466,975,3,14,56,8,26,4,0,0,0,0,0,0,0,0,0,0,0,0,0,0,0,0,0,0,0,1,0,0,0,0,0,0,0,0,1,2,0,0,0,0,0,0,0,0,0,0,0,296,293,0,1,0,0,0,2,0,84
"E01011650",2011,"Leeds 020A","Total",1443,696,2,17,166,88,69,3,0,0,0,0,0,0,0,0,0,0,0,0,0,1,0,0,0,0,0,1,0,0,0,0,0,0,0,0,0,0,0,0,0,0,0,0,0,0,0,0,1,277,275,0,0,0,0,1,1,0,125
"E01011651",2011,"Leeds 020B","Total",1446,751,10,21,52,82,42,6,0,0,0,0,0,0,0,0,0,0,0,0,0,2,0,0,0,0,0,2,0,0,0,0,0,0,0,0,0,0,0,0,0,0,0,0,0,0,0,0,2,393,390,0,1,0,0,0,2,0,89
"E01011652",2011,"Leeds 024C","Total",1331,640,6,24,46,80,76,17,0,0,0,0,0,0,0,0,0,0,0,0,0,0,0,0,0,2,0,6,0,0,0,0,0,0,0,0,1,5,0,0,0,0,0,0,0,3,0,0,0,359,350,0,2,0,0,1,6,0,83
"E01011653",2011,"Leeds 020C","Total",1352,624,6,15,50,75,20,6,0,0,0,0,0,0,0,0,1,0,0,0,0,1,0,0,0,0,1,2,0,0,0,0,0,0,0,0,0,1,0,0,0,0,0,0,0,0,0,0,0,474,464,4,0,0,0,1,5,0,82
"E01011654",2011,"Leeds 024D","Total",1434,777,6,15,21,55,26,5,0,0,0,0,0,0,0,0,0,0,0,0,0,0,0,0,0,0,0,1,0,0,0,0,0,0,0,0,1,2,0,0,0,0,0,0,0,0,0,0,1,452,448,1,0,0,0,0,3,0,77
"E01011655",2011,"Leeds 020D","Total",1396,732,1,27,92,23,19,8,0,0,2,0,0,0,0,0,0,0,0,0,0,1,0,0,0,0,0,0,0,0,0,0,0,0,0,0,0,2,0,0,0,0,0,0,0,0,0,3,0,386,375,1,1,0,0,1,8,0,108
"E01011656",2011,"Leeds 035A","Total",1490,839,3,9,0,14,0,8,0,0,0,0,0,0,0,0,0,0,0,0,0,0,0,0,0,0,0,4,0,0,0,0,0,0,0,0,0,2,0,0,0,0,0,0,0,0,2,0,0,513,508,2,0,0,0,1,2,0,104
"E01011657",2011,"Leeds 035B","Total",1307,708,5,1,0,40,5,4,0,0,0,0,0,0,0,0,0,0,0,0,0,0,0,0,0,0,0,3,0,0,0,0,0,0,0,0,0,1,0,0,0,0,0,0,0,0,0,0,0,469,464,0,0,0,0,0,5,0,75
"E01011658",2011,"Leeds 040C","Total",1344,792,0,4,2,10,5,4,0,0,0,0,0,0,0,0,0,0,0,0,1,0,0,0,0,0,0,1,0,1,0,0,0,0,0,0,0,1,0,0,0,0,0,0,0,0,0,0,0,433,428,0,0,0,0,0,5,0,94
"E01011659",2011,"Leeds 035C","Total",1373,850,2,0,0,19,5,5,0,0,1,0,0,0,0,0,0,0,0,0,0,0,0,0,0,0,0,1,0,0,0,0,0,0,0,0,1,0,0,0,0,0,0,0,0,2,0,0,0,407,407,0,0,0,0,0,0,0,85
"E01011660",2011,"Leeds 040D","Total",1359,796,5,3,4,19,1,0,0,0,0,0,0,0,0,0,0,0,0,0,0,0,0,0,0,0,0,0,0,0,0,0,0,0,0,0,0,0,0,0,0,0,0,0,0,0,0,0,0,442,436,0,0,0,1,0,5,0,89
"E01011661",2011,"Leeds 035D","Total",1598,1015,4,1,3,23,2,2,0,0,0,0,0,0,0,1,0,0,0,0,0,0,0,0,0,0,0,1,0,0,0,0,0,0,0,0,0,0,0,0,0,0,0,0,0,0,0,0,0,415,410,1,3,0,0,0,1,0,133
"E01011662",2011,"Leeds 040E","Total",1189,582,6,2,4,25,7,1,0,0,0,0,0,0,0,0,0,0,0,0,0,0,0,0,0,0,0,1,0,0,0,0,0,0,0,0,0,0,0,0,0,0,0,0,0,0,0,0,0,493,488,0,0,0,0,0,5,0,69
"E01011663",2011,"Leeds 050A","Total",1256,573,5,2,2,24,0,4,0,0,0,0,0,0,0,0,0,0,0,0,0,2,0,0,0,0,0,1,0,0,0,0,0,0,0,0,1,0,0,0,0,0,0,0,0,0,0,0,0,569,566,0,1,0,0,0,2,0,77
"E01011664",2011,"Leeds 050B","Total",1110,680,0,0,0,4,4,6,0,0,0,0,0,0,0,0,0,0,0,0,0,1,0,0,0,0,0,1,0,0,0,0,0,0,0,0,1,1,0,0,0,2,0,0,0,0,0,0,0,338,337,0,0,0,0,0,1,0,78
"E01011665",2011,"Leeds 050C","Total",1386,885,2,5,1,2,0,0,0,0,0,0,0,0,0,0,0,0,0,0,0,0,0,0,0,0,0,0,0,0,0,0,0,0,0,0,0,0,0,0,0,0,0,0,0,0,0,0,0,388,386,0,0,0,0,1,1,0,103
"E01011666",2011,"Leeds 061D","Total",1490,1073,4,2,1,18,0,4,0,0,0,0,0,0,0,0,0,0,0,0,0,0,0,0,0,0,0,1,0,0,0,0,0,0,0,0,0,2,0,0,0,0,0,0,0,0,0,0,1,317,315,0,0,0,0,0,2,0,71
"E01011667",2011,"Leeds 050D","Total",1491,637,5,5,0,14,0,1,0,0,0,0,0,0,0,0,0,0,0,0,0,0,0,0,0,0,0,1,0,0,0,0,0,0,0,0,0,0,0,0,0,0,0,0,0,0,0,0,0,735,732,0,2,0,0,0,1,0,94
"E01011668",2011,"Leeds 110E","Total",1609,528,7,18,58,83,15,14,0,0,0,0,0,1,0,0,0,0,0,0,0,1,0,0,0,0,0,3,1,3,0,0,1,1,0,0,2,0,0,0,0,0,0,0,0,1,0,0,0,767,731,7,2,0,1,1,25,0,119
"E01011669",2011,"Leeds 110F","Total",1475,460,18,11,59,60,6,13,0,0,1,0,0,0,0,0,0,0,0,0,0,1,0,0,0,0,0,7,0,3,0,0,0,0,0,0,0,0,0,0,0,0,0,0,0,0,0,0,1,708,664,8,4,0,0,2,30,0,140
"E01011670",2011,"Leeds 055A","Total",2634,1160,32,50,15,305,26,6,0,0,0,0,0,0,0,0,0,0,0,0,0,0,0,0,0,0,0,1,1,0,0,1,2,0,0,0,0,1,0,0,0,0,0,0,0,0,0,0,0,819,796,2,4,0,0,0,17,0,221
"E01011671",2011,"Leeds 055B","Total",1535,759,23,14,0,201,6,8,0,0,0,0,0,0,0,0,0,0,0,0,0,0,0,0,0,1,0,1,0,4,0,0,0,0,0,0,0,2,0,0,0,0,0,0,0,0,0,0,0,396,388,3,1,0,0,0,4,0,128
"E01011673",2011,"Leeds 064B","Total",1691,722,19,44,2,421,28,3,0,0,0,0,0,0,0,0,0,0,0,0,0,0,0,0,0,0,0,1,0,0,0,0,0,0,0,0,0,0,0,0,0,0,0,0,0,0,0,2,0,344,342,0,0,0,0,0,2,0,108
"E01011677",2011,"Leeds 064D","Total",1526,799,5,28,1,325,16,7,0,0,0,0,0,0,0,0,0,0,0,0,0,2,0,0,0,0,0,2,0,1,0,0,0,0,0,0,0,1,0,0,0,0,0,0,0,0,1,0,0,261,251,3,0,0,3,0,4,0,84
"E01011678",2011,"Leeds 063B","Total",4156,1733,36,92,50,220,24,16,0,0,0,0,0,0,0,0,0,0,0,1,1,1,0,0,0,0,0,3,0,1,0,0,0,1,0,0,1,3,2,0,0,0,0,1,0,0,0,0,1,1725,1662,10,8,0,1,1,43,0,260
"E01011681",2011,"Leeds 063D","Total",1734,560,25,63,17,417,26,13,0,0,0,0,0,0,0,0,0,0,0,0,0,0,0,0,0,0,0,7,0,2,0,0,0,0,0,0,1,0,0,0,0,0,0,0,0,3,0,0,0,501,488,2,3,0,0,1,7,0,112
"E01011684",2011,"Leeds 019C","Total",1548,874,3,37,1,116,32,3,0,0,0,0,0,0,0,0,0,0,0,0,0,0,0,0,0,0,0,2,0,1,0,0,0,0,0,0,0,0,0,0,0,0,0,0,0,0,0,0,0,348,339,0,0,0,0,1,8,0,134
"E01011685",2011,"Leeds 109A","Total",2153,1124,12,22,12,80,31,4,0,0,0,0,0,0,0,0,0,0,0,0,0,0,0,0,0,0,1,1,0,0,0,0,0,0,0,0,0,0,1,0,0,0,0,0,0,0,0,1,0,741,719,3,1,0,1,1,16,0,127
"E01011686",2011,"Leeds 033E","Total",1545,875,12,3,1,109,15,7,0,0,0,0,0,0,0,0,0,0,0,0,0,1,0,0,0,0,0,3,0,0,0,0,1,0,0,0,0,1,0,0,0,0,0,0,0,1,0,0,0,416,411,2,0,0,0,0,3,0,107
"E01011687",2011,"Leeds 109B","Total",1488,789,8,53,1,140,42,5,0,0,0,0,0,0,0,0,0,0,0,0,0,0,0,0,0,0,0,0,0,0,4,0,0,0,0,0,0,0,0,0,0,0,0,0,0,1,0,0,0,350,342,0,1,0,0,0,7,0,100
"E01011688",2011,"Leeds 031B","Total",1488,772,22,43,10,104,26,7,0,0,0,0,0,0,0,0,0,0,0,0,0,5,0,0,0,0,0,1,0,0,0,0,0,0,0,0,1,0,0,0,0,0,0,0,0,0,0,0,0,388,377,1,0,0,0,0,10,0,116
"E01011689",2011,"Leeds 031C","Total",1552,944,8,9,6,22,8,4,0,0,0,0,0,0,0,0,0,0,0,0,0,0,0,0,0,0,0,1,0,0,0,0,0,0,0,0,0,1,1,0,0,0,0,0,0,0,0,0,1,437,430,0,4,0,0,1,2,0,114
"E01011690",2011,"Leeds 109C","Total",1356,669,10,6,6,27,14,5,0,0,0,0,0,0,0,0,0,0,0,0,0,0,0,0,0,0,0,2,0,0,0,0,0,0,0,0,1,0,0,0,0,0,0,0,0,0,0,2,0,532,516,4,4,0,0,0,8,0,87
"E01011691",2011,"Leeds 031D","Total",1527,791,7,11,10,55,8,13,0,1,0,0,0,0,0,0,0,0,0,0,0,1,0,0,0,0,0,3,0,1,0,0,0,0,0,0,0,1,3,0,0,0,0,0,0,3,0,0,0,478,466,3,1,0,0,4,4,0,154
"E01011692",2011,"Leeds 109D","Total",1404,627,3,8,17,24,6,10,0,1,1,0,0,0,0,1,0,0,0,0,0,1,0,0,0,0,0,2,0,0,0,0,0,0,0,0,2,0,1,0,0,0,0,0,0,1,0,0,0,595,581,5,3,0,0,1,5,0,114
"E01011693",2011,"Leeds 109E","Total",1521,583,19,9,6,27,3,18,0,2,0,0,0,0,0,0,0,0,0,1,0,1,0,0,0,1,3,2,1,3,0,0,1,0,0,0,0,0,0,0,0,0,0,0,0,2,0,0,1,715,699,4,0,0,0,0,12,0,141
"E01011694",2011,"Leeds 109F","Total",1804,777,13,14,11,147,25,3,0,0,0,0,0,0,0,0,0,0,0,0,0,0,0,0,1,0,0,0,0,1,0,0,0,0,0,0,0,0,0,0,0,0,0,0,0,0,0,0,1,682,664,2,4,0,0,0,12,0,132
"E01011695",2011,"Leeds 019D","Total",1590,832,6,15,0,115,12,0,0,0,0,0,0,0,0,0,0,0,0,0,0,0,0,0,0,0,0,0,0,0,0,0,0,0,0,0,0,0,0,0,0,0,0,0,0,0,0,0,0,477,473,0,1,0,0,0,3,0,133
"E01011696",2011,"Leeds 006B","Total",1498,1110,1,4,9,11,11,1,0,0,0,0,0,0,0,0,0,0,0,0,0,0,0,0,0,0,0,1,0,0,0,0,0,0,0,0,0,0,0,0,0,0,0,0,0,0,0,0,0,246,241,1,0,0,0,0,4,0,105
"E01011697",2011,"Leeds 002A","Total",2091,1320,21,3,0,105,14,13,0,0,1,0,0,0,0,0,1,0,0,4,0,0,0,0,0,0,0,4,0,2,0,0,0,0,0,0,0,1,0,0,0,0,0,0,0,0,0,0,0,524,510,0,0,0,0,0,14,0,91
"E01011698",2011,"Leeds 001A","Total",1503,1128,4,0,2,2,1,1,0,0,0,0,0,0,0,0,0,0,0,0,0,0,0,0,0,0,0,0,0,0,0,0,0,0,0,0,0,0,0,0,0,0,0,0,0,1,0,0,0,284,275,2,2,0,0,0,5,0,81
"E01011699",2011,"Leeds 001B","Total",1345,947,3,0,1,8,5,5,0,0,0,0,0,0,0,0,0,0,0,0,0,0,0,0,0,0,0,1,0,0,0,0,0,0,0,0,0,1,1,0,0,0,0,0,0,2,0,0,0,282,278,0,1,0,0,0,3,0,94
"E01011700",2011,"Leeds 002B","Total",1353,911,3,1,6,24,8,0,0,0,0,0,0,0,0,0,0,0,0,0,0,0,0,0,0,0,0,0,0,0,0,0,0,0,0,0,0,0,0,0,0,0,0,0,0,0,0,0,0,289,287,0,0,0,0,1,1,0,111
"E01011701",2011,"Leeds 001C","Total",1287,934,2,0,7,8,1,2,0,0,0,0,0,0,0,0,0,0,0,0,0,0,0,0,0,0,0,1,0,0,0,0,0,0,0,0,0,0,0,0,0,0,0,0,0,1,0,0,0,254,249,2,0,0,0,1,2,0,79
"E01011702",2011,"Leeds 001D","Total",1184,898,1,3,9,1,0,3,0,0,0,0,0,0,0,0,0,0,0,0,0,1,0,0,0,0,0,1,0,0,0,0,0,0,0,0,0,1,0,0,0,0,0,0,0,0,0,0,0,195,192,1,1,0,0,0,1,0,74
"E01011703",2011,"Leeds 001E","Total",1279,979,3,0,2,7,1,6,0,0,0,0,0,0,0,0,1,0,0,0,0,0,0,0,0,0,0,0,0,0,0,0,0,0,0,0,2,0,0,0,0,0,0,0,0,1,0,0,2,207,205,0,0,0,0,1,1,0,74
"E01011704",2011,"Leeds 002C","Total",1770,1277,8,0,4,8,3,5,0,0,0,0,0,0,0,0,0,0,0,0,0,1,0,0,0,0,0,0,0,0,0,0,0,0,0,0,0,1,0,0,0,0,0,1,0,0,0,0,2,336,334,0,1,0,0,0,1,0,129
"E01011705",2011,"Leeds 002D","Total",1378,984,0,1,7,5,1,3,0,0,0,0,0,0,0,0,0,0,0,0,0,2,0,0,0,0,0,0,0,0,0,0,0,0,0,0,0,1,0,0,0,0,0,0,0,0,0,0,0,292,291,0,0,0,0,0,1,0,85
"E01011706",2011,"Leeds 006C","Total",1526,1192,1,4,8,13,0,2,0,0,0,0,0,0,0,0,0,0,0,0,0,2,0,0,0,0,0,0,0,0,0,0,0,0,0,0,0,0,0,0,0,0,0,0,0,0,0,0,0,217,213,0,0,0,0,0,4,0,89
"E01011707",2011,"Leeds 005A","Total",1359,1013,4,0,2,3,0,1,0,0,0,0,0,0,0,0,0,0,0,0,0,1,0,0,0,0,0,0,0,0,0,0,0,0,0,0,0,0,0,0,0,0,0,0,0,0,0,0,0,261,260,0,0,0,0,1,0,0,75
"E01011708",2011,"Leeds 006D","Total",1468,1001,10,3,23,8,5,5,0,0,0,0,0,1,0,0,0,0,1,0,0,0,0,0,0,0,0,2,0,0,0,0,0,0,0,0,0,1,0,0,0,0,0,0,0,0,0,0,0,309,304,0,0,0,0,0,5,0,104
"E01011709",2011,"Leeds 005B","Total",1588,1116,2,0,0,3,6,6,0,0,0,0,0,0,0,0,0,0,0,0,2,3,0,0,0,0,0,1,0,0,0,0,0,0,0,0,0,0,0,0,0,0,0,0,0,0,0,0,0,343,338,1,0,0,0,2,2,0,112
"E01011710",2011,"Leeds 005C","Total",1421,1035,5,2,6,0,0,0,0,0,0,0,0,0,0,0,0,0,0,0,0,0,0,0,0,0,0,0,0,0,0,0,0,0,0,0,0,0,0,0,0,0,0,0,0,0,0,0,0,276,270,1,1,0,0,0,4,0,97
"E01011711",2011,"Leeds 005D","Total",1389,995,8,3,5,0,2,1,0,0,0,0,0,0,0,0,0,0,0,0,0,1,0,0,0,0,0,0,0,0,0,0,0,0,0,0,0,0,0,0,0,0,0,0,0,0,0,0,0,272,266,1,0,0,1,0,4,0,103
"E01011712",2011,"Leeds 005E","Total",1359,973,3,0,5,2,0,3,0,0,0,0,0,0,0,0,0,0,0,0,0,2,0,0,0,0,0,0,1,0,0,0,0,0,0,0,0,0,0,0,0,0,0,0,0,0,0,0,0,287,281,0,0,0,0,2,4,0,86
"E01011713",2011,"Leeds 006E","Total",1843,1229,1,1,46,38,5,2,0,0,0,0,0,0,0,0,0,0,0,0,0,1,0,0,0,0,0,0,0,0,0,0,0,0,0,0,0,1,0,0,0,0,0,0,0,0,0,0,0,405,398,0,2,0,0,0,5,0,116
"E01011714",2011,"Leeds 029A","Total",1474,955,2,5,1,39,38,2,0,0,0,0,0,0,0,0,0,0,0,0,1,0,0,0,0,0,0,1,0,0,0,0,0,0,0,0,0,0,0,0,0,0,0,0,0,0,0,0,0,326,321,0,2,0,0,0,3,0,106
"E01011715",2011,"Leeds 022C","Total",1289,813,1,4,9,10,6,2,0,0,0,0,0,0,0,0,0,0,0,0,0,1,0,0,0,0,0,0,0,0,0,0,0,0,0,0,1,0,0,0,0,0,0,0,0,0,0,0,0,348,345,0,1,0,0,0,2,0,96
"E01011716",2011,"Leeds 029B","Total",1486,902,4,22,2,146,44,3,0,0,0,0,0,0,0,0,0,0,0,0,0,1,0,0,0,0,0,0,0,0,0,0,0,0,0,0,2,0,0,0,0,0,0,0,0,0,0,0,0,255,250,1,1,0,1,1,1,0,108
"E01011717",2011,"Leeds 029C","Total",1495,937,2,7,2,42,4,3,0,0,0,0,0,0,0,0,0,0,0,0,0,1,0,0,0,0,0,2,0,0,0,0,0,0,0,0,0,0,0,0,0,0,0,0,0,0,0,0,0,399,394,1,0,0,0,0,4,0,99
"E01011718",2011,"Leeds 029D","Total",1400,845,1,1,2,17,0,8,0,0,0,0,0,0,0,0,0,0,0,0,0,1,0,0,0,0,0,1,0,0,0,0,0,0,0,0,0,1,0,0,0,0,0,5,0,0,0,0,0,438,434,0,1,0,0,0,3,0,88
"E01011719",2011,"Leeds 022D","Total",1427,968,2,0,8,0,15,5,0,0,0,0,0,0,0,0,1,0,0,0,0,3,0,0,0,0,0,0,0,0,0,0,0,0,0,0,0,0,0,0,0,0,0,0,0,1,0,0,0,320,314,0,0,0,0,0,6,0,109
"E01011720",2011,"Leeds 029E","Total",1498,941,0,0,4,13,1,9,0,0,0,0,0,0,0,0,0,0,0,2,0,1,0,0,0,0,0,1,0,1,0,0,0,0,0,0,1,1,0,0,0,0,0,0,0,1,0,0,1,459,452,0,0,0,0,2,5,0,71
"E01011721",2011,"Leeds 041A","Total",1522,902,3,2,0,7,0,8,0,0,1,0,0,0,0,0,0,0,0,0,0,2,0,0,0,0,0,5,0,0,0,0,0,0,0,0,0,0,0,0,0,0,0,0,0,0,0,0,0,488,485,0,0,0,0,0,3,0,112
"E01011722",2011,"Leeds 041B","Total",1893,1115,5,8,7,17,6,4,0,0,0,0,0,0,0,0,0,0,0,0,0,0,0,0,0,0,0,4,0,0,0,0,0,0,0,0,0,0,0,0,0,0,0,0,0,0,0,0,0,614,601,0,0,0,0,0,13,0,117
"E01011723",2011,"Leeds 041C","Total",1417,861,4,2,2,8,5,3,0,0,0,0,0,0,0,0,0,0,0,0,0,2,0,0,0,0,0,0,0,1,0,0,0,0,0,0,0,0,0,0,0,0,0,0,0,0,0,0,0,454,447,1,0,0,0,0,6,0,78
"E01011724",2011,"Leeds 041D","Total",1821,1058,4,1,4,16,2,2,0,0,0,0,0,0,0,0,0,0,0,0,0,0,0,0,0,0,0,2,0,0,0,0,0,0,0,0,0,0,0,0,0,0,0,0,0,0,0,0,0,605,600,1,1,0,0,0,3,0,129
"E01011725",2011,"Leeds 078A","Total",1557,820,5,4,2,26,0,2,0,0,0,0,0,0,0,0,0,0,0,0,0,0,0,0,0,0,0,2,0,0,0,0,0,0,0,0,0,0,0,0,0,0,0,0,0,0,0,0,0,580,578,0,0,0,0,0,2,0,118
"E01011726",2011,"Leeds 080A","Total",1449,826,1,6,1,4,0,4,0,0,0,0,0,0,0,0,0,0,0,0,0,0,0,0,0,0,0,1,0,0,0,0,0,0,0,0,0,0,0,0,0,0,0,0,0,0,0,0,3,517,513,0,2,0,0,0,2,0,90
"E01011727",2011,"Leeds 080B","Total",1547,951,1,6,3,18,24,6,0,0,0,0,0,0,0,0,0,0,0,0,0,3,0,0,0,0,0,0,0,0,0,0,0,0,0,0,0,1,0,0,0,0,0,0,0,0,0,2,0,435,414,0,2,0,1,0,18,0,103
"E01011728",2011,"Leeds 080C","Total",1414,906,4,0,7,28,2,0,0,0,0,0,0,0,0,0,0,0,0,0,0,0,0,0,0,0,0,0,0,0,0,0,0,0,0,0,0,0,0,0,0,0,0,0,0,0,0,0,0,378,375,0,0,0,0,0,3,0,89
"E01011729",2011,"Leeds 078B","Total",1614,785,9,14,1,51,20,12,0,0,0,0,0,0,0,0,0,0,0,0,0,0,0,0,1,0,1,5,0,0,0,0,0,0,0,0,0,2,0,0,0,0,0,0,0,1,0,1,1,597,589,0,0,0,1,0,7,0,125
"E01011730",2011,"Leeds 078C","Total",1559,792,0,2,0,10,13,4,0,0,0,0,0,0,0,0,1,0,0,0,0,0,0,0,0,0,0,0,0,1,0,0,0,0,0,0,0,2,0,0,0,0,0,0,0,0,0,0,0,667,660,2,0,0,0,0,5,0,71
"E01011731",2011,"Leeds 081B","Total",1418,920,6,14,0,6,14,6,0,0,0,0,0,0,0,0,0,0,0,0,0,0,0,0,1,0,0,2,0,1,0,0,0,0,0,0,0,1,0,0,0,0,0,0,0,0,0,0,1,378,370,0,2,0,0,0,6,0,74
"E01011732",2011,"Leeds 081C","Total",1861,1088,5,31,0,40,15,3,0,0,0,0,0,0,0,0,0,0,0,0,0,0,0,0,0,0,0,3,0,0,0,0,0,0,0,0,0,0,0,0,0,0,0,0,0,0,0,0,0,554,536,2,1,0,0,1,14,0,125
"E01011733",2011,"Leeds 081D","Total",1492,951,4,0,3,13,5,10,0,0,0,0,0,0,0,0,0,0,0,0,0,0,0,0,0,0,0,3,0,0,0,0,0,0,0,0,0,4,0,0,0,0,0,0,0,3,0,0,0,404,399,1,0,0,0,0,4,0,102
"E01011734",2011,"Leeds 083A","Total",2315,1347,8,44,1,55,23,2,0,0,0,0,0,0,0,0,0,0,0,1,0,1,0,0,0,0,0,0,0,0,0,0,0,0,0,0,0,0,0,0,0,0,0,0,0,0,0,0,0,691,680,1,0,0,1,2,7,0,144
"E01011735",2011,"Leeds 078D","Total",1659,892,4,13,4,5,5,5,0,0,0,0,0,0,0,0,0,0,0,0,0,0,0,0,0,0,0,3,0,0,0,0,0,0,0,0,1,1,0,0,0,0,0,0,0,0,0,0,0,600,591,1,0,0,0,0,8,0,131
"E01011736",2011,"Leeds 083B","Total",1485,909,5,13,1,7,16,5,0,0,0,0,0,0,0,0,0,0,0,0,0,1,0,0,0,0,0,1,0,0,0,0,0,0,0,0,0,1,0,0,0,0,0,0,0,2,0,0,0,424,412,3,2,0,0,0,7,0,105
"E01011737",2011,"Leeds 083C","Total",1563,814,9,3,0,6,12,11,0,0,0,0,0,0,0,0,0,0,0,0,0,0,0,0,0,0,1,6,0,0,0,0,0,0,0,0,0,3,0,0,0,0,0,0,0,1,0,0,0,610,604,4,1,0,0,0,1,0,98
"E01011738",2011,"Leeds 083D","Total",1435,988,3,27,0,5,4,5,1,0,0,0,0,0,0,0,0,0,0,0,0,1,0,0,0,0,0,2,0,0,0,0,0,0,0,0,0,1,0,0,0,0,0,0,0,0,0,0,0,318,316,0,0,0,0,0,2,0,85
"E01011739",2011,"Leeds 080D","Total",1530,825,4,0,1,24,4,2,0,0,0,0,0,0,0,0,0,0,0,0,0,0,0,0,0,0,0,1,0,0,0,0,0,0,0,0,0,1,0,0,0,0,0,0,0,0,0,0,0,575,570,0,0,0,0,0,5,0,95
"E01032487",2011,"Leeds 097F","Total",1013,690,0,0,0,5,2,3,0,2,0,0,0,0,0,0,0,0,0,0,0,0,0,0,0,0,0,0,0,0,0,0,0,0,0,0,0,0,1,0,0,0,0,0,0,0,0,0,0,255,253,2,0,0,0,0,0,0,58
"E01032488",2011,"Leeds 097G","Total",1846,1270,1,6,3,6,0,7,0,0,0,0,0,0,0,0,0,0,0,0,0,2,0,0,0,0,0,3,0,0,0,0,0,0,0,0,0,0,0,0,0,0,0,0,0,2,0,0,0,417,412,0,1,0,0,0,4,0,136
"E01032489",2011,"Leeds 102F","Total",1936,1027,4,15,1,0,9,9,0,0,0,0,0,0,0,0,0,0,0,1,0,0,0,0,0,0,0,2,0,0,0,0,0,0,0,0,0,6,0,0,0,0,0,0,0,0,0,0,0,714,700,3,2,0,0,0,9,0,157
"E01032490",2011,"Leeds 102G","Total",1396,826,3,27,1,18,10,8,0,0,0,0,0,0,0,0,0,0,0,0,0,0,0,0,0,0,0,2,0,0,0,0,0,0,0,0,1,1,0,0,0,0,0,0,0,3,0,0,1,400,391,2,0,0,0,0,7,0,103
"E01032491",2011,"Leeds 102H","Total",1230,785,1,9,0,23,14,2,0,0,0,0,0,0,0,0,1,0,0,0,0,0,0,0,0,0,0,0,0,1,0,0,0,0,0,0,0,0,0,0,0,0,0,0,0,0,0,0,0,306,297,1,1,0,0,0,7,0,90
"E01032492",2011,"Leeds 102I","Total",1991,1021,7,15,1,7,2,5,0,0,1,0,0,0,0,0,0,0,0,0,0,0,0,0,0,0,0,2,0,0,0,0,0,0,0,0,0,1,0,0,0,0,0,0,0,1,0,0,0,809,792,1,4,0,0,0,12,0,124
"E01032493",2011,"Leeds 033F","Total",1343,787,10,9,1,48,12,4,0,2,0,0,0,0,0,0,0,0,0,0,0,0,0,0,0,0,0,1,0,0,0,0,0,0,0,0,0,1,0,0,0,0,0,0,0,0,0,0,0,385,378,1,2,0,0,0,4,0,87
"E01032494",2011,"Leeds 033G","Total",1745,923,1,9,3,91,17,5,0,1,0,0,0,0,0,1,0,0,0,0,0,0,0,0,0,0,0,2,0,1,0,0,0,0,0,0,0,0,0,0,0,0,0,0,0,0,0,0,0,595,589,0,0,0,0,0,6,0,101
"E01032495",2011,"Leeds 105E","Total",2399,1311,7,34,0,33,7,0,0,0,0,0,0,0,0,0,0,0,0,0,0,0,0,0,0,0,0,0,0,0,0,0,0,0,0,0,0,0,0,0,0,0,0,0,0,0,0,0,0,867,858,3,0,0,0,0,6,0,140
"E01032496",2011,"Leeds 105F","Total",2044,1290,4,4,0,12,2,4,0,0,0,0,0,0,0,0,0,0,0,0,0,0,0,0,0,0,0,2,0,0,0,0,0,0,0,0,0,0,0,0,0,0,0,0,0,2,0,0,0,583,576,1,1,0,0,0,5,0,145
"E01032497",2011,"Leeds 099E","Total",1496,835,10,8,5,30,3,5,0,2,0,0,0,0,0,0,0,0,0,0,0,0,0,0,0,0,0,0,0,0,0,0,0,0,0,0,0,1,0,0,0,0,0,0,0,0,0,1,1,498,492,1,0,0,0,0,5,0,102
"E01032498",2011,"Leeds 099F","Total",1531,1080,1,3,6,4,0,4,0,0,0,0,0,0,0,0,0,0,0,0,0,0,0,0,0,0,0,3,0,0,0,0,0,1,0,0,0,0,0,0,0,0,0,0,0,0,0,0,0,325,320,1,0,0,0,0,4,0,108
"E01032499",2011,"Leeds 067G","Total",1749,1089,1,14,1,95,84,2,0,0,1,0,0,0,0,0,0,0,0,0,0,0,0,0,0,0,0,1,0,0,0,0,0,0,0,0,0,0,0,0,0,0,0,0,0,0,0,0,0,369,363,1,1,0,0,0,4,0,94
"E01032500",2011,"Leeds 067H","Total",1144,518,8,5,1,115,2,1,0,0,0,0,0,0,0,0,0,0,0,0,0,0,0,0,0,0,1,0,0,0,0,0,0,0,0,0,0,0,0,0,0,0,0,0,0,0,0,0,0,409,387,3,6,0,1,0,12,0,85
"E01032501",2011,"Leeds 017E","Total",1173,803,3,1,1,27,0,2,0,0,0,0,0,0,0,0,1,0,0,0,0,0,0,0,0,0,0,1,0,0,0,0,0,0,0,0,0,0,0,0,0,0,0,0,0,0,0,0,0,269,265,1,1,0,0,1,1,0,67
"E01032502",2011,"Leeds 017F","Total",1842,919,7,11,10,123,6,5,0,0,0,0,0,0,0,0,0,0,0,1,0,0,0,0,0,0,0,2,0,2,0,0,0,0,0,0,0,0,0,0,0,0,0,0,0,0,0,0,0,652,643,0,0,0,1,0,8,0,109
"E01032503",2011,"Leeds 007E","Total",1465,1004,2,4,17,4,13,4,0,0,0,0,0,0,0,0,0,0,0,0,0,2,0,0,0,0,0,1,0,0,0,0,0,0,0,0,0,1,0,0,0,0,0,0,0,0,0,0,0,312,310,0,0,0,0,0,2,0,105
"E01032504",2011,"Leeds 007F","Total",1584,1107,4,7,5,14,20,2,0,0,0,0,0,0,0,0,0,0,0,0,0,0,0,0,0,0,0,2,0,0,0,0,0,0,0,0,0,0,0,0,0,0,0,0,0,0,0,0,0,300,294,0,2,0,0,0,4,0,125
"E01032606",2011,"Leeds 067I","Total",1982,1166,6,10,2,22,1,5,0,0,0,0,0,0,0,0,0,0,0,0,0,0,0,0,0,0,1,1,0,0,0,0,0,0,0,0,2,1,0,0,0,0,0,0,0,0,0,0,0,644,636,2,4,0,0,0,2,0,126
"E01032607",2011,"Leeds 067J","Total",1101,555,6,3,0,56,9,4,0,0,0,0,0,0,0,0,0,0,0,0,0,1,0,0,0,0,0,3,0,0,0,0,0,0,0,0,0,0,0,0,0,0,0,0,0,0,0,0,0,400,389,2,1,0,0,1,7,0,68
"E01032608",2011,"Leeds 067K","Total",1170,554,13,0,0,118,26,12,0,0,0,0,0,0,0,0,1,0,0,0,0,1,0,0,0,0,1,3,0,0,0,0,0,0,0,0,1,1,0,0,0,0,0,1,0,0,0,0,3,364,356,1,3,0,0,0,4,0,83
"E01032876",2011,"Leeds 109G","Total",2691,1310,21,33,19,51,29,12,0,0,0,0,1,0,0,0,0,0,0,1,0,2,0,0,0,0,0,2,0,0,0,0,0,0,0,0,0,1,1,1,0,0,0,0,0,3,0,0,0,1033,1000,6,5,0,1,1,20,0,183
"E01032945",2011,"Leeds 044F","Total",3163,1338,17,25,24,71,11,13,0,1,0,0,0,1,0,0,0,0,0,0,0,0,0,0,0,0,1,2,0,3,0,0,0,0,0,1,0,0,0,0,0,1,0,0,0,0,0,0,3,1473,1413,3,2,0,1,1,53,0,191
"E01032946",2011,"Leeds 110G","Total",2472,1032,13,39,10,99,13,10,0,0,0,0,0,0,0,1,0,0,0,0,1,0,0,0,0,1,0,2,0,1,0,0,1,0,1,0,0,0,0,0,0,0,0,0,0,2,0,0,0,1075,1034,11,2,0,1,0,27,0,181
"E01033002",2011,"Leeds 055F","Total",1310,500,8,51,6,317,2,5,0,0,0,0,0,0,0,0,0,0,0,0,0,0,0,0,0,0,0,1,0,1,0,0,0,0,0,0,1,1,0,0,0,0,0,0,0,0,0,0,1,339,329,1,1,0,0,1,7,0,82
"E01033003",2011,"Leeds 055G","Total",1783,715,22,53,3,416,10,6,0,0,0,0,0,0,0,0,0,0,0,2,1,0,0,0,0,0,0,0,0,2,0,0,0,0,0,0,0,0,0,0,0,0,0,0,0,0,0,0,1,429,414,1,0,0,0,0,14,0,129
"E01033005",2011,"Leeds 055H","Total",3530,1172,67,97,49,478,16,22,0,0,1,0,0,0,1,0,0,0,0,0,0,0,0,0,0,0,0,2,0,6,0,0,0,0,0,1,0,2,1,0,0,0,0,0,1,2,0,0,5,1409,1376,3,0,0,0,1,29,0,220
"E01033006",2011,"Leeds 063E","Total",3385,1121,59,127,45,488,26,19,0,0,0,0,0,0,0,0,0,0,0,0,1,1,0,0,0,0,0,5,1,2,0,0,0,0,0,2,0,2,1,0,0,0,0,0,0,2,0,1,1,1288,1244,10,7,0,0,0,27,0,212
"E01033008",2011,"Leeds 111A","Total",1120,405,18,30,5,126,7,7,0,0,3,0,0,0,0,0,0,0,0,0,0,0,0,0,0,0,0,0,0,2,0,0,0,0,0,0,0,0,1,0,0,0,0,0,0,0,0,0,1,458,443,2,4,0,0,0,9,0,64
"E01033010",2011,"Leeds 111B","Total",2807,1003,78,100,22,364,41,9,0,0,1,0,0,0,0,0,0,1,0,0,2,0,0,0,0,0,0,0,0,2,0,0,0,2,0,0,0,0,0,0,0,0,0,0,0,0,0,1,0,1029,1008,2,1,0,0,0,18,0,161
"E01033011",2011,"Leeds 111C","Total",1373,481,17,11,8,79,6,9,0,0,1,0,0,0,0,0,0,0,0,0,1,0,0,0,0,0,0,0,1,3,0,0,0,0,0,0,0,2,0,0,0,0,0,0,1,0,0,0,0,672,643,3,5,0,0,0,21,0,90
"E01033013",2011,"Leeds 082E","Total",1189,569,9,29,4,75,8,2,0,0,0,0,0,0,0,0,0,0,0,0,0,0,0,0,0,0,0,0,0,0,0,0,0,0,0,1,0,0,0,0,0,0,0,0,0,0,0,0,1,400,389,0,1,0,0,0,10,0,93
"E01033015",2011,"Leeds 111D","Total",1167,414,10,57,8,62,9,3,0,1,0,0,0,0,0,0,0,0,0,0,2,0,0,0,0,0,0,0,0,0,0,0,0,0,0,0,0,0,0,0,0,0,0,0,0,0,0,0,0,531,511,3,4,0,0,0,13,0,73
"E01033016",2011,"Leeds 111E","Total",1017,390,8,46,8,70,11,12,0,0,0,0,0,0,0,0,0,2,0,0,1,0,1,0,0,0,2,3,0,1,0,0,0,0,0,0,0,1,0,0,0,0,0,0,0,1,0,0,0,402,394,1,2,0,0,0,5,0,70
"E01033018",2011,"Leeds 112D","Total",1137,411,10,104,1,62,10,5,0,0,0,0,0,0,0,0,0,0,0,0,1,0,0,0,0,0,0,1,0,0,0,0,1,0,0,0,0,1,0,0,0,0,0,0,0,1,0,0,0,478,465,2,3,0,0,1,7,0,56
"E01033019",2011,"Leeds 112E","Total",1700,626,5,80,5,78,12,10,0,0,0,0,0,0,0,0,0,1,0,0,2,0,0,0,0,0,0,0,1,0,0,0,0,0,0,0,0,0,0,0,0,0,0,0,0,1,0,5,0,775,746,6,4,0,1,0,18,0,109
"E01033021",2011,"Leeds 075E","Total",1300,759,8,9,6,43,0,2,0,0,0,0,0,0,0,0,0,0,0,0,0,0,0,0,0,0,0,0,0,0,0,0,0,0,0,0,0,0,0,0,0,0,0,0,0,0,0,2,0,395,389,3,0,0,0,0,3,0,78
"E01033031",2011,"Leeds 064E","Total",1289,589,12,40,2,196,5,3,0,0,0,0,0,0,0,0,0,0,0,0,0,0,0,0,0,0,0,2,0,0,0,0,1,0,0,0,0,0,0,0,0,0,0,0,0,0,0,0,0,353,349,0,1,0,0,0,3,0,89
"E01033032",2011,"Leeds 082F","Total",1278,539,4,127,1,87,8,4,0,0,0,0,0,0,0,0,0,0,0,0,2,0,0,0,0,0,0,1,0,0,0,0,0,0,0,0,1,0,0,0,0,0,0,0,0,0,0,0,0,405,393,2,1,0,0,0,9,0,103
"E01033033",2011,"Leeds 075F","Total",1580,720,8,58,9,70,2,9,0,0,0,0,0,0,0,0,0,0,0,0,0,1,0,0,0,0,0,1,0,2,0,0,0,3,0,0,0,0,0,0,0,0,0,0,0,1,0,1,0,595,580,0,1,0,0,0,14,0,109
"E01033034",2011,"Leeds 075G","Total",1025,392,6,32,4,33,5,3,0,0,1,0,0,0,0,0,0,0,0,0,0,0,0,0,0,0,0,0,0,0,0,0,0,0,0,0,0,0,1,0,0,0,0,0,0,1,0,0,0,503,480,3,4,0,1,2,13,0,47
"E01033035",2011,"Leeds 064F","Total",1412,585,11,5,3,544,4,5,0,0,0,0,0,0,0,0,0,0,0,0,0,0,0,0,0,0,0,0,0,1,0,0,0,0,0,0,0,2,0,0,0,0,0,0,0,0,0,2,0,165,164,0,1,0,0,0,0,0,90
