"lsoa11cd","date","lsoa11nm","Rural Urban","NS-SeC: All categories: NS-SeC of household reference person; measures: Value","NS-SeC: 1. Higher managerial, administrative and professional occupations; measures: Value","NS-SeC: 1.1 Large employers and higher managerial and administrative occupations; measures: Value","NS-SeC: L1 Employers in large establishments; measures: Value","NS-SeC: L2 Higher managerial and administrative occupations; measures: Value","NS-SeC: 1.2 Higher professional occupations; measures: Value","NS-SeC: L3.1 Traditional employees; measures: Value","NS-SeC: L3.2 New employees; measures: Value","NS-SeC: L3.3 Traditional self-employed; measures: Value","NS-SeC: L3.4 New self-employed; measures: Value","NS-SeC: 2. Lower managerial, administrative and professional occupations; measures: Value","NS-SeC: L4 Lower professional and higher technical occupations; measures: Value","NS-SeC: L4.1 Traditional employees; measures: Value","NS-SeC: L4.2 New employees; measures: Value","NS-SeC: L4.3 Traditional self-employed; measures: Value","NS-SeC: L4.4 New self-employed; measures: Value","NS-SeC: L5 Lower managerial and administrative occupations; measures: Value","NS-SeC: L6 Higher supervisory occupations; measures: Value","NS-SeC: 3. Intermediate occupations; measures: Value","NS-SeC: L7.1 Intermediate clerical and administrative occupations; measures: Value","NS-SeC: L7.2 Intermediate sales and service occupations; measures: Value","NS-SeC: L7.3 Intermediate technical and auxiliary occupations; measures: Value","NS-SeC: L7.4 Intermediate engineering occupations; measures: Value","NS-SeC: 4. Small employers and own account workers; measures: Value","NS-SeC: L8 Employers in small establishments; measures: Value","NS-SeC: L8.1 Employers in small establishments in industry, commerce, services etc.; measures: Value","NS-SeC: L8.2 Employers in small establishments in agriculture; measures: Value","NS-SeC: L9 Own account workers; measures: Value","NS-SeC: L9.1 Own account workers (non-professional); measures: Value","NS-SeC: L9.2 Own account workers (agriculture); measures: Value","NS-SeC: 5. Lower supervisory and technical occupations; measures: Value","NS-SeC: L10 Lower supervisory occupations; measures: Value","NS-SeC: L11 Lower technical occupations; measures: Value","NS-SeC: L11.1 Lower technical craft occupations; measures: Value","NS-SeC: L11.2 Lower technical process operative occupations; measures: Value","NS-SeC: 6. Semi-routine occupations; measures: Value","NS-SeC: L12.1 Semi-routine sales occupations; measures: Value","NS-SeC: L12.2 Semi-routine service occupations; measures: Value","NS-SeC: L12.3 Semi-routine technical occupations; measures: Value","NS-SeC: L12.4 Semi-routine operative occupations; measures: Value","NS-SeC: L12.5 Semi-routine agricultural occupations; measures: Value","NS-SeC: L12.6 Semi-routine clerical occupations; measures: Value","NS-SeC: L12.7 Semi-routine childcare occupations; measures: Value","NS-SeC: 7. Routine occupations; measures: Value","NS-SeC: L13.1 Routine sales and service occupations; measures: Value","NS-SeC: L13.2 Routine production occupations; measures: Value","NS-SeC: L13.3 Routine technical occupations; measures: Value","NS-SeC: L13.4 Routine operative occupations; measures: Value","NS-SeC: L13.5 Routine agricultural occupations; measures: Value","NS-SeC: 8. Never worked and long-term unemployed; measures: Value","NS-SeC: L14.1 Never worked; measures: Value","NS-SeC: L14.2 Long-term unemployed; measures: Value","NS-SeC: Not classified; measures: Value","NS-SeC: L15 Full-time students; measures: Value","NS-SeC: L17 Not classifiable for other reasons; measures: Value"
"E01011264",2011,"Leeds 011A","Total",982,77,11,0,11,66,37,23,4,2,245,137,89,30,16,2,71,37,103,57,29,12,5,138,30,30,0,108,108,0,150,75,75,65,10,133,30,68,7,14,6,5,3,103,8,14,41,40,0,17,6,11,16,16,0
"E01011265",2011,"Leeds 009A","Total",1268,268,56,0,56,212,117,89,2,4,425,289,209,58,20,2,98,38,130,75,36,18,1,166,27,27,0,139,139,0,98,53,45,31,14,81,26,32,6,7,0,2,8,67,17,5,29,16,0,10,3,7,23,23,0
"E01011266",2011,"Leeds 008A","Total",1790,518,115,2,113,403,180,162,49,12,585,372,281,43,33,15,166,47,229,113,84,16,16,244,89,89,0,155,155,0,87,50,37,32,5,71,13,32,0,6,0,12,8,27,2,7,16,2,0,8,4,4,21,21,0
"E01011267",2011,"Leeds 009B","Total",1192,194,32,0,32,162,95,44,16,7,238,142,123,14,4,1,72,24,143,67,55,12,9,132,27,27,0,105,105,0,109,56,53,43,10,195,31,95,26,21,0,14,8,141,13,11,54,61,2,26,14,12,14,14,0
"E01011268",2011,"Leeds 010A","Total",1186,111,18,0,18,93,53,34,3,3,167,77,57,10,6,4,58,32,139,74,43,12,10,128,12,12,0,116,116,0,136,63,73,64,9,266,60,77,45,59,1,23,1,176,15,16,73,69,3,45,22,23,18,18,0
"E01011269",2011,"Leeds 011B","Total",1190,116,16,0,16,100,39,52,5,4,288,158,118,28,12,0,85,45,148,73,60,7,8,194,29,29,0,165,161,4,114,71,43,40,3,151,36,63,17,26,0,8,1,151,15,10,73,53,0,25,6,19,3,3,0
"E01011270",2011,"Leeds 008B","Total",1234,471,113,0,113,358,159,71,114,14,358,191,126,36,19,10,135,32,87,66,8,2,11,215,102,101,1,113,96,17,29,16,13,10,3,39,12,12,0,10,0,5,0,27,0,0,16,11,0,1,0,1,7,7,0
"E01011271",2011,"Leeds 009C","Total",1818,469,90,0,90,379,177,170,23,9,586,356,242,67,28,19,138,92,145,79,47,15,4,247,84,79,5,163,163,0,121,57,64,45,19,138,36,37,16,22,0,19,8,76,0,14,48,14,0,10,3,7,26,26,0
"E01011272",2011,"Leeds 009D","Total",1318,300,67,0,67,233,107,85,29,12,338,201,156,31,11,3,88,49,202,135,46,7,14,163,47,47,0,116,116,0,115,71,44,33,11,108,28,34,7,20,0,19,0,71,2,12,30,27,0,18,15,3,3,3,0
"E01011273",2011,"Leeds 010B","Total",1229,246,52,0,52,194,77,90,23,4,310,177,129,38,10,0,92,41,146,76,40,16,14,125,26,26,0,99,99,0,99,56,43,40,3,153,31,54,19,36,0,8,5,88,8,13,25,39,3,41,18,23,21,21,0
"E01011274",2011,"Leeds 010C","Total",1155,65,16,0,16,49,23,16,10,0,220,127,90,30,7,0,63,30,120,66,41,6,7,117,39,39,0,78,78,0,98,60,38,36,2,242,71,97,23,33,3,13,2,215,29,24,59,103,0,64,28,36,14,14,0
"E01011275",2011,"Leeds 010D","Total",1091,130,27,0,27,103,46,48,9,0,256,142,120,17,5,0,89,25,137,90,33,9,5,124,21,21,0,103,100,3,115,56,59,58,1,172,45,87,23,13,0,4,0,111,11,15,35,50,0,28,12,16,18,18,0
"E01011276",2011,"Leeds 011C","Total",1179,224,53,0,53,171,80,66,22,3,349,233,182,35,10,6,85,31,170,79,65,10,16,171,43,43,0,128,124,4,90,35,55,48,7,100,31,35,12,10,0,12,0,44,7,4,19,14,0,20,4,16,11,11,0
"E01011277",2011,"Leeds 014A","Total",1388,272,59,0,59,213,77,106,30,0,446,248,187,35,25,1,114,84,171,78,72,17,4,157,23,23,0,134,130,4,126,69,57,53,4,109,21,47,16,5,0,12,8,80,11,11,31,22,5,14,3,11,13,13,0
"E01011278",2011,"Leeds 014B","Total",1367,340,73,0,73,267,147,95,19,6,392,276,179,72,24,1,89,27,177,90,39,30,18,189,50,50,0,139,139,0,76,32,44,44,0,104,16,50,13,12,0,13,0,58,9,1,32,16,0,20,8,12,11,11,0
"E01011279",2011,"Leeds 008C","Total",1023,245,44,0,44,201,73,92,32,4,328,203,149,42,11,1,89,36,92,60,17,11,4,140,45,45,0,95,85,10,60,32,28,23,5,56,22,16,4,12,0,2,0,70,2,3,45,20,0,25,8,17,7,7,0
"E01011280",2011,"Leeds 008D","Total",1483,360,92,0,92,268,139,100,23,6,405,241,185,29,16,11,125,39,161,88,59,8,6,226,73,67,6,153,147,6,114,61,53,49,4,113,17,50,11,20,0,15,0,74,5,10,38,21,0,15,3,12,15,12,3
"E01011281",2011,"Leeds 059A","Total",1653,220,23,0,23,197,125,56,13,3,344,247,203,27,12,5,62,35,193,133,41,17,2,172,33,33,0,139,139,0,105,80,25,25,0,236,86,75,22,29,0,19,5,235,20,22,92,101,0,127,82,45,21,21,0
"E01011282",2011,"Leeds 059B","Total",1212,68,6,0,6,62,31,24,4,3,208,105,85,7,13,0,72,31,154,89,38,10,17,81,13,13,0,68,68,0,129,90,39,38,1,268,39,106,34,60,0,19,10,220,34,29,74,83,0,67,40,27,17,17,0
"E01011283",2011,"Leeds 059C","Total",1171,83,23,0,23,60,27,31,1,1,116,71,64,4,0,3,29,16,116,49,44,16,7,130,44,44,0,86,86,0,142,80,62,47,15,181,46,90,21,16,0,8,0,265,17,47,48,152,1,121,65,56,17,17,0
"E01011284",2011,"Leeds 071A","Total",1635,113,20,0,20,93,54,34,2,3,274,174,140,18,16,0,54,46,202,113,70,12,7,122,22,22,0,100,98,2,157,117,40,32,8,303,74,108,38,36,0,26,21,292,41,59,60,132,0,133,74,59,39,39,0
"E01011286",2011,"Leeds 059D","Total",1079,80,13,0,13,67,28,28,9,2,249,140,125,13,2,0,58,51,124,74,28,17,5,136,20,20,0,116,116,0,143,88,55,52,3,128,20,59,18,14,0,10,7,163,13,7,84,56,3,38,23,15,18,18,0
"E01011287",2011,"Leeds 067B","Total",1123,107,37,0,37,70,35,24,7,4,261,120,90,28,2,0,93,48,150,83,50,11,6,111,21,18,3,90,90,0,129,72,57,54,3,163,40,53,23,27,0,12,8,137,5,22,80,30,0,43,33,10,22,22,0
"E01011292",2011,"Leeds 071B","Total",1357,56,5,0,5,51,36,10,4,1,161,102,77,14,9,2,49,10,115,87,25,2,1,128,43,43,0,85,85,0,81,44,37,31,6,343,100,118,35,46,0,24,20,268,24,39,69,135,1,172,104,68,33,33,0
"E01011293",2011,"Leeds 071C","Total",1522,86,12,0,12,74,44,28,2,0,195,107,87,7,13,0,72,16,124,52,43,22,7,212,65,65,0,147,147,0,120,81,39,39,0,293,60,107,39,57,1,25,4,324,25,20,88,174,17,137,65,72,31,31,0
"E01011294",2011,"Leeds 071D","Total",888,43,10,0,10,33,10,18,4,1,111,57,46,2,8,1,35,19,91,44,44,2,1,124,34,34,0,90,90,0,82,49,33,33,0,173,48,83,20,14,0,4,4,157,6,24,50,77,0,102,47,55,5,5,0
"E01011295",2011,"Leeds 059E","Total",1400,102,11,0,11,91,48,27,16,0,237,154,123,18,8,5,45,38,170,94,54,13,9,102,16,16,0,86,86,0,157,83,74,66,8,281,80,96,48,42,0,12,3,244,17,11,106,110,0,82,47,35,25,25,0
"E01011296",2011,"Leeds 030A","Total",1183,265,63,0,63,202,113,72,15,2,352,215,139,52,21,3,81,56,149,91,41,3,14,156,56,52,4,100,96,4,75,26,49,45,4,88,22,25,5,17,0,14,5,74,12,2,29,31,0,16,8,8,8,8,0
"E01011297",2011,"Leeds 030B","Total",1347,345,78,0,78,267,110,103,50,4,429,244,175,31,19,19,130,55,98,57,31,8,2,218,94,87,7,124,95,29,101,67,34,34,0,70,7,39,10,1,4,7,2,68,10,6,36,15,1,13,4,9,5,5,0
"E01011298",2011,"Leeds 088A","Total",1310,134,24,0,24,110,69,41,0,0,303,182,133,28,14,7,63,58,137,74,47,9,7,111,23,23,0,88,76,12,151,76,75,60,15,192,46,97,12,20,0,13,4,206,15,18,83,86,4,57,20,37,19,19,0
"E01011299",2011,"Leeds 088B","Total",1923,239,45,0,45,194,114,48,31,1,469,269,216,38,15,0,135,65,210,94,99,9,8,312,68,65,3,244,220,24,207,75,132,129,3,245,71,102,18,40,1,12,1,200,16,14,95,75,0,24,13,11,17,17,0
"E01011300",2011,"Leeds 089A","Total",1237,133,58,0,58,75,48,24,3,0,285,178,154,22,2,0,66,41,145,81,42,4,18,142,24,24,0,118,117,1,126,64,62,51,11,188,48,74,28,23,2,6,7,182,23,17,73,69,0,26,12,14,10,10,0
"E01011301",2011,"Leeds 089B","Total",1114,146,52,0,52,94,47,47,0,0,293,153,97,38,14,4,78,62,164,75,67,3,19,118,19,19,0,99,98,1,146,65,81,75,6,114,27,37,18,17,0,12,3,115,11,9,61,30,4,12,8,4,6,6,0
"E01011302",2011,"Leeds 088C","Total",1024,128,32,0,32,96,38,45,11,2,237,132,89,29,12,2,62,43,133,79,32,5,17,140,33,33,0,107,107,0,124,46,78,78,0,109,29,21,20,21,0,9,9,146,10,5,91,39,1,5,3,2,2,2,0
"E01011303",2011,"Leeds 088D","Total",913,110,31,0,31,79,40,30,9,0,145,63,50,6,4,3,59,23,145,90,38,8,9,105,32,32,0,73,68,5,97,38,59,56,3,127,33,50,8,29,0,6,1,159,10,12,73,62,2,19,9,10,6,6,0
"E01011304",2011,"Leeds 089C","Total",1326,115,37,0,37,78,40,33,5,0,314,137,124,6,3,4,135,42,170,96,52,14,8,128,9,9,0,119,115,4,155,79,76,76,0,214,40,75,31,37,4,24,3,188,10,16,90,72,0,38,26,12,4,4,0
"E01011305",2011,"Leeds 089D","Total",1305,142,31,0,31,111,41,62,6,2,323,195,145,44,5,1,92,36,154,71,54,19,10,160,43,39,4,117,112,5,167,85,82,74,8,156,25,61,15,40,3,9,3,185,1,31,100,53,0,7,2,5,11,11,0
"E01011306",2011,"Leeds 089E","Total",1125,133,44,0,44,89,35,45,7,2,315,186,143,36,4,3,79,50,168,102,44,8,14,106,28,28,0,78,77,1,173,77,96,82,14,108,23,43,8,12,0,16,6,117,9,16,64,25,3,4,1,3,1,1,0
"E01011307",2011,"Leeds 103A","Total",1268,83,26,0,26,57,19,29,9,0,211,102,72,18,7,5,80,29,121,57,48,9,7,141,25,25,0,116,115,1,195,91,104,92,12,235,48,115,29,39,0,4,0,229,21,12,91,104,1,47,21,26,6,6,0
"E01011308",2011,"Leeds 103B","Total",1191,114,49,0,49,65,25,38,2,0,229,136,99,26,3,8,46,47,139,69,46,6,18,133,35,32,3,98,96,2,173,70,103,83,20,184,29,61,33,45,2,6,8,191,9,9,99,73,1,16,5,11,12,12,0
"E01011309",2011,"Leeds 030C","Total",1197,254,84,3,81,170,72,63,23,12,328,173,125,23,20,5,113,42,121,67,31,4,19,228,62,54,8,166,157,9,65,30,35,29,6,87,13,41,10,12,2,6,3,85,6,0,37,42,0,19,8,11,10,10,0
"E01011310",2011,"Leeds 030D","Total",1261,405,62,0,62,343,212,62,63,6,404,239,159,30,32,18,134,31,83,57,23,3,0,180,51,41,10,129,114,15,54,32,22,21,1,67,17,31,7,8,1,0,3,36,5,2,21,8,0,13,4,9,19,19,0
"E01011311",2011,"Leeds 022A","Total",986,355,115,0,115,240,125,45,59,11,271,113,62,14,26,11,135,23,45,33,12,0,0,236,125,125,0,111,103,8,34,26,8,6,2,19,4,3,0,10,2,0,0,23,6,4,10,2,1,3,2,1,0,0,0
"E01011312",2011,"Leeds 086A","Total",1505,59,14,0,14,45,18,22,5,0,136,89,69,13,7,0,40,7,112,49,59,4,0,221,63,63,0,158,158,0,108,45,63,60,3,312,49,182,17,51,0,6,7,259,43,35,54,127,0,251,144,107,47,47,0
"E01011313",2011,"Leeds 091A","Total",1445,114,32,0,32,82,48,34,0,0,236,153,129,11,8,5,59,24,188,126,49,9,4,169,43,43,0,126,125,1,133,67,66,59,7,250,43,108,44,15,2,31,7,220,12,27,61,120,0,100,33,67,35,35,0
"E01011314",2011,"Leeds 091B","Total",1305,102,27,0,27,75,39,31,2,3,254,172,140,15,12,5,58,24,198,107,77,14,0,133,18,18,0,115,115,0,124,91,33,30,3,200,51,72,26,31,0,16,4,233,13,34,99,87,0,48,23,25,13,13,0
"E01011315",2011,"Leeds 090A","Total",1316,100,29,0,29,71,39,26,5,1,241,145,106,20,9,10,71,25,191,94,75,11,11,207,75,75,0,132,131,1,129,82,47,46,1,197,74,71,17,16,0,11,8,191,26,17,68,80,0,49,26,23,11,11,0
"E01011316",2011,"Leeds 086B","Total",1559,68,11,0,11,57,32,16,7,2,170,110,89,19,2,0,41,19,130,63,63,4,0,258,54,54,0,204,204,0,135,70,65,59,6,228,52,101,22,35,0,16,2,315,44,46,60,163,2,227,149,78,28,28,0
"E01011317",2011,"Leeds 090B","Total",1468,79,16,0,16,63,38,21,4,0,158,70,54,10,6,0,57,31,145,71,60,14,0,98,23,23,0,75,75,0,136,84,52,44,8,337,101,124,52,22,0,27,11,322,17,50,87,164,4,164,90,74,29,28,1
"E01011318",2011,"Leeds 090C","Total",1356,43,9,0,9,34,15,19,0,0,173,82,80,2,0,0,48,43,169,88,53,24,4,72,16,16,0,56,56,0,144,81,63,50,13,265,89,98,35,33,0,8,2,300,33,30,95,141,1,147,72,75,43,43,0
"E01011319",2011,"Leeds 091C","Total",1319,99,22,0,22,77,45,25,7,0,247,134,100,17,9,8,84,29,131,52,56,16,7,219,41,41,0,178,178,0,134,73,61,51,10,202,34,67,53,23,4,19,2,196,33,22,73,68,0,69,32,37,22,22,0
"E01011320",2011,"Leeds 091D","Total",1407,133,20,0,20,113,65,45,3,0,194,109,88,17,4,0,66,19,194,101,67,23,3,213,43,43,0,170,170,0,155,82,73,69,4,212,54,88,32,27,0,11,0,214,24,20,80,90,0,58,40,18,34,34,0
"E01011321",2011,"Leeds 090D","Total",1381,78,28,6,22,50,20,28,2,0,207,133,104,19,10,0,53,21,154,83,61,3,7,112,39,39,0,73,73,0,79,45,34,33,1,271,80,131,24,22,2,9,3,285,16,32,97,140,0,151,77,74,44,44,0
"E01011322",2011,"Leeds 091E","Total",1269,106,28,0,28,78,32,32,12,2,259,163,140,10,9,4,60,36,170,88,60,13,9,114,32,32,0,82,82,0,148,80,68,64,4,179,42,59,12,45,0,17,4,228,33,24,73,98,0,49,27,22,16,16,0
"E01011323",2011,"Leeds 051A","Total",962,88,30,0,30,58,34,20,0,4,180,99,68,27,4,0,61,20,112,47,47,10,8,120,29,29,0,91,88,3,100,66,34,34,0,180,31,77,39,23,0,7,3,163,9,18,68,68,0,13,7,6,6,6,0
"E01011324",2011,"Leeds 046A","Total",1234,44,5,0,5,39,15,17,7,0,109,66,44,17,1,4,33,10,112,66,39,1,6,62,6,6,0,56,56,0,80,48,32,31,1,224,61,105,22,23,1,11,1,261,22,27,80,132,0,154,99,55,188,188,0
"E01011325",2011,"Leeds 046B","Total",1270,158,39,0,39,119,59,55,5,0,318,178,131,31,16,0,89,51,119,54,28,28,9,134,42,42,0,92,92,0,95,41,54,50,4,195,49,69,23,33,3,17,1,164,3,25,64,72,0,60,35,25,27,27,0
"E01011326",2011,"Leeds 046C","Total",1184,52,13,0,13,39,24,15,0,0,156,75,59,10,5,1,42,39,175,96,68,9,2,63,16,16,0,47,47,0,116,69,47,45,2,212,39,93,27,32,0,15,6,279,34,28,85,132,0,112,57,55,19,19,0
"E01011327",2011,"Leeds 052A","Total",1178,125,27,0,27,98,43,46,9,0,226,145,112,30,3,0,41,40,164,103,37,9,15,131,45,45,0,86,86,0,99,63,36,36,0,224,63,79,19,40,0,19,4,128,8,16,64,40,0,50,28,22,31,31,0
"E01011328",2011,"Leeds 052B","Total",1264,127,39,0,39,88,46,34,4,4,229,115,91,19,5,0,74,40,150,86,56,5,3,123,37,37,0,86,86,0,131,85,46,46,0,209,28,95,46,24,0,13,3,205,12,25,106,62,0,73,25,48,17,17,0
"E01011329",2011,"Leeds 051B","Total",1251,163,37,0,37,126,65,46,7,8,311,196,144,39,10,3,69,46,188,123,30,18,17,151,32,32,0,119,114,5,150,69,81,76,5,165,41,72,14,19,0,17,2,95,1,12,66,16,0,11,3,8,17,17,0
"E01011330",2011,"Leeds 051C","Total",1050,96,20,0,20,76,32,37,7,0,223,151,119,24,6,2,43,29,96,64,26,6,0,136,42,42,0,94,90,4,102,30,72,71,1,197,23,87,19,35,0,23,10,135,14,13,77,31,0,44,18,26,21,21,0
"E01011331",2011,"Leeds 058A","Total",1031,152,30,0,30,122,60,57,5,0,261,175,142,12,18,3,72,14,174,102,52,8,12,69,21,21,0,48,48,0,81,32,49,42,7,122,15,42,24,32,0,9,0,151,8,12,67,64,0,21,12,9,0,0,0
"E01011332",2011,"Leeds 046D","Total",1132,85,14,0,14,71,38,25,4,4,179,121,93,22,6,0,35,23,120,64,37,17,2,102,20,20,0,82,82,0,130,67,63,58,5,226,48,115,13,21,0,24,5,195,26,33,47,89,0,83,47,36,12,12,0
"E01011333",2011,"Leeds 051D","Total",1059,79,28,0,28,51,14,34,0,3,197,117,87,22,4,4,48,32,97,57,28,0,12,122,18,18,0,104,104,0,164,63,101,84,17,179,28,67,28,37,0,13,6,173,18,20,81,54,0,40,26,14,8,8,0
"E01011334",2011,"Leeds 058B","Total",1145,100,16,0,16,84,38,40,3,3,258,152,125,14,8,5,68,38,146,82,47,12,5,86,16,16,0,70,70,0,115,50,65,48,17,196,46,78,35,31,0,6,0,161,26,15,69,51,0,58,14,44,25,25,0
"E01011335",2011,"Leeds 052C","Total",1470,153,36,0,36,117,46,69,2,0,338,229,181,37,9,2,78,31,182,99,55,16,12,170,48,48,0,122,122,0,151,79,72,66,6,222,54,86,20,44,0,13,5,196,37,16,84,59,0,45,20,25,13,13,0
"E01011336",2011,"Leeds 058C","Total",1212,54,13,0,13,41,28,13,0,0,184,89,64,15,5,5,63,32,160,109,28,10,13,98,17,17,0,81,81,0,150,73,77,72,5,234,53,104,25,39,0,13,0,243,9,28,132,68,6,77,45,32,12,12,0
"E01011337",2011,"Leeds 058D","Total",1330,68,9,0,9,59,41,17,1,0,120,55,43,12,0,0,37,28,127,82,33,12,0,102,11,11,0,91,91,0,98,57,41,32,9,300,82,105,43,50,0,15,5,331,18,55,143,115,0,159,88,71,25,25,0
"E01011338",2011,"Leeds 064A","Total",1487,40,2,0,2,38,36,0,0,2,157,102,91,6,3,2,35,20,122,58,31,26,7,73,20,20,0,53,53,0,139,75,64,62,2,309,73,156,33,33,0,14,0,293,37,32,27,197,0,223,142,81,131,131,0
"E01011339",2011,"Leeds 060A","Total",1515,67,16,0,16,51,26,15,10,0,243,167,149,6,12,0,45,31,169,85,45,32,7,139,17,17,0,122,122,0,127,73,54,54,0,304,67,156,26,41,1,7,6,298,16,34,110,138,0,132,88,44,36,36,0
"E01011340",2011,"Leeds 060B","Total",1376,37,2,0,2,35,13,17,5,0,220,152,142,2,5,3,53,15,117,67,30,20,0,82,8,8,0,74,74,0,117,62,55,51,4,301,88,158,11,16,4,15,9,291,20,20,94,154,3,166,93,73,45,45,0
"E01011341",2011,"Leeds 061A","Total",1248,80,18,0,18,62,29,21,9,3,211,134,111,11,12,0,45,32,192,104,53,19,16,161,21,21,0,140,140,0,117,57,60,59,1,190,38,89,32,12,0,16,3,218,16,11,104,87,0,62,35,27,17,17,0
"E01011342",2011,"Leeds 060C","Total",1270,33,8,0,8,25,18,7,0,0,158,97,88,9,0,0,32,29,101,48,47,4,2,117,16,16,0,101,101,0,91,60,31,25,6,284,87,136,15,37,0,2,7,294,29,24,58,183,0,154,114,40,38,38,0
"E01011343",2011,"Leeds 061B","Total",1437,110,22,0,22,88,31,51,6,0,284,165,149,6,7,3,84,35,174,78,61,28,7,174,26,26,0,148,148,0,105,56,49,49,0,254,42,113,39,40,1,10,9,236,17,22,90,105,2,87,55,32,13,13,0
"E01011344",2011,"Leeds 065A","Total",1637,65,15,0,15,50,26,20,4,0,232,155,129,19,5,2,43,34,147,53,53,39,2,121,54,54,0,67,67,0,121,84,37,36,1,311,76,157,29,29,0,12,8,329,49,41,67,172,0,255,169,86,56,56,0
"E01011345",2011,"Leeds 061C","Total",1198,86,13,0,13,73,39,31,2,1,185,113,96,9,8,0,48,24,160,67,51,35,7,102,19,19,0,83,83,0,111,76,35,28,7,200,50,88,18,22,0,7,15,231,36,18,86,91,0,102,78,24,21,21,0
"E01011346",2011,"Leeds 060D","Total",1478,97,30,0,30,67,44,18,5,0,174,99,93,2,2,2,59,16,164,85,58,17,4,151,28,28,0,123,120,3,112,57,55,52,3,261,100,92,11,38,1,19,0,297,31,28,96,142,0,176,97,79,46,46,0
"E01011347",2011,"Leeds 065B","Total",1544,49,14,0,14,35,11,15,9,0,196,131,99,21,8,3,32,33,186,103,54,26,3,100,24,24,0,76,76,0,97,64,33,33,0,302,71,167,18,27,0,19,0,323,31,47,76,169,0,244,140,104,47,47,0
"E01011348",2011,"Leeds 065C","Total",1467,32,11,0,11,21,10,5,6,0,147,80,80,0,0,0,39,28,137,75,38,24,0,113,38,38,0,75,75,0,134,87,47,37,10,301,55,180,20,43,0,3,0,341,31,48,71,191,0,193,145,48,69,65,4
"E01011349",2011,"Leeds 065D","Total",1425,49,7,0,7,42,19,20,3,0,173,116,100,6,7,3,35,22,171,76,59,36,0,99,16,16,0,83,83,0,121,78,43,33,10,256,61,119,14,44,1,13,4,332,27,26,81,198,0,174,105,69,50,50,0
"E01011350",2011,"Leeds 034A","Total",1394,376,62,0,62,314,180,112,17,5,440,316,262,24,17,13,93,31,120,77,40,3,0,186,62,58,4,124,124,0,87,49,38,35,3,87,13,42,8,9,0,10,5,72,8,9,21,34,0,11,4,7,15,15,0
"E01011351",2011,"Leeds 034B","Total",1464,519,60,0,60,459,308,109,38,4,521,385,294,55,32,4,92,44,100,48,46,6,0,112,26,25,1,86,84,2,40,23,17,17,0,101,27,46,2,13,0,5,8,37,4,3,20,10,0,27,15,12,7,6,1
"E01011352",2011,"Leeds 034C","Total",1531,426,49,0,49,377,223,129,23,2,553,420,329,52,38,1,89,44,153,92,41,16,4,94,20,20,0,74,74,0,57,46,11,11,0,106,18,65,9,6,0,8,0,74,13,12,20,29,0,42,17,25,26,26,0
"E01011353",2011,"Leeds 034D","Total",1679,496,81,0,81,415,253,127,29,6,598,422,327,54,38,3,112,64,162,95,52,11,4,129,37,37,0,92,92,0,69,38,31,25,6,125,36,56,13,13,0,1,6,63,5,7,27,24,0,16,13,3,21,21,0
"E01011354",2011,"Leeds 038A","Total",1283,58,12,0,12,46,35,11,0,0,204,132,117,10,4,1,39,33,145,68,51,20,6,73,13,13,0,60,60,0,107,84,23,22,1,269,74,144,17,7,0,21,6,224,24,19,52,129,0,165,92,73,38,38,0
"E01011355",2011,"Leeds 038B","Total",1215,99,24,0,24,75,48,16,6,5,252,176,145,21,10,0,56,20,151,83,41,24,3,87,20,20,0,67,65,2,74,40,34,31,3,244,39,128,24,24,0,16,13,195,23,15,59,96,2,82,52,30,31,31,0
"E01011356",2011,"Leeds 042A","Total",1695,314,46,0,46,268,171,73,22,2,458,346,271,36,36,3,64,48,184,92,61,17,14,202,28,28,0,174,174,0,94,32,62,58,4,182,39,75,11,21,1,30,5,135,3,13,46,73,0,87,45,42,39,39,0
"E01011357",2011,"Leeds 038C","Total",1724,111,25,0,25,86,55,25,6,0,258,191,145,7,38,1,46,21,182,85,70,22,5,173,42,42,0,131,131,0,103,58,45,44,1,340,55,213,19,28,0,14,11,231,39,20,49,123,0,266,151,115,60,60,0
"E01011358",2011,"Leeds 042B","Total",1214,65,6,0,6,59,46,11,0,2,210,169,152,4,10,3,26,15,137,57,60,16,4,119,36,36,0,83,83,0,98,63,35,34,1,237,39,131,18,18,0,15,16,214,17,28,47,122,0,100,59,41,34,34,0
"E01011359",2011,"Leeds 042C","Total",1539,236,28,0,28,208,135,67,6,0,395,306,257,20,23,6,56,33,138,67,61,8,2,160,29,29,0,131,130,1,106,42,64,63,1,173,24,110,5,15,0,11,8,144,26,14,34,69,1,123,84,39,64,64,0
"E01011360",2011,"Leeds 042D","Total",1860,69,5,0,5,64,38,22,1,3,266,179,150,6,20,3,50,37,191,77,100,11,3,320,65,65,0,255,255,0,163,93,70,66,4,309,78,111,8,63,3,30,16,247,37,21,57,132,0,217,152,65,78,78,0
"E01011361",2011,"Leeds 042E","Total",2244,101,11,0,11,90,53,28,8,1,314,258,213,8,36,1,39,17,255,109,102,44,0,203,52,52,0,151,151,0,162,100,62,57,5,379,104,205,27,31,0,9,3,307,33,32,34,208,0,345,239,106,178,178,0
"E01011362",2011,"Leeds 081A","Total",1640,127,22,0,22,105,66,39,0,0,314,198,159,27,8,4,80,36,234,137,73,21,3,156,42,42,0,114,114,0,136,67,69,64,5,234,62,100,22,39,0,8,3,284,10,30,86,158,0,127,61,66,28,28,0
"E01011363",2011,"Leeds 071E","Total",1389,56,15,0,15,41,25,14,2,0,157,95,72,1,21,1,33,29,146,60,66,10,10,84,18,18,0,66,66,0,109,59,50,40,10,266,76,120,15,40,0,10,5,332,24,46,81,181,0,201,120,81,38,38,0
"E01011364",2011,"Leeds 085A","Total",1463,86,11,0,11,75,49,14,11,1,192,129,106,12,9,2,40,23,163,71,80,12,0,101,27,27,0,74,74,0,130,88,42,39,3,236,65,97,19,42,1,9,3,293,36,30,88,136,3,198,116,82,64,64,0
"E01011366",2011,"Leeds 082A","Total",1418,41,5,0,5,36,26,9,1,0,186,127,97,16,9,5,44,15,132,63,47,18,4,142,18,18,0,124,124,0,128,67,61,53,8,295,79,144,23,25,0,18,6,316,48,48,70,150,0,136,74,62,42,40,2
"E01011368",2011,"Leeds 082C","Total",1206,38,14,0,14,24,11,10,0,3,128,81,59,15,7,0,28,19,95,49,34,6,6,117,27,27,0,90,90,0,82,64,18,18,0,242,65,129,21,22,0,5,0,251,12,62,68,109,0,212,117,95,41,41,0
"E01011369",2011,"Leeds 090E","Total",1238,61,19,0,19,42,27,12,2,1,174,93,70,11,12,0,47,34,143,78,60,2,3,136,25,25,0,111,111,0,122,86,36,33,3,236,46,99,46,38,0,5,2,279,23,29,110,117,0,66,30,36,21,21,0
"E01011370",2011,"Leeds 082D","Total",1532,99,15,0,15,84,24,46,7,7,213,138,104,23,6,5,54,21,129,58,56,14,1,194,39,39,0,155,155,0,237,152,85,75,10,259,66,95,27,49,0,18,4,240,29,13,87,111,0,136,76,60,25,25,0
"E01011371",2011,"Leeds 085B","Total",1098,39,7,0,7,32,24,8,0,0,79,42,28,12,2,0,20,17,95,48,41,6,0,64,31,31,0,33,33,0,136,66,70,68,2,251,68,132,15,31,0,1,4,250,18,40,67,125,0,146,72,74,38,38,0
"E01011372",2011,"Leeds 086C","Total",1305,30,6,0,6,24,13,9,2,0,109,80,63,13,2,2,23,6,74,33,32,8,1,224,51,51,0,173,173,0,161,76,85,73,12,173,26,106,14,15,0,10,2,285,29,22,53,181,0,202,108,94,47,46,1
"E01011373",2011,"Leeds 085C","Total",1321,26,12,0,12,14,12,2,0,0,142,114,90,13,5,6,19,9,155,79,53,23,0,115,31,31,0,84,84,0,90,55,35,35,0,295,73,125,35,22,0,24,16,296,38,48,66,144,0,157,91,66,45,45,0
"E01011374",2011,"Leeds 085D","Total",1090,42,9,0,9,33,16,12,3,2,136,77,71,6,0,0,48,11,110,61,38,7,4,89,8,8,0,81,79,2,135,79,56,54,2,242,44,111,35,40,2,10,0,212,18,24,67,99,4,103,65,38,21,21,0
"E01011375",2011,"Leeds 086D","Total",1760,37,0,0,0,37,30,5,2,0,155,105,103,1,1,0,37,13,100,73,20,7,0,324,90,90,0,234,234,0,147,107,40,37,3,282,56,117,6,90,0,9,4,348,33,74,68,173,0,295,182,113,72,72,0
"E01011376",2011,"Leeds 013A","Total",1179,345,79,4,75,266,118,119,26,3,404,258,188,51,12,7,81,65,148,80,45,15,8,127,36,35,1,91,91,0,65,25,40,40,0,41,5,17,4,11,0,3,1,19,1,3,8,7,0,16,4,12,14,14,0
"E01011377",2011,"Leeds 013B","Total",977,250,55,0,55,195,90,85,20,0,305,166,128,26,8,4,94,45,148,84,32,15,17,144,36,32,4,108,108,0,41,16,25,21,4,49,11,14,9,7,0,8,0,25,4,0,20,1,0,8,8,0,7,7,0
"E01011378",2011,"Leeds 013C","Total",1219,97,16,0,16,81,40,34,7,0,209,127,102,20,5,0,66,16,171,107,47,9,8,150,41,41,0,109,109,0,93,46,47,47,0,209,48,95,10,25,0,19,12,154,3,9,55,87,0,95,39,56,41,41,0
"E01011379",2011,"Leeds 017A","Total",1189,146,20,0,20,126,56,60,10,0,210,127,96,16,11,4,51,32,109,59,39,8,3,149,38,38,0,111,109,2,131,83,48,43,5,226,72,99,13,15,4,18,5,132,19,12,59,42,0,53,24,29,33,33,0
"E01011380",2011,"Leeds 016A","Total",1181,458,92,0,92,366,187,83,96,0,372,225,142,33,30,20,122,25,86,62,13,10,1,123,63,63,0,60,60,0,29,15,14,14,0,43,15,16,0,6,0,4,2,36,8,5,7,16,0,19,6,13,15,15,0
"E01011381",2011,"Leeds 016B","Total",1054,277,63,0,63,214,106,66,39,3,318,198,146,23,21,8,94,26,117,70,38,6,3,151,56,53,3,95,93,2,36,12,24,24,0,58,15,10,9,8,0,13,3,40,2,6,22,10,0,6,3,3,51,51,0
"E01011382",2011,"Leeds 013D","Total",1111,213,46,0,46,167,75,79,13,0,327,199,142,34,17,6,93,35,162,90,41,20,11,132,48,48,0,84,84,0,110,45,65,60,5,104,17,36,10,25,0,11,5,49,2,2,35,9,1,8,1,7,6,6,0
"E01011383",2011,"Leeds 019A","Total",1197,259,58,0,58,201,121,60,20,0,326,198,157,24,12,5,110,18,115,74,31,10,0,153,44,44,0,109,105,4,78,37,41,33,8,133,39,77,2,8,0,6,1,64,1,4,24,33,2,40,20,20,29,29,0
"E01011384",2011,"Leeds 017B","Total",1220,225,41,0,41,184,108,67,9,0,329,210,170,13,11,16,61,58,126,72,39,9,6,163,44,44,0,119,119,0,85,46,39,37,2,150,45,63,0,20,0,14,8,91,8,7,38,38,0,36,33,3,15,15,0
"E01011385",2011,"Leeds 016C","Total",965,367,67,0,67,300,162,56,78,4,255,157,119,21,10,7,71,27,84,51,25,7,1,104,45,45,0,59,59,0,49,30,19,19,0,48,9,26,0,7,1,5,0,31,3,1,14,12,1,22,15,7,5,5,0
"E01011386",2011,"Leeds 016D","Total",1142,449,62,0,62,387,201,106,63,17,295,185,132,34,14,5,93,17,76,53,14,4,5,152,78,78,0,74,74,0,30,16,14,12,2,66,7,34,0,11,0,11,3,32,6,1,15,10,0,25,14,11,17,17,0
"E01011388",2011,"Leeds 019B","Total",1097,217,50,0,50,167,94,52,14,7,295,171,121,25,17,8,82,42,130,98,26,2,4,144,39,33,6,105,105,0,62,37,25,25,0,109,10,55,12,12,0,12,8,63,3,8,32,20,0,43,28,15,34,34,0
"E01011390",2011,"Leeds 087A","Total",1171,113,38,0,38,75,32,35,8,0,202,113,77,23,11,2,52,37,129,54,35,19,21,138,13,11,2,125,124,1,154,93,61,58,3,213,46,60,31,55,0,16,5,183,18,14,74,77,0,33,17,16,6,6,0
"E01011391",2011,"Leeds 087B","Total",1167,99,37,0,37,62,31,31,0,0,276,175,127,30,13,5,61,40,111,64,25,12,10,203,80,78,2,123,123,0,130,60,70,63,7,150,31,64,17,22,0,16,0,155,8,6,65,76,0,26,14,12,17,17,0
"E01011392",2011,"Leeds 087C","Total",1127,133,47,0,47,86,47,37,2,0,248,172,119,41,10,2,45,31,133,56,52,11,14,149,44,40,4,105,97,8,137,55,82,63,19,149,40,64,12,10,0,8,15,141,15,7,66,52,1,32,16,16,5,5,0
"E01011393",2011,"Leeds 103C","Total",1445,275,88,0,88,187,78,91,16,2,409,218,154,43,12,9,135,56,159,93,57,5,4,179,44,44,0,135,135,0,147,70,77,68,9,150,32,49,16,24,0,24,5,103,13,7,39,44,0,15,8,7,8,8,0
"E01011394",2011,"Leeds 103D","Total",973,150,26,0,26,124,58,52,11,3,260,143,124,6,13,0,70,47,119,59,33,3,24,124,32,32,0,92,89,3,92,30,62,62,0,95,13,47,6,16,2,7,4,118,0,5,67,46,0,10,5,5,5,5,0
"E01011395",2011,"Leeds 103E","Total",1112,195,48,0,48,147,49,79,15,4,338,219,178,30,11,0,97,22,110,49,50,6,5,109,25,25,0,84,76,8,111,59,52,51,1,105,21,40,5,20,0,16,3,105,10,9,50,36,0,24,14,10,15,15,0
"E01011396",2011,"Leeds 074A","Total",1499,183,45,2,43,138,54,61,18,5,411,268,211,42,6,9,84,59,179,86,61,27,5,138,52,52,0,86,86,0,123,53,70,67,3,145,41,67,4,15,3,10,5,183,24,12,97,50,0,35,9,26,102,102,0
"E01011397",2011,"Leeds 077A","Total",1278,170,31,0,31,139,48,70,15,6,360,180,129,42,4,5,112,68,229,132,64,18,15,125,36,36,0,89,89,0,140,49,91,85,6,109,31,43,14,15,0,2,4,129,8,5,84,32,0,6,5,1,10,10,0
"E01011398",2011,"Leeds 077B","Total",1112,217,85,0,85,132,57,70,2,3,301,170,124,29,17,0,100,31,171,81,42,14,34,116,28,28,0,88,84,4,100,42,58,57,1,96,19,42,17,8,1,9,0,103,8,6,59,30,0,3,0,3,5,5,0
"E01011399",2011,"Leeds 074B","Total",1185,156,37,0,37,119,56,51,8,4,282,153,129,13,11,0,75,54,149,70,66,4,9,175,49,49,0,126,122,4,148,53,95,84,11,119,21,42,12,27,0,11,6,125,11,6,68,40,0,19,11,8,12,12,0
"E01011400",2011,"Leeds 074C","Total",1149,117,14,0,14,103,36,52,11,4,299,196,176,12,5,3,66,37,174,103,43,17,11,126,36,33,3,90,90,0,102,48,54,51,3,138,45,65,9,6,4,9,0,163,15,18,58,72,0,16,2,14,14,12,2
"E01011401",2011,"Leeds 077C","Total",1231,234,63,0,63,171,88,67,6,10,371,223,175,31,10,7,104,44,170,86,58,23,3,127,42,42,0,85,81,4,112,65,47,45,2,114,33,35,8,19,2,16,1,87,2,7,50,28,0,7,6,1,9,9,0
"E01011402",2011,"Leeds 087D","Total",1243,184,76,0,76,108,61,42,3,2,314,182,150,26,6,0,95,37,148,94,38,13,3,192,56,47,9,136,127,9,141,40,101,97,4,149,36,53,20,22,0,10,8,98,9,4,57,25,3,13,7,6,4,4,0
"E01011403",2011,"Leeds 074D","Total",911,182,58,0,58,124,61,55,8,0,263,169,113,41,12,3,66,28,110,61,31,10,8,94,24,24,0,70,70,0,79,37,42,35,7,78,12,37,7,12,0,5,5,69,3,4,39,23,0,17,12,5,19,19,0
"E01011404",2011,"Leeds 077D","Total",1105,204,57,0,57,147,58,71,11,7,295,135,101,27,7,0,87,73,140,70,42,17,11,138,34,34,0,104,104,0,103,36,67,58,9,87,15,25,12,21,0,5,9,119,5,11,68,35,0,10,10,0,9,9,0
"E01011405",2011,"Leeds 077E","Total",960,192,69,0,69,123,76,42,5,0,245,127,109,15,3,0,77,41,127,62,37,11,17,142,29,29,0,113,113,0,90,52,38,38,0,81,15,24,12,21,0,7,2,74,23,0,33,18,0,1,1,0,8,8,0
"E01011406",2011,"Leeds 057A","Total",1098,148,40,0,40,108,55,43,2,8,295,177,146,11,6,14,82,36,154,94,40,16,4,157,44,44,0,113,113,0,98,55,43,41,2,121,25,60,13,14,0,4,5,115,18,9,50,38,0,7,0,7,3,3,0
"E01011407",2011,"Leeds 057B","Total",1143,72,19,0,19,53,32,20,1,0,251,144,115,18,1,10,78,29,173,102,61,7,3,159,22,22,0,137,137,0,136,57,79,79,0,198,57,57,35,24,0,18,7,111,3,6,57,41,4,36,8,28,7,7,0
"E01011408",2011,"Leeds 057C","Total",932,145,37,0,37,108,42,56,8,2,231,122,87,25,10,0,83,26,150,109,32,6,3,82,20,20,0,62,62,0,100,56,44,43,1,120,35,47,7,19,0,6,6,94,9,14,49,22,0,9,5,4,1,1,0
"E01011409",2011,"Leeds 057D","Total",1157,174,51,0,51,123,60,53,8,2,336,228,181,21,12,14,65,43,150,84,45,10,11,146,30,30,0,116,116,0,106,61,45,39,6,128,31,45,30,8,0,10,4,84,5,14,38,27,0,22,11,11,11,11,0
"E01011410",2011,"Leeds 057E","Total",998,136,35,0,35,101,50,50,1,0,262,137,104,18,8,7,78,47,125,79,26,8,12,128,11,10,1,117,117,0,112,68,44,42,2,128,34,44,12,20,0,11,7,86,8,1,59,18,0,8,4,4,13,13,0
"E01011411",2011,"Leeds 073A","Total",1341,224,65,0,65,159,75,71,13,0,416,246,175,40,27,4,126,44,185,81,60,32,12,170,41,41,0,129,129,0,128,53,75,69,6,110,17,37,8,17,0,17,14,78,0,5,46,27,0,3,1,2,27,27,0
"E01011412",2011,"Leeds 057F","Total",982,121,32,0,32,89,53,33,3,0,306,175,131,31,13,0,84,47,118,71,26,16,5,121,30,30,0,91,91,0,96,43,53,49,4,98,13,37,16,31,0,1,0,111,1,0,61,49,0,4,1,3,7,7,0
"E01011413",2011,"Leeds 069A","Total",1330,229,82,0,82,147,87,54,6,0,383,237,184,31,16,6,106,40,186,106,60,9,11,110,22,22,0,88,88,0,170,71,99,96,3,116,12,41,28,21,0,12,2,106,4,17,67,18,0,26,5,21,4,4,0
"E01011414",2011,"Leeds 073B","Total",1202,208,58,0,58,150,85,48,17,0,363,227,156,50,21,0,99,37,133,75,36,11,11,147,33,33,0,114,114,0,138,55,83,79,4,89,20,27,16,12,0,14,0,94,1,4,57,30,2,18,1,17,12,12,0
"E01011415",2011,"Leeds 069B","Total",1312,139,29,0,29,110,68,38,2,2,343,216,171,27,10,8,77,50,196,131,46,11,8,160,37,37,0,123,123,0,167,74,93,79,14,139,16,71,22,19,0,11,0,130,7,12,73,37,1,32,15,17,6,6,0
"E01011416",2011,"Leeds 069C","Total",1256,133,42,0,42,91,53,30,7,1,380,221,176,33,10,2,119,40,139,51,58,14,16,193,49,49,0,144,143,1,103,42,61,55,6,134,31,43,30,19,0,4,7,142,9,7,68,58,0,16,6,10,16,16,0
"E01011417",2011,"Leeds 069D","Total",1043,103,16,0,16,87,44,38,3,2,248,122,97,12,10,3,92,34,158,63,64,10,21,164,20,20,0,144,144,0,106,43,63,52,11,126,20,51,20,18,0,15,2,119,3,10,66,40,0,14,1,13,5,5,0
"E01011418",2011,"Leeds 073C","Total",1295,258,66,0,66,192,81,92,7,12,387,211,153,29,15,14,133,43,167,113,35,1,18,152,42,42,0,110,110,0,119,54,65,64,1,122,34,46,7,22,0,13,0,76,9,1,43,23,0,4,0,4,10,10,0
"E01011419",2011,"Leeds 073D","Total",984,204,70,1,69,134,75,55,2,2,307,169,105,45,19,0,100,38,127,76,23,11,17,139,52,52,0,87,87,0,72,37,35,33,2,47,10,17,7,5,0,8,0,79,3,8,52,16,0,0,0,0,9,9,0
"E01011420",2011,"Leeds 069E","Total",816,120,30,0,30,90,35,49,6,0,230,123,85,17,6,15,70,37,129,86,30,7,6,108,41,41,0,67,67,0,67,32,35,32,3,54,12,16,4,11,0,11,0,94,1,6,70,17,0,12,1,11,2,2,0
"E01011421",2011,"Leeds 040A","Total",1234,76,3,0,3,73,44,24,0,5,184,124,109,7,4,4,32,28,140,69,38,25,8,211,58,58,0,153,153,0,68,38,30,27,3,251,73,102,18,41,0,4,13,220,23,44,81,72,0,61,36,25,23,23,0
"E01011422",2011,"Leeds 048A","Total",1384,63,5,0,5,58,41,13,0,4,207,164,138,6,17,3,24,19,82,44,31,4,3,303,93,93,0,210,210,0,132,54,78,74,4,205,37,112,21,29,0,6,0,164,32,31,29,70,2,185,139,46,43,43,0
"E01011423",2011,"Leeds 047A","Total",1438,81,23,0,23,58,18,26,14,0,194,131,98,21,9,3,28,35,145,67,58,14,6,193,67,67,0,126,120,6,102,62,40,36,4,250,44,122,26,29,4,17,8,279,26,26,69,156,2,169,122,47,25,25,0
"E01011424",2011,"Leeds 047B","Total",1474,79,11,0,11,68,49,15,4,0,191,134,118,4,12,0,48,9,120,41,60,19,0,241,68,68,0,173,173,0,114,59,55,48,7,247,44,147,12,17,0,27,0,264,27,29,103,105,0,176,119,57,42,42,0
"E01011425",2011,"Leeds 040B","Total",1331,211,52,0,52,159,73,67,16,3,325,221,179,18,21,3,72,32,137,80,27,21,9,204,37,37,0,167,167,0,100,44,56,49,7,169,33,86,9,23,0,16,2,148,16,10,53,69,0,19,13,6,18,18,0
"E01011426",2011,"Leeds 048B","Total",1581,80,7,0,7,73,44,18,7,4,140,93,80,8,5,0,40,7,131,75,44,12,0,276,106,106,0,170,170,0,229,102,127,123,4,225,57,118,5,19,3,23,0,202,85,14,21,82,0,216,133,83,82,82,0
"E01011427",2011,"Leeds 047C","Total",1637,55,7,0,7,48,40,5,3,0,126,65,61,0,4,0,39,22,94,24,37,33,0,317,52,52,0,265,265,0,165,89,76,76,0,299,80,161,20,17,0,13,8,272,40,39,53,140,0,245,176,69,64,64,0
"E01011428",2011,"Leeds 048C","Total",1753,60,9,0,9,51,32,13,6,0,174,116,96,8,12,0,36,22,102,48,35,7,12,421,78,78,0,343,343,0,154,76,78,77,1,316,90,117,23,72,0,7,7,278,56,53,29,140,0,197,146,51,51,51,0
"E01011429",2011,"Leeds 048D","Total",1843,65,11,0,11,54,38,4,10,2,219,162,122,3,28,9,30,27,142,77,51,14,0,253,69,69,0,184,184,0,150,76,74,74,0,369,103,183,36,24,1,16,6,220,52,40,28,100,0,354,243,111,71,71,0
"E01011430",2011,"Leeds 053A","Total",1400,48,0,0,0,48,35,13,0,0,73,32,32,0,0,0,31,10,116,51,63,2,0,360,93,93,0,267,267,0,100,44,56,52,4,241,75,103,5,50,0,8,0,162,8,17,50,87,0,223,183,40,77,76,1
"E01011431",2011,"Leeds 047D","Total",1681,51,5,0,5,46,22,24,0,0,198,142,127,12,2,1,22,34,192,76,94,17,5,99,13,13,0,86,86,0,142,69,73,73,0,325,79,172,31,13,0,22,8,374,29,17,85,243,0,265,177,88,35,35,0
"E01011432",2011,"Leeds 053B","Total",1460,89,20,0,20,69,45,22,2,0,150,97,83,14,0,0,37,16,101,57,27,9,8,342,110,110,0,232,232,0,119,59,60,57,3,186,49,96,10,26,0,5,0,236,46,36,51,101,2,196,132,64,41,40,1
"E01011433",2011,"Leeds 053C","Total",1465,40,4,0,4,36,13,16,7,0,159,124,103,14,7,0,24,11,47,29,16,2,0,203,51,51,0,152,152,0,114,60,54,54,0,282,44,169,26,33,0,9,1,319,40,53,68,157,1,227,190,37,74,74,0
"E01011434",2011,"Leeds 053D","Total",1325,50,4,0,4,46,19,21,5,1,137,118,104,3,9,2,14,5,117,79,34,4,0,163,22,22,0,141,141,0,104,51,53,44,9,232,60,75,16,59,0,13,9,252,18,67,45,122,0,199,120,79,71,71,0
"E01011435",2011,"Leeds 044A","Total",1735,85,0,0,0,85,69,13,0,3,221,160,129,10,21,0,47,14,84,43,34,7,0,45,11,11,0,34,34,0,36,29,7,7,0,73,16,36,3,3,0,3,12,50,28,2,14,6,0,25,6,19,1116,1116,0
"E01011440",2011,"Leeds 044D","Total",1517,170,27,0,27,143,94,35,13,1,216,167,113,23,31,0,39,10,95,66,26,2,1,38,4,4,0,34,34,0,27,22,5,5,0,67,36,16,2,5,0,8,0,40,24,0,4,12,0,27,6,21,837,837,0
"E01011441",2011,"Leeds 044E","Total",1815,149,12,0,12,137,102,32,3,0,227,176,138,13,24,1,28,23,167,75,40,51,1,65,20,20,0,45,45,0,48,34,14,14,0,124,50,25,15,20,0,7,7,103,38,9,22,33,1,60,25,35,872,869,3
"E01011442",2011,"Leeds 110A","Total",1574,92,0,0,0,92,69,16,7,0,192,132,102,22,8,0,41,19,85,38,24,23,0,56,7,7,0,49,49,0,60,33,27,27,0,92,24,48,2,9,0,2,7,60,34,2,3,20,1,53,31,22,884,884,0
"E01011443",2011,"Leeds 110B","Total",1331,123,16,0,16,107,66,19,20,2,159,133,82,8,30,13,6,20,96,47,29,18,2,31,8,8,0,23,23,0,29,20,9,9,0,46,13,21,0,4,1,5,2,37,10,1,18,8,0,41,27,14,769,769,0
"E01011444",2011,"Leeds 110C","Total",1809,55,5,0,5,50,38,10,2,0,121,100,52,15,31,2,16,5,67,37,22,8,0,43,4,4,0,39,39,0,45,38,7,7,0,109,43,35,3,20,1,3,4,43,25,0,10,8,0,68,40,28,1258,1258,0
"E01011445",2011,"Leeds 054A","Total",1669,23,1,0,1,22,13,6,3,0,89,76,62,11,3,0,7,6,58,21,21,16,0,49,15,15,0,34,34,0,37,21,16,16,0,92,22,45,3,4,0,8,10,38,25,2,10,1,0,14,11,3,1269,1269,0
"E01011446",2011,"Leeds 054B","Total",1541,68,3,0,3,65,23,35,7,0,143,92,67,25,0,0,28,23,84,60,19,0,5,65,11,11,0,54,54,0,60,46,14,9,5,106,31,51,1,15,0,6,2,55,28,5,5,17,0,40,26,14,920,920,0
"E01011447",2011,"Leeds 054C","Total",1295,62,3,0,3,59,37,10,12,0,128,99,71,3,25,0,25,4,95,55,32,6,2,35,2,2,0,33,33,0,65,47,18,17,1,81,34,27,8,6,0,6,0,90,57,2,7,21,3,37,22,15,702,702,0
"E01011448",2011,"Leeds 054D","Total",1497,43,2,0,2,41,28,5,8,0,69,49,35,4,10,0,3,17,89,31,46,12,0,103,28,28,0,75,75,0,53,42,11,11,0,109,32,50,5,14,0,8,0,57,22,6,3,23,3,65,44,21,909,909,0
"E01011449",2011,"Leeds 054E","Total",1332,82,7,0,7,75,39,28,6,2,181,127,107,7,12,1,32,22,108,76,29,3,0,73,18,18,0,55,55,0,47,28,19,16,3,143,72,47,8,10,0,6,0,101,34,21,18,23,5,81,62,19,516,516,0
"E01011450",2011,"Leeds 038D","Total",1077,184,7,0,7,177,129,34,11,3,181,136,110,16,7,3,39,6,100,37,50,7,6,71,16,16,0,55,55,0,78,34,44,42,2,142,45,61,4,22,0,5,5,170,35,13,49,72,1,85,60,25,66,65,1
"E01011451",2011,"Leeds 110D","Total",859,205,19,0,19,186,139,31,16,0,232,173,131,21,17,4,45,14,84,39,31,9,5,40,16,16,0,24,24,0,13,11,2,2,0,39,20,9,3,0,0,3,4,16,1,0,2,13,0,23,10,13,207,207,0
"E01011452",2011,"Leeds 027A","Total",1287,420,88,0,88,332,158,120,38,16,424,309,240,32,32,5,75,40,133,63,42,19,9,132,53,53,0,79,75,4,82,31,51,51,0,51,15,25,4,0,0,6,1,39,9,7,16,3,4,5,2,3,1,1,0
"E01011453",2011,"Leeds 028A","Total",1192,303,60,0,60,243,140,88,13,2,422,286,217,45,19,5,106,30,132,94,24,3,11,149,38,38,0,111,111,0,44,19,25,25,0,65,10,28,3,10,0,12,2,55,1,7,35,12,0,6,2,4,16,16,0
"E01011454",2011,"Leeds 027B","Total",1291,325,61,0,61,264,166,82,16,0,497,360,313,32,14,1,92,45,140,79,47,7,7,134,36,36,0,98,94,4,77,50,27,23,4,60,11,28,3,7,0,8,3,34,4,7,16,7,0,13,4,9,11,11,0
"E01011455",2011,"Leeds 021A","Total",903,252,57,0,57,195,91,54,50,0,285,156,106,24,18,8,92,37,104,58,29,8,9,152,61,61,0,91,88,3,26,5,21,21,0,43,16,17,6,3,0,0,1,36,6,4,26,0,0,3,0,3,2,2,0
"E01011456",2011,"Leeds 021B","Total",1330,405,81,4,77,324,162,126,26,10,357,200,135,29,28,8,101,56,142,73,47,7,15,160,74,74,0,86,86,0,94,38,56,52,4,51,9,16,1,6,0,14,5,27,0,0,8,19,0,16,8,8,78,78,0
"E01011457",2011,"Leeds 027C","Total",1199,390,82,4,78,308,127,84,88,9,439,249,160,44,36,9,163,27,81,55,16,5,5,170,91,88,3,79,79,0,43,21,22,22,0,28,3,15,3,3,0,3,1,32,1,2,20,9,0,3,1,2,13,13,0
"E01011458",2011,"Leeds 027D","Total",1115,323,93,4,89,230,113,69,37,11,390,236,163,37,28,8,119,35,91,42,32,7,10,176,58,58,0,118,118,0,52,25,27,22,5,38,16,8,0,8,0,6,0,31,0,5,14,12,0,2,2,0,12,12,0
"E01011459",2011,"Leeds 021C","Total",1215,322,66,0,66,256,136,103,16,1,373,256,195,29,26,6,82,35,94,57,28,6,3,134,44,44,0,90,90,0,80,52,28,28,0,79,10,34,10,9,1,13,2,71,11,7,45,8,0,31,23,8,31,31,0
"E01011460",2011,"Leeds 028B","Total",1201,275,31,0,31,244,138,81,19,6,359,247,171,44,27,5,83,29,141,93,30,16,2,147,29,29,0,118,117,1,58,35,23,20,3,106,35,32,16,6,6,11,0,76,7,18,28,21,2,26,10,16,13,13,0
"E01011461",2011,"Leeds 021D","Total",1170,396,111,0,111,285,112,122,41,10,361,214,182,19,6,7,126,21,102,57,22,9,14,143,50,46,4,93,90,3,75,24,51,51,0,53,14,18,4,0,0,1,16,21,2,5,0,10,4,6,2,4,13,13,0
"E01011462",2011,"Leeds 028C","Total",1395,209,33,0,33,176,97,60,18,1,364,229,187,18,18,6,89,46,136,75,41,10,10,141,28,25,3,113,113,0,107,40,67,56,11,170,42,84,20,7,0,8,9,167,20,17,75,55,0,76,22,54,25,25,0
"E01011463",2011,"Leeds 028D","Total",1284,171,24,0,24,147,68,52,15,12,287,172,155,11,6,0,62,53,137,80,38,16,3,154,25,25,0,129,126,3,122,67,55,48,7,194,52,86,17,23,0,8,8,144,11,14,51,68,0,62,34,28,13,13,0
"E01011464",2011,"Leeds 028E","Total",1472,340,67,0,67,273,158,90,19,6,452,331,274,43,10,4,90,31,188,99,49,21,19,149,25,23,2,124,120,4,80,25,55,53,2,107,19,51,3,21,0,6,7,102,19,9,58,16,0,12,6,6,42,42,0
"E01011465",2011,"Leeds 027E","Total",1179,288,59,0,59,229,133,77,17,2,321,217,144,38,29,6,59,45,139,93,33,9,4,123,35,35,0,88,88,0,76,26,50,41,9,109,19,46,11,13,3,13,4,84,10,5,47,22,0,32,21,11,7,7,0
"E01011466",2011,"Leeds 094A","Total",1189,58,30,0,30,28,26,1,1,0,152,84,64,16,1,3,49,19,143,73,49,4,17,136,28,28,0,108,108,0,109,56,53,49,4,250,65,106,31,26,0,6,16,260,28,24,90,118,0,63,27,36,18,18,0
"E01011467",2011,"Leeds 112A","Total",1249,136,13,0,13,123,67,50,3,3,252,164,129,25,1,9,56,32,125,56,49,8,12,61,19,19,0,42,42,0,122,79,43,35,8,203,58,75,17,32,0,17,4,198,15,24,61,98,0,132,78,54,20,20,0
"E01011468",2011,"Leeds 112B","Total",1256,28,12,0,12,16,8,7,1,0,130,84,78,5,0,1,29,17,97,47,29,15,6,105,21,21,0,84,84,0,94,64,30,25,5,267,68,117,40,25,2,9,6,323,12,27,107,177,0,184,118,66,28,28,0
"E01011469",2011,"Leeds 094B","Total",1255,98,35,0,35,63,20,38,5,0,229,126,104,17,1,4,71,32,169,97,55,8,9,163,47,47,0,116,116,0,146,57,89,80,9,172,48,56,15,32,1,13,7,228,3,8,111,106,0,37,21,16,13,13,0
"E01011470",2011,"Leeds 112C","Total",1078,44,15,0,15,29,7,15,7,0,176,104,87,15,2,0,55,17,137,90,28,7,12,89,20,20,0,69,69,0,133,58,75,62,13,168,42,54,25,36,0,11,0,240,18,34,101,84,3,61,23,38,30,30,0
"E01011471",2011,"Leeds 092A","Total",1214,57,21,0,21,36,14,16,6,0,154,77,66,11,0,0,60,17,120,59,38,10,13,68,20,20,0,48,48,0,107,73,34,22,12,245,80,92,27,25,0,20,1,291,28,46,88,129,0,155,100,55,17,17,0
"E01011472",2011,"Leeds 092B","Total",1293,30,6,0,6,24,19,5,0,0,130,61,44,16,1,0,50,19,168,92,60,3,13,78,23,23,0,55,55,0,118,63,55,41,14,271,66,111,22,59,0,6,7,309,34,35,129,111,0,164,90,74,25,25,0
"E01011473",2011,"Leeds 092C","Total",1378,22,0,0,0,22,12,10,0,0,99,60,52,7,1,0,25,14,137,63,55,12,7,85,2,2,0,83,83,0,114,74,40,35,5,312,86,131,33,44,0,11,7,335,36,33,87,173,6,214,120,94,60,60,0
"E01011474",2011,"Leeds 092D","Total",1298,45,5,0,5,40,9,21,10,0,152,58,47,2,9,0,75,19,140,87,40,8,5,121,29,29,0,92,92,0,143,109,34,31,3,264,59,131,20,27,0,16,11,257,26,16,100,115,0,147,87,60,29,29,0
"E01011475",2011,"Leeds 094C","Total",1361,52,15,0,15,37,18,19,0,0,152,83,75,7,1,0,37,32,163,104,45,12,2,133,20,20,0,113,113,0,107,49,58,50,8,305,84,137,32,33,0,11,8,299,38,22,89,150,0,121,62,59,29,29,0
"E01011476",2011,"Leeds 094D","Total",1022,32,4,0,4,28,10,18,0,0,122,60,49,11,0,0,44,18,132,61,46,17,8,66,20,20,0,46,46,0,100,59,41,39,2,247,74,102,25,26,0,13,7,225,6,27,101,91,0,80,55,25,18,18,0
"E01011477",2011,"Leeds 045A","Total",1656,189,28,0,28,161,104,44,10,3,286,197,155,23,19,0,55,34,165,104,44,16,1,152,52,52,0,100,100,0,101,56,45,43,2,210,50,95,13,35,0,17,0,186,22,23,47,94,0,152,83,69,215,215,0
"E01011478",2011,"Leeds 056A","Total",1557,172,11,0,11,161,101,37,23,0,345,263,207,30,26,0,56,26,171,110,54,4,3,53,10,10,0,43,43,0,110,86,24,24,0,154,47,68,10,14,0,13,2,129,23,5,65,36,0,73,33,40,350,350,0
"E01011479",2011,"Leeds 056B","Total",1442,111,3,0,3,108,74,34,0,0,230,184,150,7,27,0,33,13,154,92,44,17,1,49,3,3,0,46,46,0,81,57,24,24,0,95,35,38,9,7,0,5,1,58,25,2,19,12,0,52,24,28,612,612,0
"E01011480",2011,"Leeds 045B","Total",1308,183,27,0,27,156,97,51,6,2,308,210,172,26,10,2,54,44,157,92,40,21,4,141,22,22,0,119,119,0,81,32,49,46,3,157,37,66,12,29,0,9,4,104,19,15,43,27,0,21,14,7,156,156,0
"E01011481",2011,"Leeds 056C","Total",1484,110,4,0,4,106,70,32,3,1,226,184,129,16,27,12,32,10,132,61,56,15,0,129,13,13,0,116,116,0,61,47,14,14,0,131,43,58,11,14,0,2,3,122,34,17,30,39,2,116,61,55,457,456,1
"E01011482",2011,"Leeds 056D","Total",1563,204,22,0,22,182,112,63,5,2,374,302,238,51,11,2,40,32,299,169,110,20,0,97,11,11,0,86,86,0,87,69,18,18,0,157,42,62,9,27,0,3,14,147,21,10,44,72,0,67,38,29,131,131,0
"E01011483",2011,"Leeds 056E","Total",1423,102,23,0,23,79,54,21,4,0,161,123,105,6,8,4,27,11,145,80,53,12,0,114,8,8,0,106,106,0,93,59,34,34,0,168,38,84,19,15,0,11,1,128,19,7,32,70,0,185,130,55,327,327,0
"E01011484",2011,"Leeds 033A","Total",1353,115,24,1,23,91,48,35,4,4,159,100,84,11,5,0,39,20,105,44,39,11,11,139,32,32,0,107,106,1,106,56,50,42,8,297,89,156,14,31,0,7,0,262,16,9,64,173,0,138,70,68,32,32,0
"E01011485",2011,"Leeds 033B","Total",1285,145,18,0,18,127,90,31,3,3,288,197,159,27,11,0,68,23,131,72,38,18,3,117,18,18,0,99,99,0,106,45,61,61,0,164,45,61,22,18,0,16,2,171,12,19,45,95,0,123,57,66,40,40,0
"E01011488",2011,"Leeds 045C","Total",1292,213,31,0,31,182,117,52,11,2,376,287,218,54,14,1,56,33,196,128,47,15,6,48,16,16,0,32,32,0,49,33,16,16,0,160,39,80,19,14,0,4,4,108,25,9,23,51,0,62,40,22,80,80,0
"E01011489",2011,"Leeds 045D","Total",1440,190,15,0,15,175,103,61,9,2,367,261,186,42,26,7,68,38,164,87,60,17,0,105,11,11,0,94,94,0,81,36,45,45,0,206,65,85,11,24,0,16,5,172,20,48,35,69,0,70,45,25,85,85,0
"E01011490",2011,"Leeds 099A","Total",2316,268,66,0,66,202,92,102,4,4,550,364,292,58,11,3,111,75,325,162,120,27,16,221,52,52,0,169,169,0,244,105,139,120,19,309,63,99,16,68,13,28,22,303,16,35,140,111,1,62,21,41,34,34,0
"E01011491",2011,"Leeds 101A","Total",1190,36,9,0,9,27,10,10,7,0,102,61,52,8,1,0,28,13,172,87,57,19,9,70,10,10,0,60,60,0,114,62,52,47,5,259,53,121,29,36,0,14,6,312,35,45,111,121,0,95,46,49,30,30,0
"E01011492",2011,"Leeds 101B","Total",1160,29,12,0,12,17,8,9,0,0,116,67,56,11,0,0,26,23,98,59,29,5,5,80,19,15,4,61,61,0,118,76,42,32,10,235,74,99,26,29,0,7,0,222,24,31,41,126,0,196,87,109,66,66,0
"E01011493",2011,"Leeds 101C","Total",1331,34,7,0,7,27,15,8,0,4,130,72,65,3,0,4,40,18,127,87,26,11,3,122,26,26,0,96,96,0,149,93,56,52,4,286,77,108,54,23,0,11,13,352,42,42,109,156,3,91,47,44,40,40,0
"E01011494",2011,"Leeds 101D","Total",1153,52,17,0,17,35,14,21,0,0,158,97,76,16,2,3,38,23,127,37,56,22,12,57,14,14,0,43,43,0,85,47,38,35,3,233,61,85,32,43,0,10,2,321,34,26,113,148,0,89,56,33,31,31,0
"E01011496",2011,"Leeds 100A","Total",1400,282,64,1,63,218,90,99,27,2,387,205,159,27,15,4,112,70,207,124,68,11,4,177,67,67,0,110,108,2,148,83,65,65,0,99,19,33,9,17,0,21,0,85,2,10,58,15,0,9,0,9,6,6,0
"E01011497",2011,"Leeds 101E","Total",1420,58,16,0,16,42,29,13,0,0,158,78,68,9,1,0,65,15,144,69,57,11,7,58,9,9,0,49,46,3,159,107,52,41,11,296,88,84,54,54,0,10,6,370,41,57,123,149,0,160,81,79,17,17,0
"E01011499",2011,"Leeds 105C","Total",2395,312,73,5,68,239,100,120,10,9,610,356,250,71,24,11,183,71,348,159,135,28,26,247,44,42,2,203,194,9,241,133,108,100,8,317,62,107,41,66,1,24,16,264,20,21,140,83,0,49,16,33,7,7,0
"E01011500",2011,"Leeds 105D","Total",1256,133,31,1,30,102,38,53,9,2,328,175,139,25,9,2,92,61,166,97,49,18,2,199,62,59,3,137,137,0,122,62,60,47,13,115,39,52,14,9,0,0,1,162,9,6,83,64,0,27,14,13,4,4,0
"E01011502",2011,"Leeds 099C","Total",1106,36,17,0,17,19,7,7,5,0,153,82,67,10,1,4,41,30,130,80,43,7,0,129,21,21,0,108,108,0,132,87,45,39,6,210,45,88,21,17,0,23,16,264,9,22,122,105,6,33,16,17,19,19,0
"E01011504",2011,"Leeds 032A","Total",1178,76,3,0,3,73,44,24,5,0,258,181,140,13,28,0,45,32,141,58,48,29,6,119,15,15,0,104,104,0,80,51,29,29,0,187,41,103,14,11,0,8,10,167,29,12,58,68,0,97,68,29,53,53,0
"E01011505",2011,"Leeds 025A","Total",1290,239,57,0,57,182,107,52,14,9,303,228,164,23,31,10,63,12,150,97,47,1,5,198,43,43,0,155,155,0,82,28,54,54,0,138,32,67,1,5,0,32,1,107,15,6,50,36,0,44,21,23,29,29,0
"E01011506",2011,"Leeds 025B","Total",1255,308,57,0,57,251,132,77,18,24,286,173,131,14,24,4,67,46,133,79,40,5,9,209,46,46,0,163,163,0,77,50,27,21,6,112,23,44,4,31,0,3,7,82,26,9,19,28,0,37,28,9,11,11,0
"E01011507",2011,"Leeds 025C","Total",1321,283,47,0,47,236,136,71,20,9,397,285,240,20,24,1,64,48,156,88,63,5,0,189,53,53,0,136,134,2,62,28,34,34,0,115,31,48,15,12,0,8,1,97,3,14,60,18,2,19,11,8,3,3,0
"E01011508",2011,"Leeds 024A","Total",1311,407,62,0,62,345,199,98,42,6,408,284,199,57,17,11,94,30,111,60,42,9,0,180,51,51,0,129,129,0,63,32,31,31,0,60,23,16,3,3,0,15,0,62,10,22,19,11,0,6,2,4,14,14,0
"E01011509",2011,"Leeds 023A","Total",1004,282,45,0,45,237,132,74,27,4,284,183,127,32,18,6,68,33,71,40,16,7,8,139,52,52,0,87,87,0,65,44,21,21,0,58,21,16,6,9,0,6,0,59,10,2,23,24,0,26,13,13,20,20,0
"E01011510",2011,"Leeds 025D","Total",1145,95,15,0,15,80,40,30,4,6,190,119,81,21,15,2,33,38,148,96,46,4,2,139,51,51,0,88,86,2,81,38,43,39,4,176,55,89,8,7,0,12,5,202,42,5,72,79,4,69,28,41,45,45,0
"E01011511",2011,"Leeds 023B","Total",1065,239,27,0,27,212,143,36,20,13,312,223,170,25,13,15,63,26,112,46,51,7,8,180,59,59,0,121,121,0,58,31,27,23,4,90,22,45,7,6,0,7,3,53,18,10,13,12,0,15,9,6,6,6,0
"E01011512",2011,"Leeds 023C","Total",1324,395,70,0,70,325,204,72,45,4,368,227,159,26,24,18,111,30,106,71,19,11,5,165,61,61,0,104,104,0,70,42,28,28,0,113,38,45,3,12,0,13,2,58,6,11,26,15,0,41,19,22,8,8,0
"E01011513",2011,"Leeds 031A","Total",1969,668,83,0,83,585,397,123,55,10,600,423,301,71,31,20,132,45,206,111,59,14,22,236,43,41,2,193,193,0,60,40,20,20,0,138,40,58,4,21,0,15,0,35,15,5,8,7,0,8,3,5,18,18,0
"E01011514",2011,"Leeds 025E","Total",1394,410,60,0,60,350,222,82,34,12,352,230,172,35,14,9,95,27,133,70,49,6,8,238,56,56,0,182,182,0,50,33,17,15,2,87,32,32,1,20,0,2,0,67,7,7,20,33,0,18,17,1,39,39,0
"E01011515",2011,"Leeds 023D","Total",1186,391,62,0,62,329,194,89,28,18,377,270,186,33,29,22,71,36,101,60,26,4,11,132,40,40,0,92,92,0,41,27,14,8,6,58,12,13,11,5,0,9,8,34,8,1,18,7,0,34,13,21,18,18,0
"E01011516",2011,"Leeds 023E","Total",1490,418,76,0,76,342,190,128,18,6,444,343,267,25,49,2,57,44,167,98,53,7,9,205,65,65,0,140,140,0,89,45,44,44,0,82,22,19,11,12,0,6,12,54,16,2,22,14,0,19,14,5,12,12,0
"E01011517",2011,"Leeds 024B","Total",1433,365,61,0,61,304,211,76,15,2,431,297,229,37,20,11,100,34,153,89,49,14,1,146,44,44,0,102,102,0,93,48,45,44,1,111,22,55,13,3,0,9,9,86,18,8,35,25,0,33,21,12,15,15,0
"E01011518",2011,"Leeds 093A","Total",1970,314,80,0,80,234,96,114,16,8,494,337,276,44,12,5,104,53,319,184,95,26,14,226,56,56,0,170,168,2,172,61,111,103,8,216,60,85,16,23,2,23,7,176,10,17,89,60,0,29,12,17,24,24,0
"E01011519",2011,"Leeds 095A","Total",1271,128,37,0,37,91,38,39,10,4,274,142,98,30,14,0,75,57,204,111,63,9,21,102,14,14,0,88,84,4,138,56,82,74,8,177,73,42,31,15,0,15,1,190,14,15,85,73,3,55,27,28,3,3,0
"E01011520",2011,"Leeds 096A","Total",1174,171,36,0,36,135,44,78,6,7,303,173,131,21,14,7,96,34,141,84,50,0,7,146,43,43,0,103,103,0,117,52,65,63,2,141,44,36,19,27,0,8,7,131,8,7,71,45,0,15,9,6,9,9,0
"E01011521",2011,"Leeds 096B","Total",1636,206,52,0,52,154,49,91,5,9,457,251,175,41,27,8,145,61,191,96,53,26,16,283,92,90,2,191,190,1,146,60,86,78,8,163,58,49,21,12,3,20,0,149,3,26,75,44,1,34,4,30,7,7,0
"E01011522",2011,"Leeds 095B","Total",1124,203,72,0,72,131,53,52,20,6,374,230,168,28,24,10,81,63,102,52,36,11,3,163,34,33,1,129,129,0,91,35,56,56,0,92,26,28,22,6,0,10,0,90,4,8,54,24,0,5,2,3,4,4,0
"E01011523",2011,"Leeds 096C","Total",1407,230,72,0,72,158,82,75,1,0,356,216,164,40,9,3,107,33,176,86,55,22,13,171,35,35,0,136,136,0,126,54,72,66,6,136,31,54,21,18,0,9,3,164,6,11,103,44,0,32,13,19,16,16,0
"E01011524",2011,"Leeds 093B","Total",1029,150,22,0,22,128,47,68,13,0,283,150,98,35,12,5,75,58,104,50,29,15,10,137,31,31,0,106,106,0,132,66,66,65,1,117,54,30,12,14,0,7,0,89,10,9,57,13,0,11,5,6,6,6,0
"E01011525",2011,"Leeds 095C","Total",1314,192,42,0,42,150,83,52,12,3,317,207,154,35,9,9,65,45,210,102,78,7,23,108,18,18,0,90,90,0,128,82,46,43,3,171,18,65,14,42,0,17,15,151,14,17,67,53,0,27,16,11,10,10,0
"E01011526",2011,"Leeds 093C","Total",1179,235,48,0,48,187,74,92,17,4,370,184,142,25,11,6,117,69,134,82,32,4,16,120,31,31,0,89,89,0,99,43,56,52,4,114,44,31,12,15,0,3,9,97,2,3,71,21,0,10,5,5,0,0,0
"E01011527",2011,"Leeds 096D","Total",1407,202,85,0,85,117,53,57,4,3,413,208,138,43,19,8,141,64,186,118,42,18,8,160,53,49,4,107,107,0,157,54,103,94,9,86,18,40,7,11,0,10,0,170,12,8,89,61,0,15,5,10,18,18,0
"E01011528",2011,"Leeds 095D","Total",1451,315,73,0,73,242,112,112,15,3,438,252,175,64,13,0,134,52,154,86,53,8,7,189,76,76,0,113,113,0,141,63,78,76,2,111,33,36,11,16,4,11,0,82,5,2,49,26,0,8,0,8,13,13,0
"E01011529",2011,"Leeds 096E","Total",1240,127,36,0,36,91,34,44,9,4,224,120,97,13,7,3,58,46,168,103,53,6,6,141,28,28,0,113,110,3,127,57,70,67,3,156,59,42,8,32,0,12,3,227,24,20,105,78,0,65,24,41,5,5,0
"E01011530",2011,"Leeds 106A","Total",1199,203,57,0,57,146,57,67,13,9,297,168,147,17,4,0,89,40,140,82,39,4,15,157,23,23,0,134,125,9,122,49,73,64,9,105,24,24,31,26,0,0,0,147,11,16,59,61,0,18,2,16,10,10,0
"E01011531",2011,"Leeds 093D","Total",971,146,29,0,29,117,61,51,2,3,192,134,97,19,11,7,38,20,150,87,42,6,15,113,38,38,0,75,65,10,103,34,69,64,5,129,17,66,21,16,0,4,5,119,6,4,73,36,0,12,3,9,7,7,0
"E01011532",2011,"Leeds 095E","Total",1314,101,26,0,26,75,31,39,3,2,247,138,91,35,12,0,79,30,200,105,53,9,33,122,29,29,0,93,93,0,155,72,83,69,14,184,46,76,17,31,0,14,0,233,31,14,121,67,0,66,8,58,6,3,3
"E01011533",2011,"Leeds 104A","Total",1079,155,27,0,27,128,59,65,0,4,228,133,99,24,9,1,75,20,142,74,45,14,9,119,32,32,0,87,85,2,94,55,39,37,2,122,17,58,25,6,0,12,4,180,10,22,78,70,0,24,5,19,15,15,0
"E01011534",2011,"Leeds 106B","Total",1184,166,20,0,20,146,75,62,9,0,320,202,143,43,14,2,97,21,181,109,65,2,5,142,31,31,0,111,111,0,106,40,66,58,8,136,47,38,21,16,0,13,1,96,8,14,49,25,0,18,3,15,19,19,0
"E01011535",2011,"Leeds 108A","Total",1392,305,86,0,86,219,81,108,27,3,422,220,146,55,17,2,154,48,151,97,37,8,9,224,98,93,5,126,112,14,73,40,33,32,1,98,10,28,17,27,0,12,4,97,13,0,61,23,0,17,7,10,5,5,0
"E01011536",2011,"Leeds 108B","Total",1293,169,44,0,44,125,68,49,6,2,291,159,104,36,19,0,87,45,176,95,58,11,12,175,46,45,1,129,122,7,115,38,77,74,3,183,31,55,21,44,3,29,0,160,6,12,110,32,0,20,8,12,4,4,0
"E01011537",2011,"Leeds 107A","Total",1552,181,68,2,66,113,50,50,11,2,367,196,144,38,11,3,121,50,207,116,59,23,9,181,40,39,1,141,139,2,157,70,87,86,1,200,48,68,28,34,0,19,3,228,13,10,124,81,0,18,4,14,13,13,0
"E01011538",2011,"Leeds 107B","Total",1228,118,37,0,37,81,45,29,7,0,207,113,96,12,2,3,62,32,149,76,51,16,6,171,27,22,5,144,139,5,123,68,55,49,6,160,41,51,17,37,2,12,0,208,10,26,104,68,0,74,42,32,18,18,0
"E01011540",2011,"Leeds 102B","Total",1223,82,14,0,14,68,45,23,0,0,192,95,67,23,3,2,61,36,111,45,45,5,16,117,23,20,3,94,94,0,148,62,86,78,8,242,59,104,34,22,2,7,14,240,5,11,118,105,1,85,56,29,6,6,0
"E01011541",2011,"Leeds 104B","Total",1296,162,30,0,30,132,51,70,10,1,292,167,114,34,12,7,93,32,167,81,57,16,13,98,36,36,0,62,62,0,115,52,63,61,2,195,42,64,46,24,1,12,6,198,7,17,76,96,2,47,32,15,22,22,0
"E01011545",2011,"Leeds 104C","Total",1219,142,25,0,25,117,45,68,0,4,253,162,127,28,7,0,52,39,193,108,62,4,19,107,24,24,0,83,83,0,148,57,91,79,12,167,53,57,33,16,2,6,0,173,9,20,77,67,0,31,10,21,5,5,0
"E01011546",2011,"Leeds 106C","Total",1442,181,60,0,60,121,52,64,0,5,336,198,151,37,10,0,102,36,200,114,55,17,14,160,32,32,0,128,128,0,123,67,56,53,3,184,43,76,21,25,0,19,0,191,7,13,77,94,0,63,18,45,4,4,0
"E01011547",2011,"Leeds 104D","Total",1539,133,32,0,32,101,50,39,5,7,321,195,150,36,3,6,95,31,240,147,58,19,16,153,30,30,0,123,121,2,135,65,70,59,11,220,56,74,36,19,0,30,5,261,18,20,131,77,15,62,31,31,14,14,0
"E01011548",2011,"Leeds 106D","Total",1122,124,29,0,29,95,46,45,2,2,295,149,99,41,9,0,91,55,146,57,46,18,25,167,45,42,3,122,116,6,149,55,94,94,0,105,34,30,22,11,0,8,0,89,7,5,52,25,0,26,4,22,21,18,3
"E01011549",2011,"Leeds 108C","Total",1454,335,95,0,95,240,98,120,14,8,462,221,134,53,14,20,171,70,217,133,46,13,25,140,50,50,0,90,90,0,91,48,43,43,0,91,18,17,19,15,3,19,0,110,6,11,75,18,0,4,2,2,4,4,0
"E01011550",2011,"Leeds 106E","Total",1224,211,56,0,56,155,76,65,10,4,354,215,152,49,11,3,95,44,157,76,58,2,21,132,40,33,7,92,92,0,124,51,73,73,0,128,14,49,21,23,0,10,11,110,11,13,51,35,0,7,0,7,1,1,0
"E01011551",2011,"Leeds 107C","Total",1459,184,39,0,39,145,72,65,4,4,403,213,147,47,16,3,136,54,203,87,78,22,16,163,36,36,0,127,124,3,117,50,67,65,2,167,32,56,21,27,0,17,14,174,17,11,89,57,0,33,15,18,15,15,0
"E01011552",2011,"Leeds 107D","Total",1258,47,14,0,14,33,18,15,0,0,155,86,58,13,12,3,44,25,124,49,60,5,10,144,18,18,0,126,122,4,144,78,66,58,8,289,75,136,25,30,0,23,0,268,20,14,167,67,0,73,26,47,14,14,0
"E01011553",2011,"Leeds 108D","Total",1235,142,32,0,32,110,53,46,11,0,317,184,131,32,19,2,82,51,204,110,53,5,36,147,48,48,0,99,99,0,139,49,90,86,4,142,27,57,16,13,0,25,4,110,6,5,64,33,2,30,9,21,4,4,0
"E01011554",2011,"Leeds 012A","Total",1155,383,105,0,105,278,146,65,64,3,318,197,138,19,31,9,102,19,105,80,22,3,0,155,75,75,0,80,77,3,56,40,16,14,2,57,14,19,4,7,0,7,6,39,7,3,19,10,0,19,13,6,23,23,0
"E01011555",2011,"Leeds 018A","Total",1109,287,50,0,50,237,122,73,40,2,306,189,138,30,16,5,91,26,148,89,43,14,2,146,29,29,0,117,117,0,50,26,24,24,0,86,28,24,3,17,0,14,0,39,6,6,25,2,0,43,22,21,4,4,0
"E01011556",2011,"Leeds 015A","Total",1326,358,29,0,29,329,162,135,28,4,421,299,197,68,15,19,91,31,138,82,31,9,16,104,40,40,0,64,64,0,35,19,16,16,0,163,35,52,26,17,0,22,11,55,5,3,24,23,0,38,15,23,14,14,0
"E01011557",2011,"Leeds 015B","Total",1207,401,60,0,60,341,197,72,67,5,317,196,129,16,33,18,72,49,82,57,20,3,2,209,73,73,0,136,134,2,65,44,21,21,0,74,23,28,0,6,0,7,10,42,17,5,13,7,0,14,13,1,3,1,2
"E01011558",2011,"Leeds 018B","Total",1356,162,9,0,9,153,97,34,18,4,264,165,140,16,3,6,68,31,165,94,57,10,4,139,56,56,0,83,83,0,119,45,74,68,6,219,72,96,9,8,0,12,22,162,29,22,50,61,0,95,62,33,31,29,2
"E01011559",2011,"Leeds 018C","Total",1058,91,5,0,5,86,50,24,12,0,144,89,66,11,6,6,34,21,110,54,40,10,6,115,25,25,0,90,90,0,129,62,67,61,6,195,43,116,14,11,0,5,6,143,34,3,47,57,2,107,68,39,24,24,0
"E01011560",2011,"Leeds 018D","Total",1551,95,22,0,22,73,47,26,0,0,250,138,107,21,6,4,85,27,193,102,56,18,17,201,60,60,0,141,141,0,118,57,61,52,9,283,82,153,12,19,0,11,6,246,35,21,71,119,0,134,78,56,31,31,0
"E01011561",2011,"Leeds 006A","Total",997,318,88,4,84,230,116,63,39,12,261,128,86,7,29,6,119,14,73,48,14,9,2,183,109,100,9,74,67,7,58,37,21,21,0,43,8,14,0,8,5,8,0,37,9,3,12,13,0,15,5,10,9,9,0
"E01011562",2011,"Leeds 012B","Total",1239,454,102,2,100,352,151,76,125,0,345,173,102,31,26,14,141,31,52,32,13,3,4,222,110,110,0,112,112,0,31,7,24,24,0,47,9,25,1,2,0,9,1,58,15,1,28,14,0,15,5,10,15,15,0
"E01011563",2011,"Leeds 012C","Total",996,358,74,5,69,284,146,73,61,4,321,187,126,38,23,0,110,24,65,36,15,7,7,150,93,93,0,57,57,0,21,14,7,5,2,29,5,6,7,7,0,4,0,33,1,7,17,8,0,12,6,6,7,7,0
"E01011564",2011,"Leeds 012D","Total",1233,411,66,0,66,345,167,119,55,4,402,261,208,19,17,17,101,40,134,70,47,0,17,140,43,43,0,97,97,0,57,33,24,24,0,39,11,22,1,0,0,2,3,29,2,1,21,5,0,15,5,10,6,6,0
"E01011565",2011,"Leeds 015C","Total",1126,305,69,6,63,236,124,54,45,13,319,230,162,41,13,14,75,14,150,104,36,10,0,170,40,40,0,130,130,0,53,15,38,37,1,71,21,16,5,13,0,7,9,44,7,8,12,17,0,5,5,0,9,9,0
"E01011566",2011,"Leeds 015D","Total",1079,307,48,0,48,259,143,86,30,0,258,162,113,22,16,11,81,15,131,68,44,18,1,130,62,62,0,68,68,0,64,32,32,32,0,98,23,27,7,24,0,14,3,47,11,5,25,5,1,34,17,17,10,10,0
"E01011567",2011,"Leeds 012E","Total",1163,347,53,0,53,294,166,102,22,4,333,237,164,46,18,9,60,36,117,80,32,5,0,163,37,37,0,126,124,2,60,22,38,38,0,66,15,22,5,13,0,8,3,46,4,10,18,14,0,16,5,11,15,15,0
"E01011568",2011,"Leeds 015E","Total",1435,432,66,0,66,366,189,99,57,21,450,283,194,30,43,16,132,35,134,93,24,17,0,191,83,83,0,108,108,0,51,33,18,18,0,87,24,31,10,8,2,11,1,53,13,11,18,11,0,17,8,9,20,20,0
"E01011569",2011,"Leeds 004A","Total",1379,273,46,0,46,227,109,92,26,0,467,332,248,58,18,8,91,44,145,84,46,13,2,183,61,57,4,122,116,6,67,35,32,28,4,123,21,52,12,17,0,10,11,87,12,9,37,28,1,20,7,13,14,14,0
"E01011570",2011,"Leeds 007A","Total",1889,500,137,1,136,363,192,101,65,5,620,346,227,69,34,16,199,75,131,53,62,3,13,380,113,102,11,267,237,30,79,47,32,27,5,80,22,22,15,13,0,5,3,72,4,2,22,39,5,16,7,9,11,11,0
"E01011571",2011,"Leeds 004B","Total",1238,251,51,1,50,200,114,46,29,11,364,197,157,13,21,6,109,58,109,63,28,17,1,181,53,53,0,128,124,4,100,66,34,31,3,118,36,45,11,14,1,8,3,80,13,4,31,32,0,29,6,23,6,6,0
"E01011572",2011,"Leeds 004C","Total",1523,302,75,0,75,227,132,74,15,6,505,303,257,22,19,5,137,65,185,105,47,20,13,188,38,38,0,150,150,0,98,62,36,35,1,161,34,70,9,26,0,18,4,70,6,6,47,11,0,9,1,8,5,5,0
"E01011573",2011,"Leeds 004D","Total",1122,183,25,0,25,158,83,59,11,5,292,160,125,16,19,0,79,53,139,70,52,9,8,150,18,18,0,132,131,1,127,60,67,64,3,109,25,46,8,23,0,5,2,99,13,4,39,43,0,12,3,9,11,11,0
"E01011574",2011,"Leeds 004E","Total",1029,270,42,0,42,228,126,75,21,6,290,175,151,11,11,2,67,48,87,49,27,6,5,124,44,44,0,80,80,0,53,26,27,27,0,92,28,37,7,10,3,6,1,98,12,16,39,27,4,8,1,7,7,7,0
"E01011576",2011,"Leeds 007C","Total",1068,430,121,0,121,309,143,91,75,0,326,206,121,19,45,21,96,24,47,33,11,0,3,169,77,69,8,92,89,3,35,19,16,14,2,20,10,7,3,0,0,0,0,16,0,0,5,9,2,12,3,9,13,13,0
"E01011578",2011,"Leeds 011D","Total",1043,158,40,1,39,118,52,55,11,0,306,180,144,20,11,5,87,39,137,64,51,16,6,119,30,30,0,89,88,1,105,53,52,40,12,130,18,61,11,29,0,5,6,72,2,4,36,30,0,5,4,1,11,11,0
"E01011579",2011,"Leeds 014C","Total",1080,168,51,0,51,117,51,53,13,0,267,161,128,20,10,3,60,46,118,67,29,8,14,175,39,39,0,136,136,0,73,47,26,19,7,157,24,71,35,11,2,8,6,100,7,1,57,35,0,15,7,8,7,7,0
"E01011580",2011,"Leeds 014D","Total",1045,241,83,0,83,158,60,63,35,0,347,212,137,40,24,11,96,39,138,77,44,3,14,160,43,43,0,117,111,6,48,24,24,24,0,71,9,29,10,16,0,7,0,40,6,0,26,8,0,0,0,0,0,0,0
"E01011581",2011,"Leeds 003A","Total",1122,201,59,0,59,142,66,54,8,14,305,142,111,14,11,6,136,27,118,68,44,3,3,177,38,38,0,139,136,3,72,44,28,24,4,126,19,63,11,27,0,6,0,96,18,8,44,26,0,24,11,13,3,3,0
"E01011582",2011,"Leeds 003B","Total",1315,114,23,0,23,91,38,44,4,5,215,133,92,11,20,10,51,31,134,72,41,18,3,187,39,39,0,148,141,7,134,81,53,50,3,253,77,98,18,34,3,12,11,207,19,21,66,96,5,61,22,39,10,10,0
"E01011583",2011,"Leeds 003C","Total",1219,170,25,0,25,145,62,53,27,3,279,167,127,24,16,0,65,47,128,75,29,9,15,191,52,48,4,139,139,0,116,78,38,35,3,167,26,71,21,32,2,11,4,119,26,12,33,46,2,24,14,10,25,25,0
"E01011584",2011,"Leeds 003D","Total",981,212,56,0,56,156,102,37,13,4,296,175,143,15,14,3,90,31,101,58,20,12,11,146,24,24,0,122,120,2,68,44,24,24,0,98,22,48,7,9,0,3,9,38,7,6,17,8,0,13,1,12,9,9,0
"E01011585",2011,"Leeds 062A","Total",1206,107,26,0,26,81,49,28,0,4,231,142,114,18,10,0,61,28,174,76,70,25,3,115,8,8,0,107,107,0,102,40,62,54,8,217,50,103,19,25,0,14,6,207,23,18,84,82,0,51,30,21,2,2,0
"E01011586",2011,"Leeds 066A","Total",1198,147,30,0,30,117,51,62,2,2,301,207,147,40,11,9,69,25,145,94,34,5,12,138,31,31,0,107,102,5,98,54,44,37,7,160,28,70,19,22,0,15,6,160,10,35,61,54,0,29,17,12,20,20,0
"E01011587",2011,"Leeds 062B","Total",1462,215,43,3,40,172,67,82,17,6,418,286,232,41,9,4,83,49,201,122,53,12,14,173,35,35,0,138,134,4,161,79,82,78,4,143,29,59,23,10,0,16,6,128,17,8,71,32,0,18,9,9,5,5,0
"E01011588",2011,"Leeds 039A","Total",1486,293,49,0,49,244,150,74,16,4,435,282,224,43,15,0,101,52,138,82,38,11,7,208,75,75,0,133,133,0,118,44,74,73,1,139,51,38,13,13,2,18,4,100,8,10,60,22,0,50,29,21,5,5,0
"E01011589",2011,"Leeds 039B","Total",1289,385,106,0,106,279,147,98,32,2,446,278,212,44,16,6,133,35,131,76,39,8,8,156,57,54,3,99,92,7,48,23,25,25,0,51,8,21,7,6,0,5,4,40,2,4,22,12,0,10,7,3,22,22,0
"E01011590",2011,"Leeds 039C","Total",1223,262,61,0,61,201,119,74,8,0,377,251,187,34,15,15,84,42,202,110,66,6,20,173,66,66,0,107,101,6,75,36,39,37,2,85,28,29,11,11,0,3,3,40,9,7,20,4,0,5,0,5,4,4,0
"E01011591",2011,"Leeds 052D","Total",1418,300,50,0,50,250,114,98,33,5,447,317,227,64,26,0,90,40,165,84,45,21,15,128,46,46,0,82,82,0,110,61,49,39,10,121,20,42,26,7,0,22,4,114,6,14,64,30,0,12,1,11,21,21,0
"E01011592",2011,"Leeds 039D","Total",1133,221,67,0,67,154,78,69,7,0,344,217,177,29,9,2,90,37,121,58,41,10,12,118,40,40,0,78,75,3,102,54,48,41,7,141,24,48,16,36,0,7,10,71,2,12,44,13,0,9,3,6,6,6,0
"E01011593",2011,"Leeds 039E","Total",1489,323,65,2,63,258,103,127,24,4,469,299,222,50,22,5,122,48,197,83,80,31,3,172,65,63,2,107,101,6,133,62,71,71,0,82,10,41,10,17,1,3,0,103,2,11,61,29,0,5,0,5,5,5,0
"E01011594",2011,"Leeds 062C","Total",1246,129,31,0,31,98,54,40,0,4,246,146,117,19,10,0,62,38,135,77,35,22,1,135,44,42,2,91,89,2,120,44,76,68,8,199,46,73,29,27,0,18,6,232,18,25,81,106,2,42,28,14,8,8,0
"E01011595",2011,"Leeds 066B","Total",1488,304,40,0,40,264,148,75,37,4,353,232,163,29,26,14,95,26,125,83,38,0,4,302,94,94,0,208,208,0,84,39,45,45,0,135,21,43,6,58,0,7,0,129,4,16,59,50,0,49,35,14,7,7,0
"E01011596",2011,"Leeds 062D","Total",1466,249,70,0,70,179,93,79,7,0,445,259,186,53,20,0,133,53,234,121,85,17,11,162,45,45,0,117,115,2,153,66,87,77,10,106,15,44,24,8,0,13,2,82,3,14,46,18,1,18,2,16,17,17,0
"E01011597",2011,"Leeds 066C","Total",1302,138,35,0,35,103,39,51,13,0,231,139,96,29,12,2,67,25,124,66,44,4,10,249,94,94,0,155,154,1,100,51,49,42,7,170,51,70,13,23,0,9,4,206,6,29,82,89,0,66,35,31,18,18,0
"E01011598",2011,"Leeds 062E","Total",1329,264,57,0,57,207,114,73,17,3,359,247,161,79,7,0,67,45,192,131,39,11,11,148,34,34,0,114,113,1,121,58,63,59,4,141,26,60,20,23,0,5,7,94,5,9,47,32,1,9,1,8,1,1,0
"E01011599",2011,"Leeds 066D","Total",1275,167,25,0,25,142,50,77,11,4,362,258,193,50,11,4,64,40,188,104,53,13,18,142,27,27,0,115,110,5,107,53,54,53,1,138,34,52,20,18,0,10,4,125,3,4,71,45,2,31,14,17,15,15,0
"E01011600",2011,"Leeds 079A","Total",1248,181,71,0,71,110,65,40,5,0,421,249,170,58,19,2,128,44,157,96,42,5,14,134,50,50,0,84,84,0,96,31,65,60,5,132,34,47,16,30,0,3,2,98,1,11,63,23,0,20,14,6,9,9,0
"E01011601",2011,"Leeds 079B","Total",1316,137,53,0,53,84,37,40,6,1,276,162,135,27,0,0,74,40,138,70,43,15,10,174,41,37,4,133,132,1,129,49,80,80,0,188,37,63,43,26,0,17,2,209,1,13,117,78,0,54,31,23,11,11,0
"E01011602",2011,"Leeds 076A","Total",1118,141,57,0,57,84,53,25,6,0,301,176,148,19,5,4,100,25,130,75,42,6,7,166,46,46,0,120,120,0,95,44,51,45,6,131,27,43,22,14,0,18,7,136,14,10,57,55,0,13,5,8,5,5,0
"E01011603",2011,"Leeds 076B","Total",1189,152,43,0,43,109,56,47,1,5,379,237,173,42,20,2,111,31,142,86,26,13,17,163,47,47,0,116,114,2,93,23,70,70,0,94,10,35,24,10,0,10,5,125,11,14,77,22,1,33,8,25,8,8,0
"E01011604",2011,"Leeds 079C","Total",1134,247,41,0,41,206,86,88,22,10,346,247,151,52,23,21,64,35,136,77,41,12,6,127,18,18,0,109,109,0,73,41,32,31,1,125,30,37,21,14,0,20,3,58,1,5,28,24,0,15,7,8,7,7,0
"E01011605",2011,"Leeds 076C","Total",1152,219,62,0,62,157,71,70,16,0,304,175,133,28,7,7,84,45,135,77,42,5,11,164,31,31,0,133,133,0,129,53,76,76,0,108,12,45,15,23,0,8,5,84,5,9,57,13,0,3,1,2,6,6,0
"E01011606",2011,"Leeds 076D","Total",1391,139,37,0,37,102,46,44,12,0,247,162,114,29,9,10,57,28,170,97,50,13,10,182,47,47,0,135,135,0,199,110,89,77,12,182,40,73,18,32,0,19,0,204,2,22,91,89,0,53,31,22,15,15,0
"E01011607",2011,"Leeds 079D","Total",1396,169,42,0,42,127,49,64,14,0,354,213,173,27,11,2,74,67,201,118,60,18,5,135,40,40,0,95,95,0,147,69,78,75,3,189,58,55,21,34,2,15,4,150,9,12,69,60,0,34,17,17,17,17,0
"E01011608",2011,"Leeds 068A","Total",1169,89,27,0,27,62,29,23,10,0,222,125,98,19,8,0,75,22,138,78,50,10,0,111,12,11,1,99,99,0,112,35,77,71,6,204,48,80,36,28,0,8,4,223,19,3,109,92,0,49,35,14,21,21,0
"E01011609",2011,"Leeds 068B","Total",1255,72,19,0,19,53,23,28,0,2,211,120,91,21,5,3,56,35,164,75,54,26,9,128,32,32,0,96,96,0,175,78,97,94,3,243,49,95,42,38,2,13,4,199,8,18,110,63,0,54,28,26,9,9,0
"E01011610",2011,"Leeds 068C","Total",1171,165,43,0,43,122,40,81,1,0,314,156,128,14,12,2,125,33,154,72,55,9,18,181,57,57,0,124,124,0,82,30,52,50,2,128,31,44,23,18,2,10,0,123,8,4,64,47,0,14,12,2,10,10,0
"E01011611",2011,"Leeds 068D","Total",1139,69,24,0,24,45,18,22,0,5,161,78,71,1,3,3,64,19,155,72,58,14,11,142,25,25,0,117,117,0,91,49,42,32,10,205,36,93,28,27,0,12,9,235,30,15,89,101,0,72,27,45,9,9,0
"E01011612",2011,"Leeds 079E","Total",853,98,26,0,26,72,43,26,2,1,182,116,75,26,10,5,46,20,112,67,34,10,1,88,14,14,0,74,74,0,78,28,50,47,3,133,21,47,23,23,4,7,8,127,22,2,62,41,0,31,13,18,4,4,0
"E01011613",2011,"Leeds 076E","Total",1142,108,30,0,30,78,42,32,4,0,234,142,114,23,5,0,67,25,162,83,50,23,6,184,45,45,0,139,135,4,92,52,40,36,4,160,43,63,13,17,1,16,7,143,10,9,69,53,2,48,27,21,11,11,0
"E01011614",2011,"Leeds 068E","Total",1533,234,44,0,44,190,78,101,11,0,422,255,165,69,12,9,120,47,174,109,51,5,9,183,32,32,0,151,151,0,133,70,63,63,0,174,47,75,26,15,0,11,0,154,7,12,100,35,0,40,24,16,19,16,3
"E01011615",2011,"Leeds 070A","Total",1306,59,18,0,18,41,24,9,4,4,249,177,124,38,15,0,39,33,187,93,41,39,14,136,29,29,0,107,107,0,130,73,57,50,7,195,38,85,34,22,0,11,5,288,35,39,122,91,1,55,40,15,7,7,0
"E01011616",2011,"Leeds 072A","Total",1171,63,22,0,22,41,18,16,7,0,140,62,55,0,3,4,62,16,118,74,25,19,0,111,40,40,0,71,71,0,110,62,48,45,3,238,60,90,32,24,7,17,8,264,18,27,97,121,1,107,58,49,20,20,0
"E01011617",2011,"Leeds 070B","Total",1411,44,16,0,16,28,12,16,0,0,244,171,143,13,14,1,47,26,202,118,51,26,7,108,18,18,0,90,90,0,121,56,65,62,3,245,85,90,35,28,0,7,0,270,33,26,87,124,0,128,79,49,49,49,0
"E01011618",2011,"Leeds 070C","Total",1428,75,23,0,23,52,37,14,1,0,275,181,153,18,8,2,54,40,229,123,57,35,14,43,12,12,0,31,31,0,125,56,69,58,11,254,62,126,14,37,0,8,7,243,28,28,100,87,0,132,87,45,52,52,0
"E01011620",2011,"Leeds 072B","Total",1162,65,30,0,30,35,23,4,7,1,138,105,87,10,2,6,26,7,103,34,42,22,5,119,44,44,0,75,75,0,93,57,36,30,6,203,55,97,18,14,5,13,1,250,31,26,60,133,0,158,103,55,33,33,0
"E01011621",2011,"Leeds 070D","Total",1315,39,2,0,2,37,22,14,1,0,161,92,81,7,1,3,48,21,109,56,25,20,8,102,24,24,0,78,78,0,119,78,41,34,7,295,69,154,35,19,3,12,3,325,33,31,84,177,0,135,68,67,30,30,0
"E01011622",2011,"Leeds 072C","Total",1514,50,3,0,3,47,31,12,1,3,164,106,88,9,9,0,33,25,107,52,45,10,0,88,34,34,0,54,54,0,108,83,25,19,6,372,73,201,27,49,0,21,1,337,28,53,61,193,2,233,135,98,55,55,0
"E01011623",2011,"Leeds 075B","Total",1395,63,14,0,14,49,25,24,0,0,196,134,122,4,6,2,54,8,133,51,71,11,0,72,31,31,0,41,41,0,92,43,49,40,9,241,72,120,30,13,0,2,4,324,54,25,68,177,0,247,140,107,27,27,0
"E01011624",2011,"Leeds 072D","Total",1627,43,11,0,11,32,23,7,2,0,164,95,76,10,5,4,50,19,141,58,51,29,3,78,33,33,0,45,45,0,159,84,75,67,8,313,88,139,34,31,0,6,15,460,27,49,106,278,0,225,180,45,44,44,0
"E01011625",2011,"Leeds 075C","Total",1343,67,24,0,24,43,18,19,4,2,178,113,92,13,8,0,28,37,155,85,42,20,8,118,24,24,0,94,92,2,111,52,59,57,2,232,60,98,15,39,2,18,0,262,24,26,127,84,1,187,110,77,33,33,0
"E01011626",2011,"Leeds 075D","Total",1604,139,19,0,19,120,72,37,8,3,225,154,121,28,5,0,53,18,180,84,68,21,7,81,26,26,0,55,55,0,120,69,51,45,6,309,80,147,17,46,2,12,5,283,32,33,51,167,0,191,123,68,76,76,0
"E01011627",2011,"Leeds 098A","Total",1135,132,30,0,30,102,28,60,6,8,258,141,82,40,15,4,65,52,98,50,29,11,8,157,47,47,0,110,110,0,120,54,66,66,0,171,48,79,15,13,0,11,5,158,25,12,51,70,0,39,13,26,2,2,0
"E01011628",2011,"Leeds 098B","Total",972,126,28,0,28,98,56,30,12,0,236,140,103,25,7,5,62,34,143,69,57,7,10,111,31,31,0,80,80,0,137,68,69,69,0,102,18,33,17,12,0,18,4,113,9,5,76,23,0,4,3,1,0,0,0
"E01011629",2011,"Leeds 098C","Total",1059,119,38,0,38,81,20,51,6,4,233,136,104,25,7,0,75,22,167,93,57,9,8,155,31,31,0,124,121,3,117,41,76,74,2,133,35,56,14,16,0,11,1,103,8,2,56,37,0,24,12,12,8,6,2
"E01011630",2011,"Leeds 100B","Total",1831,362,93,0,93,269,105,143,14,7,528,276,170,62,32,12,159,93,207,93,86,10,18,205,69,69,0,136,136,0,165,59,106,89,17,146,31,54,19,20,0,19,3,193,11,17,109,56,0,25,16,9,0,0,0
"E01011632",2011,"Leeds 098D","Total",1105,77,30,0,30,47,21,26,0,0,188,120,91,17,8,4,33,35,164,89,66,2,7,86,23,23,0,63,63,0,105,63,42,35,7,190,36,71,19,15,0,39,10,230,17,16,115,82,0,53,18,35,12,12,0
"E01011633",2011,"Leeds 098E","Total",1176,184,61,0,61,123,40,64,12,7,332,181,130,33,16,2,108,43,160,90,46,11,13,141,44,44,0,97,97,0,102,45,57,55,2,141,26,49,11,30,1,16,8,103,6,11,47,37,2,4,2,2,9,9,0
"E01011634",2011,"Leeds 100C","Total",1189,122,46,0,46,76,34,35,5,2,282,169,136,17,14,2,85,28,152,86,41,15,10,171,46,46,0,125,125,0,92,48,44,43,1,138,20,52,15,35,3,8,5,174,22,12,103,37,0,40,21,19,18,18,0
"E01011635",2011,"Leeds 097B","Total",1230,296,68,0,68,228,106,81,35,6,354,153,118,24,7,4,163,38,105,62,39,4,0,139,55,55,0,84,84,0,93,40,53,41,12,109,24,34,23,14,0,14,0,92,11,11,47,23,0,30,14,16,12,12,0
"E01011636",2011,"Leeds 100D","Total",1205,244,84,0,84,160,89,61,6,4,261,155,125,21,9,0,90,16,128,81,23,20,4,197,57,53,4,140,139,1,71,32,39,39,0,134,29,60,8,18,2,12,5,145,11,9,93,32,0,19,15,4,6,6,0
"E01011637",2011,"Leeds 097C","Total",1567,277,74,0,74,203,61,132,3,7,477,273,182,57,34,0,121,83,196,123,53,3,17,125,38,38,0,87,83,4,147,80,67,61,6,147,33,56,18,27,0,3,10,160,16,8,79,57,0,27,7,20,11,11,0
"E01011638",2011,"Leeds 097D","Total",1187,171,40,0,40,131,65,62,2,2,303,183,150,11,13,9,94,26,176,104,39,15,18,127,41,41,0,86,86,0,141,66,75,69,6,147,30,77,26,9,0,5,0,105,5,6,56,38,0,9,2,7,8,8,0
"E01011639",2011,"Leeds 100E","Total",1252,95,30,0,30,65,26,38,1,0,239,129,82,28,19,0,84,26,129,77,35,4,13,126,21,21,0,105,105,0,106,54,52,50,2,235,75,96,20,19,0,25,0,241,16,24,103,98,0,81,43,38,0,0,0
"E01011641",2011,"Leeds 032B","Total",1316,485,88,4,84,397,216,89,90,2,483,346,257,34,43,12,109,28,90,52,28,5,5,95,32,32,0,63,63,0,39,24,15,9,6,49,18,15,4,10,0,1,1,34,9,5,8,12,0,33,18,15,8,8,0
"E01011642",2011,"Leeds 032C","Total",1139,310,67,0,67,243,159,45,37,2,347,253,195,14,34,10,48,46,99,45,32,22,0,167,36,36,0,131,131,0,39,19,20,19,1,84,31,36,6,4,0,7,0,49,0,3,20,26,0,18,9,9,26,26,0
"E01011643",2011,"Leeds 037A","Total",1003,352,39,0,39,313,186,64,51,12,295,188,130,27,25,6,83,24,59,46,11,2,0,170,42,42,0,128,128,0,28,7,21,20,1,63,12,19,4,15,2,4,7,24,9,0,8,7,0,12,5,7,0,0,0
"E01011644",2011,"Leeds 037B","Total",931,264,44,0,44,220,146,38,34,2,255,173,110,19,27,17,53,29,97,38,33,21,5,99,41,41,0,58,58,0,51,33,18,15,3,79,15,34,2,7,0,14,7,50,8,5,15,22,0,29,12,17,7,7,0
"E01011645",2011,"Leeds 032D","Total",1270,422,82,4,78,340,224,77,34,5,362,250,192,29,26,3,88,24,95,68,10,15,2,177,67,67,0,110,110,0,34,24,10,7,3,79,19,30,10,12,0,8,0,49,20,1,17,11,0,34,20,14,18,18,0
"E01011646",2011,"Leeds 037C","Total",1424,276,42,0,42,234,140,76,15,3,335,233,193,10,17,13,52,50,132,67,47,10,8,290,67,67,0,223,223,0,105,41,64,54,10,122,20,58,11,18,0,5,10,115,22,8,61,24,0,41,22,19,8,8,0
"E01011647",2011,"Leeds 037D","Total",1546,189,28,0,28,161,69,76,11,5,241,151,115,26,10,0,45,45,154,54,72,24,4,399,109,109,0,290,285,5,86,32,54,52,2,198,47,81,18,35,0,15,2,155,20,40,41,54,0,96,60,36,28,28,0
"E01011648",2011,"Leeds 037E","Total",1510,171,48,0,48,123,72,35,16,0,310,237,172,36,24,5,56,17,181,83,62,36,0,379,138,138,0,241,241,0,135,74,61,58,3,158,38,44,19,37,0,20,0,84,11,10,31,32,0,59,38,21,33,33,0
"E01011649",2011,"Leeds 022B","Total",1126,379,62,1,61,317,140,98,65,14,386,216,131,38,35,12,122,48,103,66,23,7,7,148,66,66,0,82,80,2,29,15,14,14,0,37,4,20,2,3,0,8,0,30,8,3,6,13,0,7,5,2,7,7,0
"E01011650",2011,"Leeds 020A","Total",1188,465,86,0,86,379,196,71,110,2,369,219,143,44,23,9,119,31,57,36,14,4,3,163,55,50,5,108,108,0,26,9,17,12,5,67,19,29,4,10,0,5,0,31,3,1,11,16,0,9,4,5,1,1,0
"E01011651",2011,"Leeds 020B","Total",1278,382,76,0,76,306,182,98,24,2,360,217,149,31,16,21,88,55,149,75,65,4,5,145,38,37,1,107,107,0,63,48,15,11,4,100,14,52,0,10,0,10,14,40,6,0,16,17,1,34,24,10,5,5,0
"E01011652",2011,"Leeds 024C","Total",1160,349,57,0,57,292,169,86,30,7,386,238,187,38,8,5,99,49,106,51,39,16,0,156,61,61,0,95,95,0,27,15,12,12,0,65,14,28,0,3,0,16,4,45,2,5,15,23,0,12,10,2,14,14,0
"E01011653",2011,"Leeds 020C","Total",1147,308,33,0,33,275,177,58,35,5,419,296,230,33,30,3,82,41,109,63,41,2,3,109,23,23,0,86,86,0,34,15,19,19,0,71,19,47,1,1,0,3,0,37,3,1,17,16,0,32,14,18,28,28,0
"E01011654",2011,"Leeds 024D","Total",1245,560,77,0,77,483,261,123,99,0,395,251,195,19,26,11,108,36,54,31,21,0,2,116,32,32,0,84,84,0,53,40,13,10,3,20,6,10,2,1,0,0,1,25,1,0,15,9,0,11,6,5,11,11,0
"E01011655",2011,"Leeds 020D","Total",1035,461,76,0,76,385,206,75,103,1,309,212,114,43,45,10,83,14,78,56,16,5,1,78,44,44,0,34,34,0,27,27,0,0,0,41,12,14,0,7,0,4,4,17,2,2,0,13,0,16,11,5,8,8,0
"E01011656",2011,"Leeds 035A","Total",1359,60,11,0,11,49,26,23,0,0,195,114,92,12,10,0,39,42,125,56,50,19,0,67,15,15,0,52,51,1,140,73,67,67,0,308,60,139,58,28,0,12,11,268,14,21,118,115,0,152,88,64,44,44,0
"E01011657",2011,"Leeds 035B","Total",1157,54,11,0,11,43,31,11,1,0,156,78,51,17,5,5,24,54,117,64,36,11,6,95,24,24,0,71,71,0,94,57,37,36,1,277,88,119,21,30,1,13,5,242,22,22,87,111,0,112,50,62,10,10,0
"E01011658",2011,"Leeds 040C","Total",1088,32,15,0,15,17,7,8,2,0,91,58,50,8,0,0,24,9,143,59,55,28,1,74,17,17,0,57,57,0,85,47,38,31,7,259,76,116,24,14,0,14,15,238,31,24,61,116,6,133,50,83,33,33,0
"E01011659",2011,"Leeds 035C","Total",1168,39,10,0,10,29,16,9,4,0,142,77,56,12,2,7,40,25,134,72,42,13,7,65,13,13,0,52,52,0,174,79,95,78,17,236,68,85,37,24,0,16,6,236,15,29,96,96,0,125,70,55,17,14,3
"E01011660",2011,"Leeds 040D","Total",1110,58,16,0,16,42,25,12,5,0,131,70,59,5,3,3,42,19,93,38,47,8,0,87,8,8,0,79,78,1,86,57,29,29,0,277,59,147,10,30,0,20,11,272,48,22,88,114,0,88,39,49,18,18,0
"E01011661",2011,"Leeds 035D","Total",1167,80,22,0,22,58,28,24,0,6,152,81,78,0,3,0,43,28,112,44,43,19,6,81,17,17,0,64,62,2,118,48,70,59,11,234,52,108,28,30,0,8,8,273,15,22,103,132,1,100,65,35,17,17,0
"E01011662",2011,"Leeds 040E","Total",1113,46,18,0,18,28,11,17,0,0,97,56,50,0,6,0,17,24,91,40,35,16,0,64,16,16,0,48,48,0,106,85,21,15,6,251,78,110,14,39,0,9,1,260,24,18,75,141,2,173,118,55,25,25,0
"E01011663",2011,"Leeds 050A","Total",1188,57,0,0,0,57,28,22,7,0,82,57,50,3,4,0,18,7,93,38,28,18,9,79,35,35,0,44,44,0,126,71,55,55,0,241,70,108,10,46,0,3,4,258,15,18,111,114,0,209,114,95,43,43,0
"E01011664",2011,"Leeds 050B","Total",909,38,9,0,9,29,11,10,6,2,111,65,58,5,2,0,26,20,106,43,42,12,9,64,10,10,0,54,54,0,80,46,34,34,0,202,49,96,26,15,8,8,0,219,22,30,110,56,1,78,34,44,11,11,0
"E01011665",2011,"Leeds 050C","Total",1190,74,19,0,19,55,25,26,0,4,189,105,93,10,2,0,60,24,116,59,35,16,6,99,34,34,0,65,65,0,138,79,59,49,10,214,52,100,22,36,1,2,1,249,19,16,94,119,1,104,52,52,7,7,0
"E01011666",2011,"Leeds 061D","Total",1256,124,44,0,44,80,32,43,5,0,285,156,122,23,2,9,90,39,162,70,61,13,18,166,36,36,0,130,129,1,171,82,89,86,3,169,38,77,21,21,0,4,8,152,18,11,79,44,0,10,6,4,17,17,0
"E01011667",2011,"Leeds 050D","Total",1397,20,3,0,3,17,7,8,2,0,120,54,45,0,4,5,47,19,121,54,56,9,2,74,23,23,0,51,51,0,152,87,65,58,7,325,107,140,37,36,0,2,3,258,29,34,64,131,0,287,166,121,40,40,0
"E01011668",2011,"Leeds 110E","Total",1576,82,2,0,2,80,62,16,2,0,159,91,72,10,9,0,42,26,99,56,32,7,4,66,12,12,0,54,54,0,40,26,14,13,1,152,69,60,10,1,0,5,7,81,36,2,9,34,0,79,55,24,818,818,0
"E01011669",2011,"Leeds 110F","Total",1226,103,11,0,11,92,52,26,12,2,235,168,117,22,19,10,53,14,82,47,21,13,1,46,7,7,0,39,39,0,59,36,23,22,1,102,31,51,3,0,0,2,15,83,15,4,19,45,0,42,17,25,474,474,0
"E01011670",2011,"Leeds 055A","Total",1698,77,5,0,5,72,38,21,11,2,201,144,105,24,6,9,35,22,157,65,69,23,0,66,22,22,0,44,44,0,119,76,43,37,6,223,44,130,16,16,0,13,4,193,18,14,42,117,2,139,93,46,523,523,0
"E01011671",2011,"Leeds 055B","Total",1397,49,6,0,6,43,31,8,4,0,167,122,105,7,10,0,27,18,129,56,47,26,0,46,22,22,0,24,24,0,132,77,55,46,9,273,66,160,12,14,0,21,0,199,16,15,19,149,0,224,159,65,178,178,0
"E01011673",2011,"Leeds 064B","Total",1603,81,8,0,8,73,44,28,1,0,203,158,126,26,4,2,32,13,137,63,52,21,1,142,33,33,0,109,109,0,133,72,61,57,4,265,57,131,26,44,0,7,0,247,24,23,37,161,2,279,192,87,116,112,4
"E01011677",2011,"Leeds 064D","Total",1330,97,12,0,12,85,66,11,8,0,155,110,96,8,6,0,30,15,104,46,31,23,4,129,27,27,0,102,102,0,99,51,48,44,4,233,55,129,22,24,0,1,2,277,30,43,64,140,0,193,125,68,43,43,0
"E01011678",2011,"Leeds 063B","Total",1294,127,10,0,10,117,80,24,10,3,154,113,93,7,9,4,35,6,88,48,30,9,1,63,15,15,0,48,48,0,30,20,10,10,0,105,36,50,0,13,1,3,2,82,13,5,19,45,0,41,31,10,604,604,0
"E01011681",2011,"Leeds 063D","Total",1482,87,7,0,7,80,47,31,2,0,122,78,64,7,5,2,29,15,130,83,41,5,1,125,29,29,0,96,96,0,71,41,30,30,0,159,20,87,10,25,0,17,0,162,24,17,30,91,0,161,122,39,465,465,0
"E01011684",2011,"Leeds 019C","Total",1302,297,75,0,75,222,122,72,28,0,321,231,189,29,8,5,44,46,162,97,47,10,8,171,61,61,0,110,110,0,77,28,49,49,0,110,27,56,4,8,0,15,0,85,12,4,36,33,0,54,38,16,25,25,0
"E01011685",2011,"Leeds 109A","Total",1518,470,60,0,60,410,266,86,55,3,523,365,260,54,38,13,129,29,137,80,42,14,1,140,34,34,0,106,106,0,43,28,15,12,3,77,14,31,4,9,0,13,6,31,5,12,5,9,0,10,4,6,87,87,0
"E01011686",2011,"Leeds 033E","Total",1244,95,15,0,15,80,45,23,12,0,195,105,81,20,0,4,44,46,169,99,34,30,6,141,41,41,0,100,98,2,103,60,43,36,7,240,43,121,32,30,0,11,3,179,21,13,84,61,0,91,41,50,31,31,0
"E01011687",2011,"Leeds 109B","Total",1255,352,43,0,43,309,177,72,56,4,348,260,166,49,39,6,57,31,148,80,49,6,13,155,50,50,0,105,104,1,61,55,6,6,0,101,17,54,8,14,0,1,7,47,12,5,20,10,0,21,17,4,22,22,0
"E01011688",2011,"Leeds 031B","Total",1351,331,29,0,29,302,203,80,14,5,347,253,182,44,13,14,73,21,136,92,23,18,3,118,75,75,0,43,37,6,88,49,39,37,2,159,23,63,19,43,0,10,1,56,10,8,16,21,1,89,61,28,27,27,0
"E01011689",2011,"Leeds 031C","Total",1214,284,48,0,48,236,169,56,8,3,397,281,224,32,23,2,65,51,110,71,23,13,3,110,39,39,0,71,71,0,41,18,23,23,0,111,15,55,1,10,0,21,9,86,3,11,29,43,0,44,26,18,31,31,0
"E01011690",2011,"Leeds 109C","Total",1100,360,55,0,55,305,204,48,49,4,291,212,179,9,24,0,48,31,93,47,40,5,1,85,29,29,0,56,56,0,45,20,25,23,2,56,18,32,0,6,0,0,0,24,11,0,8,5,0,21,10,11,125,125,0
"E01011691",2011,"Leeds 031D","Total",1328,174,21,0,21,153,98,53,0,2,297,225,198,12,14,1,33,39,187,98,69,20,0,78,21,21,0,57,57,0,60,37,23,18,5,194,61,94,10,6,0,13,10,157,31,35,26,65,0,102,54,48,79,79,0
"E01011692",2011,"Leeds 109D","Total",1229,377,52,0,52,325,216,77,26,6,397,322,241,25,52,4,54,21,104,55,29,19,1,100,26,26,0,74,74,0,25,10,15,15,0,62,9,33,1,13,0,5,1,41,4,0,24,13,0,18,11,7,105,105,0
"E01011693",2011,"Leeds 109E","Total",1395,291,28,0,28,263,186,63,13,1,427,322,239,37,31,15,85,20,156,74,49,25,8,65,12,12,0,53,53,0,66,37,29,27,2,109,28,47,8,7,0,10,9,59,10,5,27,17,0,25,17,8,197,197,0
"E01011694",2011,"Leeds 109F","Total",1656,379,32,2,30,347,201,83,60,3,384,275,211,18,38,8,72,37,123,65,49,9,0,154,34,34,0,120,120,0,64,30,34,27,7,37,19,7,4,1,0,2,4,60,22,3,19,16,0,34,23,11,421,421,0
"E01011695",2011,"Leeds 019D","Total",1322,116,24,0,24,92,54,38,0,0,264,160,116,36,8,0,67,37,166,99,46,21,0,116,21,19,2,95,94,1,120,61,59,55,4,223,70,112,16,5,0,16,4,175,23,19,62,71,0,120,65,55,22,22,0
"E01011696",2011,"Leeds 006B","Total",1068,356,110,1,109,246,111,61,51,23,346,166,102,40,15,9,149,31,59,32,17,8,2,166,66,62,4,100,90,10,55,21,34,32,2,35,8,8,1,12,0,6,0,35,3,0,16,16,0,6,1,5,10,10,0
"E01011697",2011,"Leeds 002A","Total",1033,259,78,0,78,181,76,69,30,6,306,148,100,23,9,16,129,29,80,46,28,6,0,147,49,43,6,98,88,10,40,22,18,18,0,89,19,39,3,9,7,12,0,84,12,3,39,29,1,20,10,10,8,8,0
"E01011698",2011,"Leeds 001A","Total",1202,257,82,0,82,175,74,92,7,2,323,196,156,27,7,6,85,42,158,88,47,6,17,154,38,38,0,116,116,0,70,51,19,17,2,132,28,62,16,15,2,9,0,93,10,11,39,33,0,10,3,7,5,5,0
"E01011699",2011,"Leeds 001B","Total",1037,267,84,1,83,183,83,86,12,2,313,187,110,57,13,7,99,27,124,79,39,2,4,107,38,38,0,69,69,0,71,46,25,20,5,60,21,18,7,8,0,6,0,67,8,1,30,28,0,12,8,4,16,16,0
"E01011700",2011,"Leeds 002B","Total",820,191,56,0,56,135,49,71,14,1,272,137,110,21,2,4,106,29,94,54,26,11,3,60,24,24,0,36,36,0,57,43,14,8,6,54,21,10,2,8,0,13,0,62,8,6,24,22,2,17,12,5,13,13,0
"E01011701",2011,"Leeds 001C","Total",1036,285,59,0,59,226,122,86,18,0,313,190,138,38,4,10,102,21,117,58,49,4,6,130,25,25,0,105,93,12,76,54,22,22,0,54,17,28,0,3,2,4,0,47,5,5,22,15,0,8,5,3,6,6,0
"E01011702",2011,"Leeds 001D","Total",884,350,86,1,85,264,121,70,67,6,274,127,61,26,26,14,130,17,51,39,8,3,1,134,70,70,0,64,62,2,20,8,12,12,0,30,17,0,0,6,6,1,0,16,5,0,2,9,0,3,1,2,6,6,0
"E01011703",2011,"Leeds 001E","Total",885,339,80,1,79,259,128,98,26,7,322,163,93,31,34,5,134,25,41,37,2,2,0,72,35,31,4,37,37,0,34,15,19,17,2,34,10,13,0,3,0,8,0,32,14,0,10,8,0,2,2,0,9,9,0
"E01011704",2011,"Leeds 002C","Total",1198,212,62,0,62,150,78,56,16,0,336,187,133,29,20,5,104,45,149,96,45,3,5,127,40,36,4,87,85,2,128,77,51,49,2,131,48,47,17,4,5,10,0,91,9,1,35,46,0,21,7,14,3,3,0
"E01011705",2011,"Leeds 002D","Total",1053,92,29,0,29,63,26,28,9,0,209,107,81,14,5,7,64,38,133,73,38,11,11,124,39,34,5,85,83,2,90,49,41,31,10,183,48,60,29,23,2,16,5,180,18,21,62,78,1,32,12,20,10,10,0
"E01011706",2011,"Leeds 006C","Total",1198,448,144,6,138,304,144,83,75,2,366,165,95,29,27,14,183,18,74,48,20,4,2,216,94,85,9,122,112,10,25,22,3,3,0,31,8,4,3,3,0,13,0,34,7,3,7,17,0,2,0,2,2,2,0
"E01011707",2011,"Leeds 005A","Total",982,201,64,0,64,137,79,32,26,0,280,162,116,27,16,3,89,29,103,63,20,9,11,124,38,34,4,86,81,5,63,29,34,30,4,104,10,57,9,6,5,10,7,98,2,5,61,30,0,9,8,1,0,0,0
"E01011708",2011,"Leeds 006D","Total",1180,369,68,0,68,301,158,79,60,4,380,186,137,15,27,7,172,22,60,35,22,3,0,202,99,99,0,103,100,3,58,25,33,24,9,57,13,21,11,6,0,6,0,37,3,1,15,18,0,10,7,3,7,7,0
"E01011709",2011,"Leeds 005B","Total",1150,372,87,0,87,285,127,92,63,3,374,188,107,34,37,10,159,27,88,44,29,7,8,130,46,46,0,84,83,1,49,31,18,13,5,76,13,24,10,14,0,10,5,44,6,1,17,20,0,6,6,0,11,11,0
"E01011710",2011,"Leeds 005C","Total",1172,411,94,0,94,317,157,90,48,22,385,227,145,43,29,10,132,26,85,37,32,13,3,149,38,33,5,111,108,3,44,31,13,12,1,60,13,20,6,10,2,4,5,34,7,1,15,11,0,4,3,1,0,0,0
"E01011711",2011,"Leeds 005D","Total",1009,307,72,2,70,235,128,62,41,4,286,169,130,18,14,7,99,18,84,37,37,5,5,158,56,56,0,102,97,5,43,31,12,12,0,58,9,20,13,9,1,6,0,63,0,11,37,15,0,6,2,4,4,4,0
"E01011712",2011,"Leeds 005E","Total",1118,320,89,2,87,231,117,68,41,5,283,124,88,9,19,8,131,28,82,43,31,6,2,173,45,40,5,128,110,18,59,23,36,36,0,92,29,21,19,10,7,4,2,97,10,8,43,34,2,4,4,0,8,8,0
"E01011713",2011,"Leeds 006E","Total",1504,443,115,2,113,328,179,67,79,3,465,251,144,32,67,8,175,39,86,40,31,13,2,267,123,121,2,144,135,9,56,16,40,40,0,109,22,51,8,17,0,9,2,40,10,4,19,7,0,36,20,16,2,2,0
"E01011714",2011,"Leeds 029A","Total",1211,141,44,0,44,97,59,26,12,0,319,183,130,27,19,7,93,43,166,82,44,14,26,159,42,42,0,117,117,0,109,37,72,64,8,149,42,41,32,13,0,17,4,125,11,5,66,43,0,27,6,21,16,16,0
"E01011715",2011,"Leeds 022C","Total",1029,188,65,0,65,123,44,66,13,0,347,192,151,19,20,2,107,48,126,67,39,10,10,166,44,37,7,122,120,2,50,20,30,30,0,70,20,26,8,10,0,5,1,66,19,0,39,8,0,4,0,4,12,12,0
"E01011716",2011,"Leeds 029B","Total",1145,202,66,6,60,136,68,48,20,0,324,194,143,19,25,7,101,29,122,57,51,8,6,242,73,73,0,169,167,2,69,26,43,42,1,110,18,58,10,5,2,15,2,55,11,8,30,6,0,14,2,12,7,7,0
"E01011717",2011,"Leeds 029C","Total",1232,130,34,0,34,96,27,61,8,0,259,149,122,15,10,2,58,52,167,70,68,11,18,156,37,37,0,119,119,0,113,51,62,52,10,209,48,92,36,17,0,14,2,139,7,6,80,46,0,44,27,17,15,15,0
"E01011718",2011,"Leeds 029D","Total",1222,96,21,0,21,75,34,41,0,0,192,106,88,15,3,0,49,37,176,95,57,17,7,117,20,20,0,97,97,0,131,57,74,59,15,224,44,96,34,30,1,15,4,195,14,20,88,73,0,76,38,38,15,15,0
"E01011719",2011,"Leeds 022D","Total",1017,156,55,0,55,101,45,37,19,0,339,207,156,27,21,3,84,48,124,85,28,3,8,159,49,49,0,110,110,0,108,50,58,57,1,60,21,22,5,8,0,1,3,60,4,12,29,15,0,5,3,2,6,6,0
"E01011720",2011,"Leeds 029E","Total",1207,54,12,0,12,42,14,28,0,0,179,92,75,13,4,0,61,26,137,107,29,1,0,100,22,22,0,78,78,0,135,73,62,54,8,223,44,93,39,32,0,14,1,307,26,20,155,106,0,48,17,31,24,24,0
"E01011721",2011,"Leeds 041A","Total",1301,43,17,0,17,26,20,6,0,0,176,106,84,21,1,0,28,42,203,109,68,21,5,96,17,17,0,79,79,0,134,76,58,47,11,243,48,136,16,24,0,18,1,263,27,41,84,111,0,111,59,52,32,32,0
"E01011722",2011,"Leeds 041B","Total",1642,126,42,0,42,84,58,18,5,3,292,195,159,22,13,1,57,40,192,103,56,9,24,158,30,28,2,128,128,0,205,124,81,73,8,290,99,109,32,29,0,20,1,282,25,15,115,127,0,84,35,49,13,13,0
"E01011723",2011,"Leeds 041C","Total",1160,54,11,0,11,43,31,6,6,0,187,81,57,14,10,0,68,38,176,74,70,20,12,50,24,24,0,26,26,0,111,63,48,43,5,265,71,102,21,38,0,25,8,207,27,18,64,97,1,90,54,36,20,20,0
"E01011724",2011,"Leeds 041D","Total",1574,66,11,1,10,55,33,10,12,0,227,107,88,16,3,0,92,28,197,116,49,20,12,145,44,44,0,101,101,0,183,116,67,62,5,310,71,151,46,23,2,11,6,304,23,17,130,129,5,114,67,47,28,28,0
"E01011725",2011,"Leeds 078A","Total",1394,52,16,0,16,36,11,16,9,0,142,83,69,10,3,1,46,13,129,48,62,18,1,66,8,8,0,58,57,1,169,98,71,64,7,301,58,140,33,28,2,29,11,341,35,36,84,186,0,157,56,101,37,37,0
"E01011726",2011,"Leeds 080A","Total",1244,60,13,0,13,47,27,20,0,0,204,135,104,15,13,3,44,25,149,82,53,13,1,107,27,27,0,80,80,0,103,49,54,51,3,229,55,92,17,30,0,25,10,267,27,15,93,127,5,106,38,68,19,19,0
"E01011727",2011,"Leeds 080B","Total",1323,168,51,0,51,117,45,53,15,4,352,182,146,9,21,6,113,57,182,116,48,9,9,165,25,25,0,140,137,3,156,66,90,80,10,132,29,39,24,33,0,4,3,136,13,22,44,55,2,27,14,13,5,5,0
"E01011728",2011,"Leeds 080C","Total",1077,134,46,0,46,88,65,18,4,1,207,113,84,21,4,4,66,28,138,106,21,6,5,186,69,65,4,117,113,4,114,40,74,68,6,106,30,36,30,7,2,1,0,130,3,9,70,48,0,42,23,19,20,20,0
"E01011729",2011,"Leeds 078B","Total",1335,93,18,0,18,75,42,27,6,0,219,132,114,13,5,0,57,30,178,106,65,7,0,82,8,8,0,74,74,0,131,89,42,36,6,248,68,103,22,26,1,17,11,242,23,14,85,120,0,119,67,52,23,23,0
"E01011730",2011,"Leeds 078C","Total",1432,64,28,0,28,36,22,14,0,0,208,92,74,17,0,1,89,27,214,121,65,11,17,131,25,25,0,106,104,2,113,69,44,38,6,294,60,132,54,21,0,19,8,281,39,28,100,112,2,121,44,77,6,6,0
"E01011731",2011,"Leeds 081B","Total",1172,101,14,0,14,87,49,35,1,2,240,158,126,25,4,3,63,19,162,81,63,12,6,162,30,30,0,132,132,0,152,58,94,93,1,161,36,56,25,27,0,12,5,169,6,24,79,60,0,21,10,11,4,4,0
"E01011732",2011,"Leeds 081C","Total",1549,165,49,0,49,116,51,47,12,6,357,196,154,34,6,2,117,44,219,111,65,11,32,206,47,47,0,159,159,0,182,70,112,107,5,167,33,71,26,21,0,12,4,203,17,21,71,94,0,33,21,12,17,13,4
"E01011733",2011,"Leeds 081D","Total",1175,125,30,0,30,95,50,35,6,4,251,142,112,17,11,2,65,44,168,98,45,16,9,140,40,38,2,100,100,0,144,52,92,89,3,171,20,82,16,33,0,14,6,134,5,3,94,32,0,29,10,19,13,13,0
"E01011734",2011,"Leeds 083A","Total",2040,296,65,0,65,231,109,111,8,3,591,345,261,51,15,18,167,79,241,137,72,14,18,204,43,42,1,161,147,14,149,55,94,90,4,214,45,68,31,40,0,28,2,242,4,16,161,61,0,76,43,33,27,27,0
"E01011735",2011,"Leeds 078D","Total",1424,54,11,0,11,43,13,25,5,0,155,90,74,12,4,0,47,18,160,72,75,11,2,111,24,24,0,87,87,0,174,86,88,87,1,279,71,113,16,32,0,31,16,328,46,23,122,133,4,126,52,74,37,33,4
"E01011736",2011,"Leeds 083B","Total",1224,124,27,0,27,97,64,32,1,0,303,170,136,26,2,6,104,29,141,80,41,11,9,184,35,31,4,149,149,0,103,57,46,41,5,143,30,34,31,24,0,22,2,168,14,16,95,43,0,46,23,23,12,12,0
"E01011737",2011,"Leeds 083C","Total",1358,109,16,0,16,93,45,43,5,0,216,122,105,12,5,0,65,29,183,82,87,9,5,108,41,41,0,67,67,0,138,86,52,44,8,256,86,93,26,16,0,30,5,253,31,23,87,112,0,78,34,44,17,17,0
"E01011738",2011,"Leeds 083D","Total",1211,248,87,0,87,161,64,83,12,2,317,181,127,24,15,15,106,30,138,93,28,1,16,142,52,52,0,90,88,2,114,64,50,47,3,120,38,43,13,12,0,7,7,109,3,9,62,35,0,13,4,9,10,10,0
"E01011739",2011,"Leeds 080D","Total",1306,43,14,0,14,29,10,19,0,0,196,104,91,10,3,0,77,15,127,62,41,16,8,99,21,21,0,78,78,0,197,96,101,100,1,278,58,114,28,52,1,12,13,230,15,31,70,112,2,115,46,69,21,21,0
"E01032487",2011,"Leeds 097F","Total",780,83,24,0,24,59,38,18,3,0,109,59,48,4,3,4,39,11,71,46,11,9,5,105,16,16,0,89,89,0,74,40,34,22,12,144,44,53,11,6,0,22,8,161,7,23,53,78,0,28,14,14,5,5,0
"E01032488",2011,"Leeds 097G","Total",1475,319,94,0,94,225,103,101,19,2,457,250,177,46,27,0,155,52,158,72,55,23,8,196,48,48,0,148,146,2,142,81,61,58,3,92,45,16,9,3,0,12,7,84,2,5,41,36,0,16,16,0,11,11,0
"E01032489",2011,"Leeds 102F","Total",1741,260,57,0,57,203,112,87,4,0,417,253,207,31,12,3,102,62,255,146,62,18,29,132,45,45,0,87,87,0,171,87,84,72,12,212,59,73,32,28,0,18,2,229,21,20,93,95,0,51,32,19,14,14,0
"E01032490",2011,"Leeds 102G","Total",1303,246,35,0,35,211,101,101,4,5,405,194,145,41,4,4,160,51,215,121,75,6,13,67,10,10,0,57,57,0,124,41,83,76,7,88,20,30,2,12,0,21,3,128,15,5,61,47,0,22,12,10,8,8,0
"E01032491",2011,"Leeds 102H","Total",1145,225,42,0,42,183,69,91,23,0,332,162,118,37,2,5,121,49,143,99,25,10,9,99,40,40,0,59,55,4,107,30,77,62,15,130,41,43,19,17,0,7,3,99,4,8,47,40,0,7,3,4,3,3,0
"E01032492",2011,"Leeds 102I","Total",1759,138,29,0,29,109,63,41,0,5,322,183,142,25,6,10,95,44,189,105,55,17,12,136,37,34,3,99,99,0,177,85,92,87,5,288,91,96,31,50,0,12,8,372,32,60,137,142,1,109,59,50,28,28,0
"E01032493",2011,"Leeds 033F","Total",1138,205,20,0,20,185,120,49,13,3,301,238,193,35,8,2,44,19,142,76,56,10,0,113,24,24,0,89,89,0,112,51,61,57,4,108,22,52,13,15,0,6,0,116,10,22,54,30,0,27,5,22,14,14,0
"E01032494",2011,"Leeds 033G","Total",1549,84,8,0,8,76,36,39,0,1,237,153,133,8,9,3,58,26,177,95,48,30,4,137,38,38,0,99,99,0,194,118,76,69,7,307,66,171,21,21,6,16,6,252,7,29,67,145,4,135,75,60,26,26,0
"E01032495",2011,"Leeds 105E","Total",2291,294,73,0,73,221,95,120,5,1,549,333,257,65,2,9,164,52,256,141,74,27,14,225,63,63,0,162,161,1,204,102,102,92,10,303,51,116,36,57,5,17,21,317,27,27,135,128,0,114,51,63,29,29,0
"E01032496",2011,"Leeds 105F","Total",1832,302,83,0,83,219,105,105,7,2,510,297,193,80,20,4,147,66,187,103,64,13,7,220,51,51,0,169,169,0,193,68,125,117,8,213,41,93,24,23,0,24,8,181,7,18,87,69,0,11,6,5,15,15,0
"E01032497",2011,"Leeds 099E","Total",1357,68,11,0,11,57,26,18,13,0,159,81,66,12,3,0,56,22,152,77,43,20,12,93,20,20,0,73,73,0,150,94,56,54,2,317,76,144,23,30,3,34,7,235,28,41,47,119,0,146,71,75,37,37,0
"E01032498",2011,"Leeds 099F","Total",1127,109,29,0,29,80,31,40,9,0,185,106,81,6,15,4,50,29,154,79,48,15,12,160,24,24,0,136,136,0,123,67,56,52,4,160,30,77,13,21,0,14,5,188,4,15,96,73,0,32,11,21,16,16,0
"E01032499",2011,"Leeds 067G","Total",1454,221,48,0,48,173,92,58,22,1,398,208,169,29,10,0,136,54,138,80,37,12,9,173,46,46,0,127,126,1,164,70,94,76,18,130,17,63,10,18,0,18,4,196,5,19,125,47,0,16,8,8,18,18,0
"E01032500",2011,"Leeds 067H","Total",1032,88,19,0,19,69,35,25,6,3,216,143,100,28,12,3,44,29,128,67,55,6,0,93,36,34,2,57,57,0,87,54,33,30,3,120,17,66,17,13,0,7,0,191,21,32,41,97,0,88,45,43,21,21,0
"E01032501",2011,"Leeds 017E","Total",943,219,76,0,76,143,55,77,11,0,248,150,99,36,13,2,66,32,104,63,26,7,8,145,35,35,0,110,110,0,89,51,38,34,4,55,8,13,3,17,0,9,5,60,4,11,27,18,0,12,4,8,11,11,0
"E01032502",2011,"Leeds 017F","Total",1635,147,25,0,25,122,52,64,6,0,322,212,163,31,13,5,89,21,140,77,29,33,1,175,49,49,0,126,126,0,142,71,71,59,12,312,60,172,26,30,0,16,8,220,33,8,79,100,0,143,71,72,34,34,0
"E01032503",2011,"Leeds 007E","Total",1183,374,104,0,104,270,115,80,67,8,356,209,123,56,16,14,123,24,83,56,25,2,0,218,63,60,3,155,146,9,68,34,34,28,6,44,4,8,5,16,2,3,6,36,1,1,19,15,0,4,2,2,0,0,0
"E01032504",2011,"Leeds 007F","Total",1144,433,100,0,100,333,149,102,68,14,340,211,129,28,41,13,113,16,90,50,24,3,13,171,45,45,0,126,125,1,27,18,9,9,0,32,12,14,0,0,0,6,0,25,0,1,10,14,0,23,19,4,3,3,0
"E01032606",2011,"Leeds 067I","Total",1738,183,55,0,55,128,73,50,0,5,313,175,146,19,10,0,80,58,228,138,59,23,8,168,39,38,1,129,129,0,175,81,94,91,3,286,54,120,37,30,6,19,20,296,16,32,122,125,1,68,17,51,21,21,0
"E01032607",2011,"Leeds 067J","Total",916,92,20,0,20,72,31,24,12,5,193,138,106,22,10,0,44,11,104,63,30,9,2,86,26,26,0,60,60,0,98,64,34,34,0,140,24,60,8,36,0,8,4,126,13,11,56,46,0,49,14,35,28,28,0
"E01032608",2011,"Leeds 067K","Total",1044,123,25,0,25,98,54,30,3,11,257,207,159,22,26,0,30,20,145,83,53,6,3,87,16,16,0,71,71,0,71,57,14,14,0,142,33,70,10,25,0,4,0,168,20,16,59,70,3,29,20,9,22,21,1
"E01032876",2011,"Leeds 109G","Total",1132,390,69,6,63,321,199,64,55,3,245,151,130,15,6,0,70,24,63,31,28,4,0,112,50,50,0,62,62,0,43,26,17,17,0,35,9,9,3,2,0,5,7,28,2,0,17,9,0,13,8,5,203,203,0
"E01032945",2011,"Leeds 044F","Total",3068,173,11,0,11,162,111,41,10,0,291,216,163,37,10,6,45,30,126,65,51,8,2,130,42,42,0,88,88,0,73,47,26,26,0,144,35,75,9,0,0,16,9,80,28,0,25,27,0,25,8,17,2026,2026,0
"E01032946",2011,"Leeds 110G","Total",1657,230,19,0,19,211,145,41,19,6,268,214,165,21,22,6,40,14,107,63,26,17,1,71,14,14,0,57,57,0,64,37,27,27,0,83,35,31,8,3,0,4,2,45,13,18,7,6,1,33,18,15,756,756,0
"E01033002",2011,"Leeds 055F","Total",1172,145,8,0,8,137,97,33,2,5,178,139,102,17,18,2,25,14,89,42,41,6,0,36,8,8,0,28,28,0,71,49,22,20,2,112,22,64,3,15,0,8,0,82,8,5,14,54,1,96,72,24,363,363,0
"E01033003",2011,"Leeds 055G","Total",1725,147,10,0,10,137,102,32,2,1,247,179,115,23,26,15,54,14,181,93,57,22,9,97,38,38,0,59,59,0,156,99,57,55,2,239,57,109,13,37,0,17,6,251,40,41,38,132,0,135,85,50,272,272,0
"E01033005",2011,"Leeds 055H","Total",1908,124,16,0,16,108,80,17,11,0,170,121,85,6,28,2,37,12,105,54,25,22,4,106,35,35,0,71,71,0,115,73,42,41,1,161,36,78,10,17,0,9,11,155,26,21,33,75,0,188,125,63,784,784,0
"E01033006",2011,"Leeds 063E","Total",2170,184,8,0,8,176,158,11,3,4,246,181,152,10,17,2,47,18,188,121,56,10,1,60,12,12,0,48,46,2,52,41,11,11,0,162,51,100,1,5,0,5,0,106,13,19,8,66,0,108,89,19,1064,1064,0
"E01033008",2011,"Leeds 111A","Total",1085,298,24,1,23,274,190,65,13,6,311,234,171,31,25,7,57,20,113,69,27,15,2,36,16,16,0,20,20,0,40,30,10,10,0,44,14,22,0,1,0,7,0,28,18,0,4,6,0,14,5,9,201,201,0
"E01033010",2011,"Leeds 111B","Total",1043,238,29,0,29,209,127,64,17,1,246,140,103,25,8,4,92,14,109,68,30,9,2,33,13,13,0,20,20,0,54,37,17,16,1,36,21,6,0,3,0,6,0,17,12,0,0,5,0,21,9,12,289,289,0
"E01033011",2011,"Leeds 111C","Total",1160,274,19,0,19,255,173,71,9,2,402,266,191,47,15,13,114,22,121,65,30,17,9,42,22,22,0,20,20,0,58,41,17,14,3,58,27,22,0,4,0,4,1,27,11,2,6,8,0,10,3,7,168,167,1
"E01033013",2011,"Leeds 082E","Total",1040,142,16,0,16,126,90,35,1,0,197,126,98,17,5,6,46,25,121,60,52,5,4,55,21,21,0,34,34,0,61,40,21,19,2,154,34,65,17,31,0,6,1,132,13,17,22,80,0,78,46,32,100,100,0
"E01033015",2011,"Leeds 111D","Total",1160,349,35,0,35,314,163,120,18,13,407,279,205,47,22,5,101,27,149,98,35,12,4,39,19,19,0,20,20,0,34,28,6,6,0,34,11,8,4,2,1,6,2,18,13,3,0,2,0,5,3,2,125,125,0
"E01033016",2011,"Leeds 111E","Total",1002,359,44,2,42,315,203,88,17,7,300,210,144,48,13,5,72,18,105,69,27,9,0,41,14,14,0,27,26,1,39,25,14,14,0,42,15,24,0,1,1,0,1,20,8,0,2,10,0,8,4,4,88,88,0
"E01033018",2011,"Leeds 112D","Total",1133,357,25,0,25,332,174,135,17,6,369,255,185,61,6,3,88,26,143,74,45,18,6,21,3,3,0,18,18,0,43,26,17,14,3,43,25,9,1,5,0,3,0,38,18,1,2,17,0,16,10,6,103,103,0
"E01033019",2011,"Leeds 112E","Total",1209,412,45,0,45,367,226,117,19,5,371,277,212,38,22,5,76,18,138,87,32,14,5,46,7,7,0,39,39,0,50,40,10,7,3,37,12,14,0,4,0,4,3,22,11,0,5,6,0,6,3,3,127,127,0
"E01033021",2011,"Leeds 075E","Total",1038,78,5,0,5,73,47,22,4,0,173,115,91,11,12,1,46,12,143,80,41,13,9,42,10,10,0,32,32,0,93,56,37,29,8,192,51,96,18,16,0,6,5,139,16,13,22,88,0,110,81,29,68,68,0
"E01033031",2011,"Leeds 064E","Total",1147,130,3,0,3,127,76,49,2,0,206,142,98,34,5,5,45,19,114,58,28,22,6,85,28,28,0,57,57,0,102,75,27,23,4,196,37,84,12,33,0,21,9,147,17,25,14,90,1,66,30,36,101,101,0
"E01033032",2011,"Leeds 082F","Total",1218,330,16,0,16,314,172,132,2,8,329,251,154,73,12,12,54,24,124,88,26,7,3,52,14,14,0,38,38,0,61,42,19,16,3,122,30,51,16,13,0,4,8,86,7,7,29,43,0,41,33,8,73,73,0
"E01033033",2011,"Leeds 075F","Total",1095,271,17,0,17,254,166,73,10,5,271,203,159,29,12,3,46,22,121,77,24,16,4,41,14,14,0,27,27,0,65,46,19,19,0,67,20,29,6,7,0,4,1,78,19,8,18,33,0,32,18,14,149,149,0
"E01033034",2011,"Leeds 075G","Total",1014,285,36,0,36,249,163,74,8,4,357,254,198,35,15,6,70,33,149,80,60,5,4,28,14,14,0,14,14,0,27,23,4,4,0,51,23,18,0,0,0,4,6,22,6,0,2,14,0,13,10,3,82,82,0
"E01033035",2011,"Leeds 064F","Total",1358,39,4,0,4,35,24,11,0,0,118,90,71,6,11,2,18,10,38,19,12,6,1,124,53,53,0,71,71,0,121,81,40,40,0,268,43,113,15,81,0,8,8,347,23,51,47,226,0,221,141,80,82,82,0
