"lsoa11cd","date","lsoa11nm","Rural Urban","Industry: All categories: Industry; measures: Value","Industry: A Agriculture, forestry and fishing; measures: Value","Industry: B Mining and quarrying; measures: Value","Industry: C Manufacturing; measures: Value","Industry: C10-12 Manufacturing: Food, beverages and tobacco; measures: Value","Industry: C13-15 Manufacturing: Textiles, wearing apparel and leather and related products; measures: Value","Industry: C16,17 Manufacturing: Wood, paper and paper products; measures: Value","Industry: C19-22 Manufacturing: Chemicals, chemical products, rubber and plastic; measures: Value","Industry: C23-25 Manufacturing: Low tech; measures: Value","Industry: C26-30 Manufacturing: High tech; measures: Value","Industry: C18, 31, 32 Manufacturing: Other; measures: Value","Industry: D Electricity, gas, steam and air conditioning supply; measures: Value","Industry: E Water supply, sewerage, waste management and remediation activities; measures: Value","Industry: F Construction; measures: Value","Industry: G Wholesale and retail trade; repair of motor vehicles and motor cycles; measures: Value","Industry: H Transport and storage; measures: Value","Industry: I Accommodation and food service activities; measures: Value","Industry: J Information and communication; measures: Value","Industry: K Financial and insurance activities; measures: Value","Industry: L Real estate activities; measures: Value","Industry: M Professional, scientific and technical activities; measures: Value","Industry: N Administrative and support service activities; measures: Value","Industry: O Public administration and defence; compulsory social security; measures: Value","Industry: P Education; measures: Value","Industry: Q Human health and social work activities; measures: Value","Industry: R,S Arts, entertainment and recreation; other service activities; measures: Value","Industry: T Activities of households as employers; undifferentiated goods - and services - producing activities of households for own use; measures: Value","Industry: U Activities of extraterritorial organisations and bodies; measures: Value"
"E01011264",2011,"Leeds 011A","Total",635,4,0,64,1,9,5,2,12,16,19,2,4,47,101,32,30,18,30,9,38,33,32,73,89,28,1,0
"E01011265",2011,"Leeds 009A","Total",841,0,0,59,5,9,4,7,3,11,20,3,4,66,111,31,49,26,65,12,70,43,52,107,93,50,0,0
"E01011266",2011,"Leeds 008A","Total",1234,4,1,91,3,10,1,17,8,15,37,7,8,71,167,32,53,59,109,30,134,39,65,183,123,57,0,1
"E01011267",2011,"Leeds 009B","Total",690,3,0,89,7,9,7,9,8,26,23,2,7,53,95,33,47,17,27,11,41,34,28,75,94,33,1,0
"E01011268",2011,"Leeds 010A","Total",635,0,0,92,5,9,7,4,16,30,21,4,5,65,125,34,32,14,30,2,20,38,19,47,77,31,0,0
"E01011269",2011,"Leeds 011B","Total",781,0,0,60,4,10,3,4,7,20,12,3,6,63,160,52,37,28,42,7,47,34,39,61,108,34,0,0
"E01011270",2011,"Leeds 008B","Total",725,10,0,58,3,5,1,6,10,13,20,1,6,55,100,13,30,33,47,14,82,26,35,99,86,28,0,2
"E01011271",2011,"Leeds 009C","Total",1147,3,0,78,5,7,3,7,11,24,21,9,3,81,158,30,38,51,95,9,107,59,65,157,142,62,0,0
"E01011272",2011,"Leeds 009D","Total",809,1,2,88,4,11,1,9,16,21,26,1,4,58,125,21,33,33,56,6,62,37,54,105,89,34,0,0
"E01011273",2011,"Leeds 010B","Total",795,1,1,94,10,10,3,6,11,18,36,5,1,61,135,36,32,28,49,13,59,32,39,77,100,32,0,0
"E01011274",2011,"Leeds 010C","Total",604,0,0,67,5,8,4,3,8,21,18,3,8,46,114,34,42,18,21,4,21,36,23,46,93,28,0,0
"E01011275",2011,"Leeds 010D","Total",674,0,1,52,3,5,4,6,6,14,14,7,4,45,114,28,39,19,40,11,46,32,35,70,95,36,0,0
"E01011276",2011,"Leeds 011C","Total",750,0,1,62,3,2,1,7,6,18,25,3,8,65,114,21,20,29,49,15,55,29,44,105,95,35,0,0
"E01011277",2011,"Leeds 014A","Total",891,0,1,99,9,11,1,6,20,27,25,9,4,66,148,34,24,29,65,17,72,32,57,99,102,33,0,0
"E01011278",2011,"Leeds 014B","Total",905,0,0,70,2,5,1,11,7,22,22,2,4,78,118,28,42,39,63,15,85,36,49,115,116,42,2,1
"E01011279",2011,"Leeds 008C","Total",677,4,1,39,4,4,2,3,2,13,11,2,6,53,93,33,26,40,36,7,55,29,38,103,79,32,1,0
"E01011280",2011,"Leeds 008D","Total",980,2,0,76,4,7,2,12,9,15,27,5,1,72,147,39,37,29,60,13,77,53,69,113,126,61,0,0
"E01011281",2011,"Leeds 059A","Total",934,0,0,62,11,1,0,10,7,15,18,6,4,53,161,43,47,41,56,10,80,67,37,98,120,48,1,0
"E01011282",2011,"Leeds 059B","Total",654,0,0,80,8,2,2,7,17,14,30,5,4,55,116,52,44,11,34,5,30,40,14,48,88,28,0,0
"E01011283",2011,"Leeds 059C","Total",505,0,0,51,7,4,0,4,9,9,18,3,4,57,82,32,33,12,22,1,29,35,12,43,66,23,0,0
"E01011284",2011,"Leeds 071A","Total",999,0,0,86,12,7,3,8,8,15,33,6,10,54,192,51,74,43,45,11,65,69,42,91,109,51,0,0
"E01011286",2011,"Leeds 059D","Total",692,0,1,73,13,2,2,9,9,13,25,4,2,59,114,42,33,17,35,6,47,36,39,68,95,21,0,0
"E01011287",2011,"Leeds 067B","Total",714,0,0,87,8,5,0,8,13,20,33,5,6,60,126,46,28,14,30,6,35,54,38,66,88,25,0,0
"E01011292",2011,"Leeds 071B","Total",653,0,0,81,10,8,1,9,8,15,30,4,2,37,144,49,36,17,31,8,29,47,26,47,76,19,0,0
"E01011293",2011,"Leeds 071C","Total",734,1,0,79,13,5,4,11,12,11,23,6,5,47,143,77,55,24,31,6,33,58,13,52,68,36,0,0
"E01011294",2011,"Leeds 071D","Total",458,0,0,45,8,2,2,6,10,7,10,3,2,37,87,38,24,14,15,2,13,27,46,35,43,27,0,0
"E01011295",2011,"Leeds 059E","Total",759,0,0,80,3,5,0,10,22,10,30,13,5,53,135,54,44,15,37,6,32,50,32,59,108,36,0,0
"E01011296",2011,"Leeds 030A","Total",760,7,0,52,3,3,0,4,6,13,23,6,3,60,117,26,28,37,52,4,57,27,56,93,110,25,0,0
"E01011297",2011,"Leeds 030B","Total",829,10,1,73,9,2,2,12,13,8,27,11,5,82,122,28,41,30,64,15,55,32,48,81,89,42,0,0
"E01011298",2011,"Leeds 088A","Total",753,2,2,68,9,5,3,7,8,15,21,5,9,66,139,36,43,25,35,8,43,32,52,55,88,42,3,0
"E01011299",2011,"Leeds 088B","Total",1210,11,3,105,15,9,1,3,20,20,37,13,12,117,193,57,50,23,73,14,79,63,77,107,145,67,1,0
"E01011300",2011,"Leeds 089A","Total",678,0,2,72,3,4,2,14,15,8,26,7,8,74,115,28,26,12,37,14,35,37,36,67,85,22,1,0
"E01011301",2011,"Leeds 089B","Total",738,0,2,90,13,1,1,10,21,12,32,4,7,67,104,37,34,25,57,4,35,30,55,65,92,30,0,0
"E01011302",2011,"Leeds 088C","Total",689,3,6,67,7,3,1,11,13,7,25,13,5,85,118,29,28,21,52,6,41,26,46,52,65,25,0,1
"E01011303",2011,"Leeds 088D","Total",558,4,2,54,8,0,0,7,11,11,17,6,8,55,84,29,26,5,29,2,34,29,34,43,87,26,0,1
"E01011304",2011,"Leeds 089C","Total",757,3,3,86,9,4,0,14,13,14,32,5,5,74,136,41,31,19,43,11,27,36,32,60,110,35,0,0
"E01011305",2011,"Leeds 089D","Total",842,6,5,90,10,0,2,15,19,22,22,11,12,66,158,38,36,17,51,6,56,37,47,62,112,31,1,0
"E01011306",2011,"Leeds 089E","Total",719,2,2,71,13,3,1,8,17,11,18,7,4,70,136,36,20,22,49,12,34,26,48,61,85,34,0,0
"E01011307",2011,"Leeds 103A","Total",683,1,4,80,16,6,4,11,12,13,18,4,10,60,133,32,31,13,34,7,48,29,31,53,102,11,0,0
"E01011308",2011,"Leeds 103B","Total",690,2,5,97,13,2,4,13,17,19,29,11,7,61,112,33,34,16,31,10,27,31,35,52,91,34,0,1
"E01011309",2011,"Leeds 030C","Total",739,20,2,64,8,1,0,10,15,12,18,10,3,73,99,18,39,36,43,10,57,35,42,68,86,33,1,0
"E01011310",2011,"Leeds 030D","Total",792,9,0,54,9,2,2,7,6,11,17,6,5,45,116,21,26,32,35,17,84,25,44,102,120,50,1,0
"E01011311",2011,"Leeds 022A","Total",612,10,1,43,6,5,3,8,3,6,12,6,1,54,97,9,24,32,34,14,70,34,20,42,89,30,2,0
"E01011312",2011,"Leeds 086A","Total",545,0,0,38,13,1,0,0,7,5,12,3,6,22,91,56,56,12,36,3,14,49,11,47,68,33,0,0
"E01011313",2011,"Leeds 091A","Total",771,1,0,81,12,1,3,14,13,11,27,9,5,67,123,43,46,26,48,6,40,43,23,82,105,23,0,0
"E01011314",2011,"Leeds 091B","Total",791,1,2,74,10,2,3,11,12,5,31,7,14,65,104,54,47,24,51,7,46,42,26,88,91,48,0,0
"E01011315",2011,"Leeds 090A","Total",756,0,0,75,12,1,2,11,17,3,29,4,9,69,135,40,43,23,46,12,39,45,27,62,81,46,0,0
"E01011316",2011,"Leeds 086B","Total",658,1,1,78,17,8,0,7,11,11,24,5,8,41,70,64,55,19,27,5,27,68,16,56,73,44,0,0
"E01011317",2011,"Leeds 090B","Total",684,0,0,61,19,3,2,5,6,9,17,4,5,55,150,50,55,17,29,3,28,66,17,41,84,18,0,1
"E01011318",2011,"Leeds 090C","Total",561,0,0,62,10,5,0,4,11,15,17,3,6,43,114,41,48,18,40,2,15,55,12,32,53,17,0,0
"E01011319",2011,"Leeds 091C","Total",711,0,0,81,9,3,7,9,11,6,36,4,1,65,130,52,58,24,35,6,31,41,21,58,81,22,1,0
"E01011320",2011,"Leeds 091D","Total",798,2,1,102,12,1,3,11,15,17,43,8,12,66,115,62,41,20,46,4,37,46,31,69,105,30,0,1
"E01011321",2011,"Leeds 090D","Total",601,0,0,55,6,4,4,3,13,11,14,2,7,36,110,47,39,21,29,6,23,72,17,38,71,26,2,0
"E01011322",2011,"Leeds 091E","Total",708,0,0,84,12,3,1,4,16,13,35,4,6,57,125,27,23,18,33,7,33,49,39,66,99,38,0,0
"E01011323",2011,"Leeds 051A","Total",595,1,0,64,6,4,1,6,9,13,25,1,3,61,100,35,31,16,25,8,26,22,30,61,90,21,0,0
"E01011324",2011,"Leeds 046A","Total",720,0,0,45,7,4,5,4,7,6,12,0,2,27,182,21,166,15,15,5,17,41,12,52,68,52,0,0
"E01011325",2011,"Leeds 046B","Total",748,0,0,79,4,7,1,7,15,24,21,1,3,55,124,28,42,27,41,11,50,21,41,83,111,31,0,0
"E01011326",2011,"Leeds 046C","Total",588,0,0,54,4,2,1,5,9,15,18,5,5,47,108,40,33,17,26,7,31,45,35,43,66,26,0,0
"E01011327",2011,"Leeds 052A","Total",693,0,0,92,5,10,2,11,25,19,20,4,6,46,93,41,33,22,45,7,44,38,34,74,87,27,0,0
"E01011328",2011,"Leeds 052B","Total",693,3,0,78,6,6,0,6,15,22,23,3,4,46,95,47,32,16,54,10,35,49,45,64,81,31,0,0
"E01011329",2011,"Leeds 051B","Total",872,1,0,104,8,11,2,10,23,23,27,8,6,83,118,50,24,26,60,11,73,29,53,77,101,48,0,0
"E01011330",2011,"Leeds 051C","Total",630,1,0,68,8,7,1,6,8,14,24,2,1,64,101,29,27,19,43,5,36,31,28,52,96,27,0,0
"E01011331",2011,"Leeds 058A","Total",673,0,0,68,7,3,1,8,9,20,20,4,2,49,96,38,22,25,38,13,48,34,33,80,87,36,0,0
"E01011332",2011,"Leeds 046D","Total",543,0,0,56,7,4,1,4,10,13,17,2,1,45,95,25,37,9,30,4,21,30,22,55,89,22,0,0
"E01011333",2011,"Leeds 051D","Total",643,0,1,81,12,10,2,5,11,14,27,8,1,59,112,39,39,18,36,1,30,39,32,51,75,20,1,0
"E01011334",2011,"Leeds 058B","Total",712,0,0,66,5,7,4,7,8,14,21,9,10,72,106,35,35,32,39,5,55,38,32,52,91,35,0,0
"E01011335",2011,"Leeds 052C","Total",932,0,0,111,13,12,4,6,22,20,34,5,4,68,148,46,47,25,70,11,50,61,58,78,99,51,0,0
"E01011336",2011,"Leeds 058C","Total",610,1,0,75,6,8,1,4,10,11,35,8,4,41,119,47,36,14,40,3,28,37,21,36,80,20,0,0
"E01011337",2011,"Leeds 058D","Total",457,0,0,57,9,10,0,6,5,11,16,2,6,39,111,31,32,12,11,1,11,34,18,23,53,15,0,1
"E01011338",2011,"Leeds 064A","Total",546,0,0,46,23,7,0,1,2,7,6,4,3,24,99,25,61,5,12,4,16,66,18,39,99,24,1,0
"E01011339",2011,"Leeds 060A","Total",677,1,0,63,19,2,1,4,9,10,18,9,2,49,119,40,47,7,19,14,25,49,20,52,135,25,0,1
"E01011340",2011,"Leeds 060B","Total",603,0,0,46,6,4,0,3,9,8,16,2,2,45,105,34,42,16,10,7,13,48,26,43,135,29,0,0
"E01011341",2011,"Leeds 061A","Total",705,0,0,55,2,1,0,7,16,8,21,8,8,80,131,27,25,18,32,13,31,31,29,58,117,42,0,0
"E01011342",2011,"Leeds 060C","Total",473,2,0,30,4,3,0,2,5,6,10,2,6,32,98,29,30,12,14,5,6,49,12,29,100,17,0,0
"E01011343",2011,"Leeds 061B","Total",880,0,2,75,10,8,1,5,12,7,32,8,11,86,164,48,37,28,37,8,40,56,36,62,141,41,0,0
"E01011344",2011,"Leeds 065A","Total",699,1,0,62,16,4,1,8,7,10,16,2,8,46,122,36,48,14,22,3,30,51,22,55,142,34,1,0
"E01011345",2011,"Leeds 061C","Total",580,2,0,53,10,2,0,7,10,9,15,9,9,49,91,26,37,18,27,9,26,27,20,38,99,39,1,0
"E01011346",2011,"Leeds 060D","Total",618,0,0,48,4,3,2,3,11,11,14,1,3,66,120,40,28,9,19,5,19,64,27,43,104,22,0,0
"E01011347",2011,"Leeds 065B","Total",618,0,0,46,9,2,1,7,3,4,20,5,9,39,105,48,50,19,21,4,15,48,27,43,104,34,1,0
"E01011348",2011,"Leeds 065C","Total",539,0,0,37,13,1,0,2,6,9,6,2,3,35,93,36,53,4,13,3,14,50,20,44,107,25,0,0
"E01011349",2011,"Leeds 065D","Total",699,1,0,78,27,6,0,6,10,11,18,9,5,53,125,49,52,7,17,5,19,58,18,41,139,22,0,1
"E01011350",2011,"Leeds 034A","Total",909,0,0,41,6,1,2,5,6,6,15,7,3,45,105,24,35,33,59,15,109,39,57,136,152,48,0,1
"E01011351",2011,"Leeds 034B","Total",1117,1,1,42,8,1,0,3,3,9,18,8,5,50,96,18,31,60,54,23,181,42,52,185,214,53,0,1
"E01011352",2011,"Leeds 034C","Total",1183,1,0,62,18,5,0,5,2,10,22,13,9,32,106,21,51,61,74,21,157,58,71,171,213,60,0,2
"E01011353",2011,"Leeds 034D","Total",1161,1,0,59,5,0,2,9,10,11,22,11,3,47,124,21,40,65,73,17,108,41,76,197,219,59,0,0
"E01011354",2011,"Leeds 038A","Total",554,1,1,23,1,4,2,1,6,5,4,7,2,29,91,26,41,19,20,6,21,53,18,61,100,35,0,0
"E01011355",2011,"Leeds 038B","Total",596,1,0,25,6,3,0,2,4,3,7,6,2,33,68,31,51,16,20,14,43,50,20,62,123,30,1,0
"E01011356",2011,"Leeds 042A","Total",1090,1,0,42,8,1,0,4,14,12,3,13,7,43,133,19,49,55,56,27,102,64,56,172,190,60,1,0
"E01011357",2011,"Leeds 038C","Total",694,1,0,32,6,4,1,3,4,5,9,2,5,33,102,54,68,11,17,10,28,57,38,58,136,41,1,0
"E01011358",2011,"Leeds 042B","Total",593,2,0,50,2,6,2,3,14,11,12,1,2,30,64,18,44,15,14,14,28,43,35,77,120,36,0,0
"E01011359",2011,"Leeds 042C","Total",848,0,0,39,8,3,1,6,3,7,11,6,7,27,93,22,58,25,32,16,72,46,47,136,176,45,1,0
"E01011360",2011,"Leeds 042D","Total",663,0,0,44,15,4,0,3,8,5,9,4,4,26,91,55,87,26,40,5,25,28,36,69,91,30,2,0
"E01011361",2011,"Leeds 042E","Total",806,0,0,33,6,5,3,4,6,3,6,6,3,28,107,50,77,29,26,17,24,61,42,91,176,36,0,0
"E01011362",2011,"Leeds 081A","Total",948,2,0,97,17,1,3,13,12,18,33,5,4,58,152,65,56,37,56,10,50,90,44,62,124,36,0,0
"E01011363",2011,"Leeds 071E","Total",591,0,0,62,16,4,1,8,7,7,19,3,2,40,138,36,32,12,24,8,14,70,17,32,73,28,0,0
"E01011364",2011,"Leeds 085A","Total",658,0,0,64,13,0,1,6,8,13,23,6,4,34,99,39,69,18,34,19,32,50,17,47,95,31,0,0
"E01011366",2011,"Leeds 082A","Total",630,0,0,71,14,7,2,11,12,9,16,3,6,18,101,52,72,17,22,5,39,56,13,40,81,33,0,1
"E01011368",2011,"Leeds 082C","Total",483,0,0,54,11,4,4,9,8,2,16,7,4,18,86,38,58,13,18,4,16,52,7,29,53,26,0,0
"E01011369",2011,"Leeds 090E","Total",729,1,0,88,18,4,1,6,14,13,32,5,9,68,128,51,49,16,31,5,37,45,21,48,93,34,0,0
"E01011370",2011,"Leeds 082D","Total",767,1,0,86,19,3,6,5,7,15,31,15,9,53,138,56,76,27,39,10,20,68,24,53,76,16,0,0
"E01011371",2011,"Leeds 085B","Total",441,1,0,45,8,3,2,5,9,5,13,6,0,24,86,34,48,11,16,3,12,44,7,26,54,24,0,0
"E01011372",2011,"Leeds 086C","Total",420,3,0,37,4,2,0,4,3,12,12,3,2,24,78,37,55,13,10,1,17,46,11,27,42,14,0,0
"E01011373",2011,"Leeds 085C","Total",490,1,0,48,8,4,3,5,8,4,16,4,11,18,69,36,57,15,17,5,15,53,19,30,73,19,0,0
"E01011374",2011,"Leeds 085D","Total",613,0,0,72,16,3,1,4,14,8,26,8,9,37,115,42,45,9,35,3,21,53,26,35,78,25,0,0
"E01011375",2011,"Leeds 086D","Total",590,0,0,72,22,8,1,9,10,9,13,1,6,23,100,48,89,10,32,3,9,65,10,36,61,25,0,0
"E01011376",2011,"Leeds 013A","Total",736,2,0,54,5,4,2,3,7,15,18,3,0,62,93,13,17,20,63,7,66,29,50,130,92,33,2,0
"E01011377",2011,"Leeds 013B","Total",628,0,0,34,10,0,0,5,5,3,11,5,3,44,76,10,38,26,53,9,52,22,52,93,90,21,0,0
"E01011378",2011,"Leeds 013C","Total",613,0,1,51,8,3,0,10,14,7,9,1,2,46,110,22,43,14,32,7,37,38,30,75,83,21,0,0
"E01011379",2011,"Leeds 017A","Total",667,0,0,48,6,1,2,6,7,8,18,7,5,47,109,29,38,23,26,20,44,32,38,83,90,28,0,0
"E01011380",2011,"Leeds 016A","Total",712,2,0,36,6,2,0,1,13,7,7,0,2,36,80,11,19,37,54,12,87,27,44,106,139,18,1,1
"E01011381",2011,"Leeds 016B","Total",637,2,1,43,5,2,0,2,8,7,19,4,6,46,85,15,24,26,36,14,66,24,39,95,87,23,1,0
"E01011382",2011,"Leeds 013D","Total",719,1,0,59,1,2,2,1,12,17,24,5,2,57,81,22,27,25,54,13,67,38,44,114,75,35,0,0
"E01011383",2011,"Leeds 019A","Total",711,1,0,38,4,1,4,3,2,7,17,2,3,48,107,33,43,25,33,11,63,33,50,97,97,27,0,0
"E01011384",2011,"Leeds 017B","Total",749,2,2,37,3,1,0,8,6,8,11,8,5,68,104,29,43,22,44,9,50,36,34,116,102,34,3,1
"E01011385",2011,"Leeds 016C","Total",570,0,0,32,2,0,0,10,2,5,13,4,2,27,66,6,29,23,34,7,72,20,30,79,114,24,0,1
"E01011386",2011,"Leeds 016D","Total",715,2,0,36,5,2,0,3,0,11,15,5,2,34,85,16,21,43,57,19,80,23,45,104,110,32,1,0
"E01011388",2011,"Leeds 019B","Total",662,0,0,49,5,2,3,2,9,9,19,4,1,42,73,22,46,30,46,11,59,33,36,92,80,38,0,0
"E01011390",2011,"Leeds 087A","Total",678,3,0,90,20,5,5,2,16,12,30,12,13,56,133,34,44,16,29,3,32,28,32,48,86,19,0,0
"E01011391",2011,"Leeds 087B","Total",695,0,1,73,4,1,1,9,13,18,27,8,9,65,146,31,36,15,42,5,37,39,27,54,92,15,0,0
"E01011392",2011,"Leeds 087C","Total",682,8,2,80,5,1,2,4,24,14,30,9,9,63,124,37,38,17,41,5,25,29,36,52,91,16,0,0
"E01011393",2011,"Leeds 103C","Total",832,0,2,88,14,5,2,7,19,9,32,9,4,89,115,46,38,26,49,7,47,33,65,81,108,25,0,0
"E01011394",2011,"Leeds 103D","Total",583,1,4,56,8,3,0,2,14,8,21,3,3,60,103,30,23,13,33,6,27,29,36,53,72,30,0,1
"E01011395",2011,"Leeds 103E","Total",654,6,1,61,15,3,0,5,6,9,23,9,4,48,94,35,21,19,61,10,45,40,37,63,75,25,0,0
"E01011396",2011,"Leeds 074A","Total",940,3,1,78,12,4,0,10,19,13,20,7,10,82,133,37,56,31,72,15,57,32,58,94,136,37,1,0
"E01011397",2011,"Leeds 077A","Total",820,5,2,81,8,4,2,6,16,21,24,6,10,68,121,29,36,32,67,5,58,26,58,79,107,30,0,0
"E01011398",2011,"Leeds 077B","Total",731,4,2,72,11,1,1,8,12,16,23,14,2,61,104,31,30,23,64,13,47,28,54,72,87,23,0,0
"E01011399",2011,"Leeds 074B","Total",720,2,3,77,12,4,2,7,18,11,23,9,2,66,101,27,30,12,50,14,40,34,42,72,105,34,0,0
"E01011400",2011,"Leeds 074C","Total",684,0,0,72,10,0,3,10,13,10,26,5,12,60,104,28,33,14,45,6,40,42,33,75,84,30,0,1
"E01011401",2011,"Leeds 077C","Total",774,1,0,82,7,6,3,7,14,18,27,5,5,60,128,38,31,29,56,7,60,40,42,74,96,20,0,0
"E01011402",2011,"Leeds 087D","Total",817,5,0,87,7,6,2,14,17,13,28,4,10,81,128,40,28,16,38,13,62,46,49,72,114,24,0,0
"E01011403",2011,"Leeds 074D","Total",541,0,1,64,10,0,0,9,6,16,23,9,7,48,86,17,15,16,36,11,30,16,33,60,69,23,0,0
"E01011404",2011,"Leeds 077D","Total",699,0,1,70,4,0,2,5,17,16,26,8,6,52,118,25,26,18,56,7,49,23,53,70,90,27,0,0
"E01011405",2011,"Leeds 077E","Total",607,1,0,59,7,1,0,2,18,12,19,8,4,57,96,21,40,12,42,6,46,12,40,71,68,24,0,0
"E01011406",2011,"Leeds 057A","Total",722,0,2,61,8,1,0,5,6,11,30,13,4,96,101,23,25,24,41,9,32,25,41,77,116,31,1,0
"E01011407",2011,"Leeds 057B","Total",719,0,0,66,4,4,0,13,15,10,20,14,6,94,105,28,38,19,35,10,36,36,40,58,111,22,1,0
"E01011408",2011,"Leeds 057C","Total",619,0,0,49,4,1,0,7,13,8,16,6,5,57,118,32,32,12,24,7,29,29,55,60,86,18,0,0
"E01011409",2011,"Leeds 057D","Total",758,1,1,67,5,1,1,9,9,12,30,8,5,64,100,30,39,19,52,6,50,37,49,90,100,40,0,0
"E01011410",2011,"Leeds 057E","Total",660,4,0,67,7,0,0,6,13,13,28,6,9,59,107,36,26,15,30,15,32,15,40,61,105,32,1,0
"E01011411",2011,"Leeds 073A","Total",857,1,1,79,5,3,6,13,4,15,33,12,4,91,112,24,28,27,66,9,48,39,57,87,123,48,0,1
"E01011412",2011,"Leeds 057F","Total",645,0,1,54,4,0,3,5,10,9,23,14,4,70,105,25,22,12,38,6,37,19,44,66,101,26,0,1
"E01011413",2011,"Leeds 069A","Total",828,0,0,83,7,4,1,11,14,13,33,13,1,90,90,41,31,29,49,15,45,33,63,99,127,19,0,0
"E01011414",2011,"Leeds 073B","Total",791,1,0,55,8,0,2,11,11,6,17,7,13,80,117,31,29,25,52,7,52,30,46,96,110,39,1,0
"E01011415",2011,"Leeds 069B","Total",861,3,0,66,4,0,3,9,14,8,28,10,6,110,112,36,27,19,48,10,47,34,52,102,124,55,0,0
"E01011416",2011,"Leeds 069C","Total",765,0,0,66,8,2,0,4,9,12,31,11,3,102,116,40,22,24,52,5,47,34,36,70,103,34,0,0
"E01011417",2011,"Leeds 069D","Total",662,1,2,52,5,2,2,8,15,8,12,4,3,94,104,35,16,19,43,4,25,32,48,53,98,29,0,0
"E01011418",2011,"Leeds 073C","Total",855,1,0,71,11,0,2,6,11,9,32,14,3,71,139,38,25,37,66,9,49,39,52,101,105,35,0,0
"E01011419",2011,"Leeds 073D","Total",652,1,1,67,2,1,1,9,11,14,29,8,4,75,89,20,14,27,59,5,43,16,47,66,87,23,0,0
"E01011420",2011,"Leeds 069E","Total",531,0,1,44,7,0,1,1,10,4,21,9,1,62,75,28,12,11,40,6,32,25,42,42,73,27,1,0
"E01011421",2011,"Leeds 040A","Total",623,1,0,56,15,6,2,9,2,8,14,1,3,52,119,42,43,12,18,7,30,41,29,50,99,20,0,0
"E01011422",2011,"Leeds 048A","Total",538,2,0,23,6,1,0,2,2,2,10,6,1,21,73,41,82,19,25,13,29,39,20,48,81,15,0,0
"E01011423",2011,"Leeds 047A","Total",617,1,0,34,4,6,0,3,3,9,9,4,5,57,109,34,43,11,26,5,23,39,23,49,128,26,0,0
"E01011424",2011,"Leeds 047B","Total",564,0,0,34,8,1,0,5,5,1,14,4,3,43,76,47,49,11,24,4,30,44,18,58,101,18,0,0
"E01011425",2011,"Leeds 040B","Total",830,4,0,65,12,2,2,7,11,12,19,7,11,79,135,35,39,25,46,8,32,38,47,84,150,25,0,0
"E01011426",2011,"Leeds 048B","Total",475,0,0,19,6,0,0,1,2,4,6,3,0,11,60,42,96,20,23,8,26,30,19,48,53,17,0,0
"E01011427",2011,"Leeds 047C","Total",514,0,0,38,7,7,1,4,7,6,6,1,4,33,100,52,44,10,13,6,10,39,8,44,96,16,0,0
"E01011428",2011,"Leeds 048C","Total",647,0,0,60,26,1,1,4,7,2,19,2,2,19,110,68,87,15,18,6,28,53,14,41,104,20,0,0
"E01011429",2011,"Leeds 048D","Total",570,0,0,28,5,3,0,2,8,2,8,5,2,23,109,33,93,11,20,19,19,48,17,32,83,28,0,0
"E01011430",2011,"Leeds 053A","Total",453,2,0,42,18,5,0,5,3,3,8,2,2,18,91,63,55,5,18,2,9,24,16,37,47,20,0,0
"E01011431",2011,"Leeds 047D","Total",628,0,0,57,13,4,0,7,7,10,16,4,10,42,114,41,44,5,15,2,10,55,18,58,125,28,0,0
"E01011432",2011,"Leeds 053B","Total",518,0,1,37,9,6,1,0,2,10,9,2,1,19,76,53,58,13,24,3,20,46,18,47,75,25,0,0
"E01011433",2011,"Leeds 053C","Total",559,0,0,43,13,7,2,4,2,1,14,7,6,29,93,43,67,8,19,4,11,48,18,43,87,32,1,0
"E01011434",2011,"Leeds 053D","Total",510,1,0,36,10,4,2,0,5,6,9,7,1,26,90,41,44,16,22,5,16,51,10,36,90,18,0,0
"E01011435",2011,"Leeds 044A","Total",870,0,0,10,1,1,0,1,2,2,3,8,1,14,182,4,212,22,35,11,51,49,21,104,72,74,0,0
"E01011440",2011,"Leeds 044D","Total",803,1,1,21,2,3,1,2,3,2,8,8,1,12,157,7,148,35,25,10,62,38,26,96,85,70,0,0
"E01011441",2011,"Leeds 044E","Total",872,1,0,29,10,0,0,3,3,3,10,6,1,12,145,13,163,40,33,11,51,36,34,139,92,66,0,0
"E01011442",2011,"Leeds 110A","Total",703,0,0,18,4,1,0,1,3,2,7,4,1,12,134,16,129,26,29,10,77,33,19,90,62,42,1,0
"E01011443",2011,"Leeds 110B","Total",492,0,0,20,2,0,1,4,2,3,8,2,1,10,94,6,71,13,23,2,31,21,22,94,47,35,0,0
"E01011444",2011,"Leeds 110C","Total",578,1,0,16,4,0,0,0,3,1,8,3,1,6,121,12,149,21,26,8,29,16,12,73,46,37,0,1
"E01011445",2011,"Leeds 054A","Total",554,0,0,10,2,0,0,1,2,0,5,1,0,9,124,10,136,20,14,12,22,20,14,58,60,43,1,0
"E01011446",2011,"Leeds 054B","Total",575,3,0,19,3,5,0,1,1,5,4,2,1,14,128,18,113,24,24,3,27,32,13,54,48,52,0,0
"E01011447",2011,"Leeds 054C","Total",519,0,0,13,1,1,0,0,2,7,2,6,1,10,105,8,132,19,17,3,27,14,16,51,46,51,0,0
"E01011448",2011,"Leeds 054D","Total",474,1,0,16,3,0,0,2,4,3,4,2,0,10,73,14,116,18,15,4,29,24,17,66,38,31,0,0
"E01011449",2011,"Leeds 054E","Total",592,0,0,22,2,1,1,4,3,6,5,6,1,12,112,10,113,27,27,8,32,28,23,64,66,41,0,0
"E01011450",2011,"Leeds 038D","Total",584,1,1,30,4,3,1,2,2,4,14,8,4,28,70,23,27,32,24,8,49,33,27,82,108,29,0,0
"E01011451",2011,"Leeds 110D","Total",710,3,0,20,4,0,0,1,0,4,11,5,2,14,128,8,95,34,28,8,59,24,24,122,81,55,0,0
"E01011452",2011,"Leeds 027A","Total",821,0,0,58,5,4,2,5,6,11,25,6,5,46,106,24,30,35,68,15,94,29,36,143,98,26,2,0
"E01011453",2011,"Leeds 028A","Total",798,0,1,52,2,3,5,4,9,8,21,2,2,63,82,21,24,46,57,14,66,26,51,140,115,36,0,0
"E01011454",2011,"Leeds 027B","Total",903,0,0,51,5,2,0,2,10,15,17,6,11,47,100,10,32,46,70,17,88,21,66,178,123,36,1,0
"E01011455",2011,"Leeds 021A","Total",641,0,0,32,3,1,0,3,8,3,14,4,2,29,118,14,34,30,47,23,66,22,29,73,75,43,0,0
"E01011456",2011,"Leeds 021B","Total",808,0,0,65,5,2,2,13,9,14,20,11,2,55,102,23,25,26,58,16,97,27,46,132,88,34,1,0
"E01011457",2011,"Leeds 027C","Total",769,4,1,55,12,0,2,5,5,9,22,2,6,46,88,24,34,33,58,17,92,44,38,103,90,34,0,0
"E01011458",2011,"Leeds 027D","Total",684,2,0,62,3,6,1,13,9,10,20,7,2,60,75,21,22,40,42,20,71,29,32,99,82,18,0,0
"E01011459",2011,"Leeds 021C","Total",802,1,1,45,3,0,0,6,4,9,23,3,4,52,71,23,39,51,68,13,76,41,39,119,107,49,0,0
"E01011460",2011,"Leeds 028B","Total",798,3,0,48,5,4,1,10,5,7,16,5,3,41,96,18,40,55,57,8,78,43,48,108,108,37,2,0
"E01011461",2011,"Leeds 021D","Total",720,1,0,40,4,3,0,1,8,6,18,7,6,52,100,13,21,39,58,22,65,27,34,111,86,38,0,0
"E01011462",2011,"Leeds 028C","Total",807,2,0,67,9,3,2,6,6,16,25,2,8,45,116,38,44,31,47,12,62,36,34,124,101,38,0,0
"E01011463",2011,"Leeds 028D","Total",772,1,0,55,8,2,1,7,4,8,25,5,7,57,124,31,28,36,38,9,52,36,39,107,106,40,0,1
"E01011464",2011,"Leeds 028E","Total",1094,0,0,70,5,5,1,4,16,11,28,13,6,68,120,29,42,52,90,15,123,46,66,154,157,42,1,0
"E01011465",2011,"Leeds 027E","Total",800,0,1,52,6,1,0,8,9,16,12,4,5,51,85,17,30,49,51,15,78,43,35,119,132,33,0,0
"E01011466",2011,"Leeds 094A","Total",634,2,0,70,13,5,2,6,13,5,26,7,4,83,122,46,37,12,25,9,11,41,24,36,78,27,0,0
"E01011467",2011,"Leeds 112A","Total",657,0,2,72,17,4,1,7,14,11,18,12,6,35,113,36,50,38,43,5,32,35,36,45,79,18,0,0
"E01011468",2011,"Leeds 112B","Total",542,1,0,63,4,3,2,2,24,9,19,5,8,57,93,44,37,9,21,8,17,41,18,27,76,17,0,0
"E01011469",2011,"Leeds 094B","Total",748,0,0,92,5,6,6,11,18,11,35,3,11,97,131,50,38,11,50,9,34,33,33,52,81,23,0,0
"E01011470",2011,"Leeds 112C","Total",624,0,1,67,4,2,1,9,18,8,25,5,7,65,137,46,32,11,38,7,22,31,18,38,75,24,0,0
"E01011471",2011,"Leeds 092A","Total",570,0,1,62,9,6,1,5,12,7,22,7,3,59,115,34,32,12,14,2,19,44,20,36,74,36,0,0
"E01011472",2011,"Leeds 092B","Total",560,0,0,60,13,0,3,9,9,9,17,3,9,47,111,36,42,9,26,8,11,55,13,43,63,24,0,0
"E01011473",2011,"Leeds 092C","Total",487,0,1,55,13,0,0,6,11,4,21,1,3,36,109,32,31,10,21,8,11,39,24,20,65,21,0,0
"E01011474",2011,"Leeds 092D","Total",554,0,0,52,12,3,3,5,9,3,17,2,7,36,110,46,33,13,22,6,12,68,16,37,67,27,0,0
"E01011475",2011,"Leeds 094C","Total",667,0,2,80,13,2,3,9,18,8,27,2,7,74,118,51,32,11,29,6,8,55,25,35,102,29,1,0
"E01011476",2011,"Leeds 094D","Total",484,1,0,60,5,4,1,5,13,7,25,1,4,32,108,39,19,8,22,5,12,39,13,37,62,22,0,0
"E01011477",2011,"Leeds 045A","Total",889,0,2,48,10,3,0,4,6,8,17,4,3,31,118,45,80,30,53,10,71,43,46,130,135,39,0,1
"E01011478",2011,"Leeds 056A","Total",902,1,1,42,8,1,3,3,3,9,15,10,2,24,126,24,102,56,56,14,71,47,32,122,100,72,0,0
"E01011479",2011,"Leeds 056B","Total",769,0,0,23,4,2,2,1,2,4,8,5,4,21,126,14,138,26,52,4,60,32,24,95,66,79,0,0
"E01011480",2011,"Leeds 045B","Total",803,2,1,51,5,3,2,4,11,11,15,8,2,48,111,28,65,29,43,11,69,42,20,118,108,47,0,0
"E01011481",2011,"Leeds 056C","Total",680,1,0,30,10,0,0,5,4,5,6,5,3,12,125,31,95,25,37,16,45,31,19,82,72,50,1,0
"E01011482",2011,"Leeds 056D","Total",1085,0,0,70,5,4,0,4,13,18,26,8,8,35,147,22,91,59,62,13,105,83,50,146,120,66,0,0
"E01011483",2011,"Leeds 056E","Total",612,1,0,31,2,4,2,3,5,7,8,6,6,19,118,19,108,26,30,5,24,34,13,69,75,28,0,0
"E01011484",2011,"Leeds 033A","Total",591,1,0,36,5,2,0,4,6,12,7,3,6,47,99,22,55,17,21,6,23,54,24,60,82,32,3,0
"E01011485",2011,"Leeds 033B","Total",689,0,0,39,4,1,0,1,11,8,14,7,4,35,97,38,60,13,24,12,48,36,43,86,104,43,0,0
"E01011488",2011,"Leeds 045C","Total",899,1,0,38,7,1,0,0,4,12,14,6,1,40,103,18,60,43,58,15,76,35,52,149,137,67,0,0
"E01011489",2011,"Leeds 045D","Total",879,0,1,46,3,2,1,8,3,15,14,8,4,38,130,31,50,35,42,11,66,46,42,137,122,69,0,1
"E01011490",2011,"Leeds 099A","Total",1541,12,1,159,25,3,7,18,25,24,57,21,17,129,250,60,47,54,121,14,82,70,93,124,219,67,1,0
"E01011491",2011,"Leeds 101A","Total",550,0,1,75,17,3,0,9,12,12,22,3,7,36,120,40,28,8,24,1,13,38,16,34,93,13,0,0
"E01011492",2011,"Leeds 101B","Total",424,1,0,45,3,3,2,1,9,7,20,1,6,33,91,25,30,4,14,2,6,39,6,35,72,14,0,0
"E01011493",2011,"Leeds 101C","Total",571,0,0,66,9,2,3,8,9,8,27,1,7,56,102,46,43,7,22,4,15,41,19,31,84,27,0,0
"E01011494",2011,"Leeds 101D","Total",552,0,0,67,11,7,0,5,13,13,18,3,7,48,100,34,40,16,25,3,20,41,15,43,75,15,0,0
"E01011496",2011,"Leeds 100A","Total",930,0,0,96,11,5,1,9,22,12,36,13,8,74,150,33,31,25,92,5,63,35,71,91,95,48,0,0
"E01011497",2011,"Leeds 101E","Total",589,0,0,74,10,4,4,10,13,16,17,5,3,39,132,26,32,11,18,6,17,52,13,48,84,29,0,0
"E01011499",2011,"Leeds 105C","Total",1453,8,2,136,20,7,4,12,23,27,43,14,9,142,249,86,45,57,125,11,69,74,87,113,146,79,1,0
"E01011500",2011,"Leeds 105D","Total",794,3,0,88,12,3,2,7,12,18,34,5,4,87,155,38,25,18,45,12,38,41,53,66,85,31,0,0
"E01011502",2011,"Leeds 099C","Total",607,0,0,86,10,4,2,7,11,10,42,6,8,85,107,31,33,9,26,4,23,44,21,31,77,16,0,0
"E01011504",2011,"Leeds 032A","Total",599,0,0,23,6,2,0,1,5,4,5,7,0,28,90,24,35,19,20,8,45,35,26,70,135,34,0,0
"E01011505",2011,"Leeds 025A","Total",737,1,1,40,4,3,0,1,3,14,15,1,4,48,99,38,41,26,45,13,43,39,37,106,119,36,0,0
"E01011506",2011,"Leeds 025B","Total",682,0,1,47,3,3,0,8,10,6,17,10,3,37,80,38,38,34,31,14,47,26,40,100,113,23,0,0
"E01011507",2011,"Leeds 025C","Total",833,0,0,54,5,2,1,2,9,9,26,6,6,37,97,33,26,27,59,10,63,40,55,125,159,35,1,0
"E01011508",2011,"Leeds 024A","Total",740,0,2,40,8,5,0,7,5,5,10,11,2,35,101,18,20,41,55,8,74,17,53,114,123,26,0,0
"E01011509",2011,"Leeds 023A","Total",666,1,0,34,2,4,0,4,7,6,11,5,4,31,69,27,41,18,36,10,55,28,42,110,108,47,0,0
"E01011510",2011,"Leeds 025D","Total",586,2,0,31,5,2,1,4,1,7,11,9,4,34,97,35,38,25,35,4,23,35,20,53,102,38,1,0
"E01011511",2011,"Leeds 023B","Total",633,0,0,36,8,0,0,1,3,8,16,7,2,33,68,31,30,26,41,9,58,23,37,91,117,24,0,0
"E01011512",2011,"Leeds 023C","Total",805,2,1,44,4,4,2,3,5,9,17,12,3,31,102,25,44,35,63,14,80,23,40,96,145,40,1,4
"E01011513",2011,"Leeds 031A","Total",1283,0,1,63,11,1,0,7,11,13,20,7,10,65,144,20,34,55,77,16,121,57,86,184,276,64,1,2
"E01011514",2011,"Leeds 025E","Total",873,0,0,39,4,3,0,2,3,13,14,10,3,55,126,28,37,33,53,17,95,36,50,119,142,29,1,0
"E01011515",2011,"Leeds 023D","Total",813,1,1,45,2,1,1,10,5,8,18,2,3,42,106,19,23,38,63,15,94,27,34,123,118,58,1,0
"E01011516",2011,"Leeds 023E","Total",960,0,1,53,8,3,0,9,5,11,17,4,6,55,142,32,39,50,55,14,76,19,61,136,170,46,0,1
"E01011517",2011,"Leeds 024B","Total",853,0,0,40,1,0,0,4,2,12,21,3,0,46,88,23,24,38,34,15,80,29,64,135,194,40,0,0
"E01011518",2011,"Leeds 093A","Total",1267,2,1,107,15,3,2,17,22,12,36,8,5,101,228,64,52,64,86,10,83,85,73,105,145,48,0,0
"E01011519",2011,"Leeds 095A","Total",704,3,4,73,13,1,1,13,13,13,19,8,8,70,135,28,34,24,42,8,36,34,36,57,69,35,0,0
"E01011520",2011,"Leeds 096A","Total",758,3,1,82,10,5,2,11,8,12,34,9,8,52,172,45,28,21,53,14,42,29,45,57,68,29,0,0
"E01011521",2011,"Leeds 096B","Total",1081,2,1,121,14,3,0,16,19,25,44,13,20,122,181,41,41,32,74,8,62,57,55,87,105,59,0,0
"E01011522",2011,"Leeds 095B","Total",760,1,0,91,6,4,3,7,11,7,53,2,8,78,114,28,24,24,62,6,55,36,51,62,81,37,0,0
"E01011523",2011,"Leeds 096C","Total",852,0,0,88,10,6,3,14,14,11,30,8,8,96,156,32,30,37,65,8,41,43,56,69,99,16,0,0
"E01011524",2011,"Leeds 093B","Total",687,2,0,72,12,1,4,6,13,11,25,6,1,71,129,23,25,45,36,7,46,24,33,64,82,21,0,0
"E01011525",2011,"Leeds 095C","Total",877,3,0,96,13,2,2,12,14,12,41,10,5,60,135,39,25,38,82,11,55,27,58,92,100,41,0,0
"E01011526",2011,"Leeds 093C","Total",780,0,0,84,5,4,3,10,9,19,34,5,3,74,136,32,15,40,67,12,53,26,53,83,77,17,1,2
"E01011527",2011,"Leeds 096D","Total",899,1,1,100,9,5,1,9,21,20,35,4,7,95,155,49,26,32,58,7,58,45,55,71,91,44,0,0
"E01011528",2011,"Leeds 095D","Total",939,1,1,104,7,7,2,16,18,14,40,6,5,76,154,39,33,51,112,7,54,32,61,84,84,34,0,1
"E01011529",2011,"Leeds 096E","Total",668,1,0,91,10,7,2,11,14,25,22,3,4,58,148,38,44,13,44,6,19,38,20,53,67,21,0,0
"E01011530",2011,"Leeds 106A","Total",805,4,0,88,9,2,2,11,11,18,35,7,6,85,151,44,37,34,66,5,51,39,30,59,69,30,0,0
"E01011531",2011,"Leeds 093D","Total",669,2,0,81,4,2,4,12,13,16,30,8,8,68,113,30,21,25,47,8,45,35,39,35,81,23,0,0
"E01011532",2011,"Leeds 095E","Total",731,0,0,78,7,5,1,13,8,17,27,3,16,56,159,41,31,20,50,4,25,43,32,57,88,27,0,1
"E01011533",2011,"Leeds 104A","Total",709,1,1,76,14,3,4,9,9,12,25,6,6,53,114,35,32,24,61,12,44,42,39,65,76,22,0,0
"E01011534",2011,"Leeds 106B","Total",771,2,0,69,8,1,0,9,7,12,32,6,5,72,153,39,19,31,41,7,62,32,43,75,78,37,0,0
"E01011535",2011,"Leeds 108A","Total",864,6,1,80,7,2,0,9,18,15,29,10,8,97,130,33,38,25,59,10,57,34,42,102,95,37,0,0
"E01011536",2011,"Leeds 108B","Total",802,0,2,103,12,4,0,9,19,19,40,6,6,78,142,43,34,25,58,3,45,36,46,63,69,43,0,0
"E01011537",2011,"Leeds 107A","Total",974,3,1,104,16,4,3,11,13,12,45,3,12,98,197,44,31,32,53,7,55,47,70,63,118,36,0,0
"E01011538",2011,"Leeds 107B","Total",693,6,3,77,6,2,1,6,11,11,40,2,2,84,167,39,31,13,29,7,28,34,33,47,66,25,0,0
"E01011540",2011,"Leeds 102B","Total",596,3,0,69,7,6,0,9,15,12,20,3,3,55,143,45,34,25,26,3,18,22,29,48,55,15,0,0
"E01011541",2011,"Leeds 104B","Total",863,0,1,92,11,1,1,8,13,16,42,11,5,60,176,44,45,49,64,5,37,44,41,65,88,34,1,1
"E01011545",2011,"Leeds 104C","Total",776,0,0,97,5,4,1,11,13,21,42,5,3,72,149,44,33,26,46,11,27,33,37,68,96,29,0,0
"E01011546",2011,"Leeds 106C","Total",880,1,3,94,9,4,0,12,23,16,30,3,5,66,199,55,36,37,66,7,39,45,47,68,84,25,0,0
"E01011547",2011,"Leeds 104D","Total",919,1,1,103,11,3,1,12,21,15,40,8,13,70,190,57,33,18,69,7,56,48,47,59,106,32,1,0
"E01011548",2011,"Leeds 106D","Total",715,1,1,82,8,6,0,6,15,8,39,5,6,60,127,35,26,18,46,7,44,31,45,64,77,40,0,0
"E01011549",2011,"Leeds 108C","Total",958,1,0,100,10,4,2,9,12,22,41,12,5,83,154,27,31,46,97,7,57,36,83,80,102,37,0,0
"E01011550",2011,"Leeds 106E","Total",773,1,0,95,10,3,0,13,11,15,43,7,2,68,151,43,20,28,57,7,43,33,41,81,74,22,0,0
"E01011551",2011,"Leeds 107C","Total",914,2,1,85,17,7,0,7,10,12,32,10,4,93,174,50,26,39,60,9,50,46,59,78,103,25,0,0
"E01011552",2011,"Leeds 107D","Total",609,2,1,71,14,2,2,7,16,9,21,5,4,69,140,55,28,12,23,5,20,37,20,34,67,16,0,0
"E01011553",2011,"Leeds 108D","Total",800,0,1,82,12,2,2,12,11,13,30,4,5,78,154,42,25,33,64,2,42,29,44,70,86,39,0,0
"E01011554",2011,"Leeds 012A","Total",713,2,2,42,7,2,4,3,3,8,15,2,3,46,99,12,19,28,31,21,75,22,41,107,115,43,3,0
"E01011555",2011,"Leeds 018A","Total",687,0,0,38,2,2,1,6,6,8,13,3,2,34,97,21,26,24,51,5,53,22,58,101,118,33,1,0
"E01011556",2011,"Leeds 015A","Total",827,2,1,50,7,3,1,6,2,9,22,8,5,27,116,9,36,74,48,14,66,39,55,89,139,49,0,0
"E01011557",2011,"Leeds 015B","Total",772,0,1,35,5,3,0,6,3,6,12,1,4,31,109,16,33,33,51,13,73,46,47,101,128,50,0,0
"E01011558",2011,"Leeds 018B","Total",657,0,1,36,4,5,0,6,3,6,12,5,2,29,128,17,40,21,26,15,27,35,32,76,125,41,0,1
"E01011559",2011,"Leeds 018C","Total",481,0,1,31,2,2,0,8,6,8,5,5,3,25,86,24,37,7,23,8,23,49,17,38,84,20,0,0
"E01011560",2011,"Leeds 018D","Total",737,1,0,33,3,4,1,2,3,9,11,2,3,50,135,45,57,25,34,10,34,34,30,60,143,40,1,0
"E01011561",2011,"Leeds 006A","Total",657,15,0,42,5,6,3,8,2,5,13,6,2,43,121,13,26,22,50,25,44,24,36,66,77,39,6,0
"E01011562",2011,"Leeds 012B","Total",753,0,0,39,6,8,0,3,3,3,16,4,1,40,141,11,24,33,52,23,95,29,27,81,112,38,1,2
"E01011563",2011,"Leeds 012C","Total",676,0,0,42,7,8,0,5,2,7,13,2,4,52,122,18,18,29,45,20,82,18,25,71,97,31,0,0
"E01011564",2011,"Leeds 012D","Total",756,0,0,38,8,1,0,4,1,7,17,7,5,38,75,16,21,41,59,19,73,25,49,122,138,29,1,0
"E01011565",2011,"Leeds 015C","Total",710,0,0,44,5,4,0,4,4,6,21,1,2,39,113,18,24,35,50,14,77,23,47,98,90,33,2,0
"E01011566",2011,"Leeds 015D","Total",645,0,0,41,4,3,2,9,4,7,12,3,3,34,107,16,23,31,39,8,67,31,38,65,110,28,1,0
"E01011567",2011,"Leeds 012E","Total",728,0,0,53,4,6,1,4,6,7,25,7,4,32,92,14,33,26,54,13,61,24,40,108,132,35,0,0
"E01011568",2011,"Leeds 015E","Total",956,2,1,49,9,3,0,10,5,3,19,10,1,39,145,30,42,40,69,26,80,38,64,110,165,43,1,1
"E01011569",2011,"Leeds 004A","Total",940,4,0,60,9,3,7,6,3,12,20,0,7,82,135,41,48,42,40,8,70,41,59,133,120,49,0,1
"E01011570",2011,"Leeds 007A","Total",1161,17,0,78,7,2,11,11,10,15,22,4,8,93,144,33,61,56,56,26,120,60,61,143,156,43,2,0
"E01011571",2011,"Leeds 004B","Total",836,6,0,58,3,5,10,7,9,10,14,2,6,59,135,26,33,23,22,13,70,30,39,121,135,57,1,0
"E01011572",2011,"Leeds 004C","Total",1014,3,0,61,11,0,12,6,8,10,14,1,6,79,117,34,43,28,52,23,87,43,66,165,159,45,0,2
"E01011573",2011,"Leeds 004D","Total",730,2,1,58,5,1,10,9,4,11,18,3,7,63,126,27,40,22,36,8,52,30,41,84,97,32,1,0
"E01011574",2011,"Leeds 004E","Total",669,1,0,52,7,4,8,5,7,10,11,3,6,48,106,19,23,22,22,15,45,34,37,123,85,28,0,0
"E01011576",2011,"Leeds 007C","Total",668,13,1,29,3,2,1,7,1,6,9,5,4,39,96,12,28,35,50,27,94,31,28,60,99,16,0,1
"E01011578",2011,"Leeds 011D","Total",699,1,0,85,3,9,3,6,8,24,32,3,6,45,113,31,40,23,35,7,53,38,41,63,84,31,0,0
"E01011579",2011,"Leeds 014C","Total",677,1,0,59,4,2,4,4,7,15,23,2,1,58,109,31,35,23,28,7,54,31,41,83,75,37,2,0
"E01011580",2011,"Leeds 014D","Total",676,2,0,71,8,5,1,2,8,18,29,2,2,44,86,13,16,27,42,16,79,32,43,89,83,29,0,0
"E01011581",2011,"Leeds 003A","Total",682,3,2,53,2,3,7,5,4,12,20,4,4,73,108,30,36,17,25,4,32,35,42,84,101,29,0,0
"E01011582",2011,"Leeds 003B","Total",710,2,1,52,5,4,7,9,5,6,16,4,3,71,125,34,47,21,13,3,27,52,32,67,120,36,0,0
"E01011583",2011,"Leeds 003C","Total",732,3,2,57,3,4,9,8,7,13,13,3,4,53,127,35,42,21,33,5,43,23,52,69,123,36,1,0
"E01011584",2011,"Leeds 003D","Total",599,1,1,50,7,2,7,6,4,11,13,1,3,47,92,17,29,20,22,7,47,20,26,86,95,32,1,2
"E01011585",2011,"Leeds 062A","Total",722,0,0,84,4,6,1,7,13,14,39,5,5,67,121,40,37,25,27,15,38,34,37,83,79,25,0,0
"E01011586",2011,"Leeds 066A","Total",687,1,0,82,8,8,2,11,11,14,28,1,5,30,127,45,21,29,54,7,34,29,34,74,96,18,0,0
"E01011587",2011,"Leeds 062B","Total",1010,1,0,100,3,4,2,7,17,23,44,8,9,82,158,34,39,45,73,9,79,36,65,107,113,52,0,0
"E01011588",2011,"Leeds 039A","Total",923,2,0,86,10,5,2,5,12,19,33,6,6,83,129,34,40,35,52,11,82,34,47,125,116,35,0,0
"E01011589",2011,"Leeds 039B","Total",870,4,0,56,4,4,3,6,4,15,20,7,5,51,102,16,34,42,52,19,103,48,61,112,124,34,0,0
"E01011590",2011,"Leeds 039C","Total",783,4,0,87,9,2,1,9,18,16,32,3,4,47,103,24,25,44,54,12,62,30,57,91,107,29,0,0
"E01011591",2011,"Leeds 052D","Total",1053,0,1,118,11,8,3,14,26,22,34,4,11,66,126,39,34,30,75,13,105,41,56,160,123,50,1,0
"E01011592",2011,"Leeds 039D","Total",812,0,0,82,5,7,4,10,4,22,30,3,4,60,102,40,20,32,55,17,82,46,38,98,100,33,0,0
"E01011593",2011,"Leeds 039E","Total",1023,2,0,99,13,7,1,2,19,21,36,8,4,96,129,35,36,45,76,10,91,47,62,106,123,52,1,1
"E01011594",2011,"Leeds 062C","Total",680,0,0,82,7,14,9,11,16,12,13,2,6,67,122,36,32,13,41,6,35,42,28,57,82,29,0,0
"E01011595",2011,"Leeds 066B","Total",845,2,0,70,10,9,0,5,13,10,23,5,2,45,176,39,37,31,57,13,56,46,49,92,97,28,0,0
"E01011596",2011,"Leeds 062D","Total",1002,0,0,107,10,13,3,7,11,23,40,7,2,107,123,42,23,41,92,14,71,47,61,102,122,41,0,0
"E01011597",2011,"Leeds 066C","Total",675,1,1,61,6,6,0,7,8,11,23,5,6,37,122,40,34,20,61,10,33,41,37,67,70,29,0,0
"E01011598",2011,"Leeds 062E","Total",935,0,1,84,6,6,2,8,14,19,29,8,5,63,114,39,22,49,67,10,92,45,66,114,111,44,0,1
"E01011599",2011,"Leeds 066D","Total",787,2,1,76,3,10,1,5,6,23,28,8,5,56,143,21,30,37,65,9,41,32,46,91,95,29,0,0
"E01011600",2011,"Leeds 079A","Total",845,3,0,93,8,3,3,8,13,18,40,7,4,69,119,33,36,32,60,7,53,41,64,85,108,30,0,1
"E01011601",2011,"Leeds 079B","Total",735,3,0,68,6,3,0,8,15,19,17,5,11,73,120,39,38,29,35,9,30,49,31,68,106,21,0,0
"E01011602",2011,"Leeds 076A","Total",750,0,0,83,10,1,3,13,12,18,26,2,7,79,110,35,32,19,39,9,41,37,46,89,93,29,0,0
"E01011603",2011,"Leeds 076B","Total",795,1,0,81,5,7,1,5,11,20,32,7,3,88,112,28,28,17,55,14,47,24,45,114,96,34,1,0
"E01011604",2011,"Leeds 079C","Total",736,0,0,61,5,4,1,3,7,10,31,4,8,63,97,24,19,41,56,7,68,31,43,97,86,30,0,1
"E01011605",2011,"Leeds 076C","Total",759,2,0,84,8,3,3,6,16,18,30,2,6,75,106,18,25,29,45,9,52,38,48,94,93,33,0,0
"E01011606",2011,"Leeds 076D","Total",760,0,0,91,16,6,4,10,11,18,26,6,8,61,158,36,31,14,43,13,28,39,47,67,86,32,0,0
"E01011607",2011,"Leeds 079D","Total",846,4,0,85,9,3,1,7,13,24,28,7,11,92,122,26,21,19,49,7,64,36,71,97,101,34,0,0
"E01011608",2011,"Leeds 068A","Total",661,0,0,82,10,4,1,7,9,16,35,5,7,60,129,34,29,14,34,4,34,49,22,70,66,22,0,0
"E01011609",2011,"Leeds 068B","Total",699,0,0,102,11,6,3,9,12,25,36,5,4,66,130,40,25,10,50,4,26,47,28,38,100,24,0,0
"E01011610",2011,"Leeds 068C","Total",757,0,1,78,6,5,1,14,20,10,22,9,7,71,123,29,24,35,64,15,45,27,40,72,82,35,0,0
"E01011611",2011,"Leeds 068D","Total",564,0,0,61,7,4,0,10,11,8,21,3,1,44,101,36,39,16,30,6,22,42,21,49,64,29,0,0
"E01011612",2011,"Leeds 079E","Total",526,0,1,53,6,2,1,6,7,12,19,3,6,49,68,22,26,15,42,8,33,32,38,39,70,21,0,0
"E01011613",2011,"Leeds 076E","Total",627,1,0,66,2,2,3,10,17,13,19,3,2,67,92,31,22,22,37,8,43,31,29,64,86,23,0,0
"E01011614",2011,"Leeds 068E","Total",1035,0,0,119,10,5,4,9,15,29,47,8,4,104,158,47,27,47,77,10,53,54,67,102,116,42,0,0
"E01011615",2011,"Leeds 070A","Total",770,0,1,68,6,6,3,4,16,15,18,7,5,92,128,39,30,25,43,9,21,34,27,69,149,23,0,0
"E01011616",2011,"Leeds 072A","Total",537,0,0,49,6,4,1,5,12,7,14,6,8,46,84,36,42,6,27,3,13,37,21,48,80,31,0,0
"E01011617",2011,"Leeds 070B","Total",655,0,0,62,6,6,1,5,7,17,20,5,4,61,132,33,19,8,27,6,19,46,36,59,119,19,0,0
"E01011618",2011,"Leeds 070C","Total",735,0,0,60,1,1,0,13,14,6,25,9,6,57,112,41,49,16,32,9,34,35,28,48,152,46,1,0
"E01011620",2011,"Leeds 072B","Total",452,1,1,48,6,3,1,4,9,8,17,2,5,45,87,18,28,6,12,7,11,31,6,36,96,11,1,0
"E01011621",2011,"Leeds 070D","Total",565,5,0,38,7,3,2,4,7,5,10,3,2,45,121,45,41,4,19,3,16,41,11,30,107,34,0,0
"E01011622",2011,"Leeds 072C","Total",559,0,0,47,8,2,0,6,8,6,17,3,7,28,95,42,51,9,16,8,14,58,18,46,96,21,0,0
"E01011623",2011,"Leeds 075B","Total",599,0,0,49,5,4,0,11,8,11,10,4,5,26,106,37,61,8,32,8,27,51,23,44,88,30,0,0
"E01011624",2011,"Leeds 072D","Total",584,0,0,71,8,4,2,7,12,15,23,4,12,33,104,32,60,5,14,5,20,46,16,40,99,23,0,0
"E01011625",2011,"Leeds 075C","Total",642,0,0,73,13,5,0,4,11,6,34,8,8,48,107,41,52,14,28,5,17,38,32,43,104,24,0,0
"E01011626",2011,"Leeds 075D","Total",814,0,0,65,18,5,3,8,14,5,12,10,0,56,129,36,73,33,51,6,53,47,37,59,119,40,0,0
"E01011627",2011,"Leeds 098A","Total",629,0,1,61,7,1,1,4,20,5,23,4,3,64,106,35,37,17,29,3,43,30,35,48,87,25,1,0
"E01011628",2011,"Leeds 098B","Total",638,2,1,61,9,2,2,6,14,14,14,3,2,62,109,34,24,16,59,4,27,31,38,64,79,22,0,0
"E01011629",2011,"Leeds 098C","Total",655,3,0,52,6,1,2,7,5,10,21,5,6,60,122,28,35,20,46,4,41,26,30,62,74,41,0,0
"E01011630",2011,"Leeds 100B","Total",1214,5,1,122,17,4,5,15,16,17,48,14,10,104,185,65,35,56,104,11,91,61,67,80,150,53,0,0
"E01011632",2011,"Leeds 098D","Total",537,1,2,50,8,0,0,4,13,12,13,6,6,54,77,27,29,10,35,4,20,34,34,40,91,17,0,0
"E01011633",2011,"Leeds 098E","Total",759,2,1,76,9,4,0,8,17,12,26,4,5,74,147,22,30,24,50,18,43,43,37,61,92,29,1,0
"E01011634",2011,"Leeds 100C","Total",666,8,2,61,10,3,2,6,10,7,23,4,2,73,103,45,24,21,35,11,36,44,40,60,65,32,0,0
"E01011635",2011,"Leeds 097B","Total",802,0,3,79,10,3,1,9,16,10,30,4,5,70,128,31,44,30,69,18,65,29,41,86,71,29,0,0
"E01011636",2011,"Leeds 100D","Total",761,5,0,78,6,5,0,6,17,13,31,4,5,72,129,26,32,20,65,15,43,39,37,66,89,36,0,0
"E01011637",2011,"Leeds 097C","Total",980,1,0,109,16,3,2,11,29,26,22,20,7,68,151,45,41,44,88,6,58,53,73,85,91,40,0,0
"E01011638",2011,"Leeds 097D","Total",752,0,2,80,5,0,3,9,14,25,24,6,3,70,112,31,25,19,56,10,61,30,46,84,90,27,0,0
"E01011639",2011,"Leeds 100E","Total",650,1,0,68,9,5,5,8,13,7,21,8,3,51,137,30,47,23,29,10,31,42,35,46,73,16,0,0
"E01011641",2011,"Leeds 032B","Total",796,1,2,41,5,4,1,4,5,6,16,2,1,32,70,11,28,43,37,14,91,26,47,164,152,34,0,0
"E01011642",2011,"Leeds 032C","Total",643,1,0,31,5,2,0,4,5,4,11,6,3,33,75,25,17,31,33,17,62,14,39,122,107,27,0,0
"E01011643",2011,"Leeds 037A","Total",624,1,1,38,6,1,1,5,4,9,12,5,3,33,47,9,29,31,28,12,72,22,32,85,141,35,0,0
"E01011644",2011,"Leeds 037B","Total",556,0,1,26,5,2,1,0,7,5,6,4,6,30,72,15,17,20,27,12,65,36,24,67,112,22,0,0
"E01011645",2011,"Leeds 032D","Total",749,1,0,38,12,1,2,4,2,5,12,3,5,31,87,16,30,31,35,12,76,23,44,123,149,45,0,0
"E01011646",2011,"Leeds 037C","Total",824,0,0,44,11,2,0,3,7,6,15,6,3,38,113,45,40,41,40,17,53,38,46,104,159,37,0,0
"E01011647",2011,"Leeds 037D","Total",670,1,0,56,14,5,0,5,12,13,7,8,1,38,117,57,51,31,31,8,32,31,27,59,99,20,2,1
"E01011648",2011,"Leeds 037E","Total",716,0,0,50,14,3,0,4,12,8,9,5,5,56,113,44,43,38,29,9,41,32,32,76,123,20,0,0
"E01011649",2011,"Leeds 022B","Total",706,3,1,41,4,2,0,5,10,8,12,5,2,52,102,16,32,34,42,15,91,19,28,101,90,32,0,0
"E01011650",2011,"Leeds 020A","Total",731,3,0,27,1,2,0,3,1,8,12,6,2,27,91,12,24,50,41,24,90,23,39,107,133,32,0,0
"E01011651",2011,"Leeds 020B","Total",766,0,0,34,5,2,1,5,5,7,9,10,4,43,113,25,28,39,47,13,84,34,33,99,122,38,0,0
"E01011652",2011,"Leeds 024C","Total",742,0,0,29,6,2,2,5,5,4,5,4,3,35,84,16,29,41,38,14,83,26,54,117,140,29,0,0
"E01011653",2011,"Leeds 020C","Total",764,0,0,29,10,1,0,6,6,2,4,6,1,28,89,20,37,45,45,12,91,19,51,115,146,29,1,0
"E01011654",2011,"Leeds 024D","Total",725,0,0,33,7,1,1,10,2,2,10,3,2,39,57,12,22,44,40,7,99,21,35,142,145,24,0,0
"E01011655",2011,"Leeds 020D","Total",692,1,0,27,1,2,2,4,2,5,11,7,2,33,66,12,26,38,45,11,100,27,38,96,133,30,0,0
"E01011656",2011,"Leeds 035A","Total",643,1,0,59,5,4,0,4,11,9,26,19,4,59,95,32,49,12,22,7,23,44,26,57,99,35,0,0
"E01011657",2011,"Leeds 035B","Total",552,0,0,53,0,4,2,7,9,3,28,6,6,53,112,32,30,7,12,7,19,51,23,33,85,21,2,0
"E01011658",2011,"Leeds 040C","Total",430,0,0,40,3,1,3,8,5,7,13,6,3,31,79,16,34,7,14,3,9,36,11,26,90,25,0,0
"E01011659",2011,"Leeds 035C","Total",533,2,0,51,4,2,0,6,8,9,22,3,9,45,107,32,36,17,14,1,14,40,20,33,90,19,0,0
"E01011660",2011,"Leeds 040D","Total",517,3,0,30,6,1,0,1,9,6,7,7,5,54,106,35,37,4,11,8,9,36,21,33,93,24,1,0
"E01011661",2011,"Leeds 035D","Total",563,0,0,64,12,3,1,10,5,12,21,5,3,56,105,34,29,10,10,4,24,42,26,31,104,15,1,0
"E01011662",2011,"Leeds 040E","Total",402,1,0,37,9,2,1,3,6,5,11,4,9,19,80,14,34,9,10,7,8,40,17,29,67,17,0,0
"E01011663",2011,"Leeds 050A","Total",419,0,0,40,3,0,1,5,5,5,21,10,0,31,62,28,33,10,14,6,16,40,8,22,80,19,0,0
"E01011664",2011,"Leeds 050B","Total",435,3,1,55,7,1,4,3,5,6,29,7,3,32,71,26,28,7,14,8,14,31,17,30,62,26,0,0
"E01011665",2011,"Leeds 050C","Total",619,0,0,65,13,2,1,5,11,14,19,8,7,54,116,28,35,12,14,8,25,34,24,39,128,22,0,0
"E01011666",2011,"Leeds 061D","Total",758,1,0,79,12,1,0,10,10,15,31,14,5,73,131,35,23,21,47,11,47,32,36,65,110,28,0,0
"E01011667",2011,"Leeds 050D","Total",375,0,0,41,7,3,0,4,6,7,14,0,2,29,66,25,33,6,10,4,6,40,11,25,61,15,1,0
"E01011668",2011,"Leeds 110E","Total",613,4,0,22,6,0,0,4,4,3,5,4,4,15,122,9,112,23,26,6,35,28,17,82,63,41,0,0
"E01011669",2011,"Leeds 110F","Total",672,1,0,16,4,1,0,1,3,2,5,10,2,17,115,11,108,34,29,8,49,34,19,89,82,47,1,0
"E01011670",2011,"Leeds 055A","Total",853,1,1,40,5,3,0,3,7,6,16,8,1,23,195,27,133,23,25,11,30,50,22,95,120,47,1,0
"E01011671",2011,"Leeds 055B","Total",545,2,0,38,9,6,0,3,4,6,10,1,1,18,96,19,71,15,18,6,21,47,16,56,97,23,0,0
"E01011673",2011,"Leeds 064B","Total",636,0,0,51,21,9,2,4,2,3,10,5,2,25,105,40,91,25,18,2,23,52,18,40,114,25,0,0
"E01011677",2011,"Leeds 064D","Total",594,1,0,64,27,1,0,6,7,4,19,2,2,31,73,34,67,12,24,5,25,48,19,27,137,23,0,0
"E01011678",2011,"Leeds 063B","Total",1223,0,0,29,4,2,0,3,2,9,9,4,5,24,318,22,294,38,31,6,73,66,24,93,121,73,2,0
"E01011681",2011,"Leeds 063D","Total",668,0,0,30,3,2,1,2,2,3,17,7,9,16,111,29,98,21,31,7,35,42,23,70,94,44,0,1
"E01011684",2011,"Leeds 019C","Total",751,0,0,48,6,4,0,3,8,8,19,3,4,53,85,26,35,35,40,18,58,33,47,113,118,35,0,0
"E01011685",2011,"Leeds 109A","Total",1171,3,0,53,8,1,1,3,6,6,28,6,4,42,141,22,80,58,84,25,135,50,48,187,170,62,1,0
"E01011686",2011,"Leeds 033E","Total",635,0,0,45,4,3,1,1,10,6,20,5,4,46,94,42,57,17,22,4,21,42,31,75,89,40,1,0
"E01011687",2011,"Leeds 109B","Total",777,0,0,43,5,1,1,9,2,10,15,2,4,42,76,20,47,30,40,14,78,25,40,160,113,43,0,0
"E01011688",2011,"Leeds 031B","Total",806,2,0,52,8,1,1,6,8,12,16,8,5,34,91,21,36,47,48,15,69,30,38,123,151,35,1,0
"E01011689",2011,"Leeds 031C","Total",770,2,0,45,3,2,1,4,4,4,27,6,4,65,76,21,31,31,41,14,44,41,49,134,121,43,2,0
"E01011690",2011,"Leeds 109C","Total",723,0,0,25,1,4,4,2,1,5,8,1,0,24,92,9,63,32,38,21,87,18,32,148,92,40,0,1
"E01011691",2011,"Leeds 031D","Total",660,1,0,25,5,2,0,0,3,8,7,4,1,23,92,15,46,21,21,13,58,31,38,105,120,45,1,0
"E01011692",2011,"Leeds 109D","Total",832,1,2,30,8,1,1,2,5,4,9,3,4,19,74,15,35,54,45,12,91,35,34,191,132,54,0,1
"E01011693",2011,"Leeds 109E","Total",998,0,0,54,9,5,3,6,2,8,21,6,3,41,122,14,86,53,52,24,102,42,44,145,136,73,0,1
"E01011694",2011,"Leeds 109F","Total",948,0,0,31,6,1,1,6,4,6,7,4,5,22,147,18,101,44,38,16,105,33,37,189,100,58,0,0
"E01011695",2011,"Leeds 019D","Total",597,0,0,28,6,2,0,2,5,4,9,2,4,41,98,31,46,12,32,7,30,29,29,74,99,35,0,0
"E01011696",2011,"Leeds 006B","Total",645,9,3,66,16,8,3,5,9,7,18,3,3,45,99,16,21,36,31,10,79,37,25,59,68,34,1,0
"E01011697",2011,"Leeds 002A","Total",731,12,0,62,7,8,4,6,7,6,24,0,5,65,108,24,35,22,35,8,66,27,85,57,63,56,1,0
"E01011698",2011,"Leeds 001A","Total",749,2,0,90,17,7,8,9,13,8,28,8,1,40,141,25,38,26,32,8,54,34,49,74,79,47,0,1
"E01011699",2011,"Leeds 001B","Total",695,3,1,69,21,9,3,2,3,7,24,4,2,50,107,18,38,21,37,13,88,27,34,76,58,48,1,0
"E01011700",2011,"Leeds 002B","Total",557,2,2,51,14,3,3,3,8,6,14,1,1,39,107,11,24,24,24,4,38,30,28,59,61,49,2,0
"E01011701",2011,"Leeds 001C","Total",643,4,1,57,11,1,0,5,8,9,23,4,5,34,108,17,28,31,33,6,59,17,43,87,60,48,0,1
"E01011702",2011,"Leeds 001D","Total",561,3,1,43,9,4,1,5,3,6,15,5,3,24,77,12,32,17,41,15,79,24,24,62,60,35,3,1
"E01011703",2011,"Leeds 001E","Total",547,0,0,40,8,2,0,4,1,9,16,6,3,30,80,11,22,27,39,16,79,21,28,58,51,34,1,1
"E01011704",2011,"Leeds 002C","Total",853,4,2,82,11,8,5,8,14,11,25,10,6,46,155,25,61,30,44,11,74,51,60,51,85,55,1,0
"E01011705",2011,"Leeds 002D","Total",613,2,1,71,21,5,6,2,9,3,25,5,4,47,110,24,49,12,11,3,35,60,34,36,59,49,1,0
"E01011706",2011,"Leeds 006C","Total",737,7,1,51,12,1,0,6,3,15,14,7,1,55,92,9,40,38,54,17,94,42,38,71,84,35,1,0
"E01011707",2011,"Leeds 005A","Total",629,7,0,52,11,2,4,6,5,5,19,9,2,49,81,26,23,25,26,7,58,23,42,77,75,47,0,0
"E01011708",2011,"Leeds 006D","Total",722,7,0,49,9,0,5,9,5,5,16,2,3,56,94,15,35,38,39,15,88,31,20,88,100,41,1,0
"E01011709",2011,"Leeds 005B","Total",683,1,0,50,11,3,3,5,3,5,20,6,3,51,107,10,24,33,37,11,78,30,23,79,105,35,0,0
"E01011710",2011,"Leeds 005C","Total",783,5,0,70,22,2,2,8,10,13,13,8,4,45,108,20,23,40,43,17,101,32,44,80,92,51,0,0
"E01011711",2011,"Leeds 005D","Total",666,4,1,53,12,2,2,8,5,6,18,9,2,57,102,14,28,23,26,12,78,25,22,72,96,41,1,0
"E01011712",2011,"Leeds 005E","Total",734,21,1,60,10,5,0,2,12,13,18,6,9,56,108,13,31,32,32,15,64,29,38,75,87,53,3,1
"E01011713",2011,"Leeds 006E","Total",900,12,0,56,8,5,3,4,7,13,16,9,2,74,122,11,46,40,67,29,121,49,30,75,117,38,2,0
"E01011714",2011,"Leeds 029A","Total",741,1,2,77,8,3,0,12,10,13,31,12,3,63,107,31,19,27,52,11,40,29,43,79,110,35,0,0
"E01011715",2011,"Leeds 022C","Total",659,4,0,56,3,8,1,12,6,8,18,5,2,60,108,21,16,21,41,6,46,25,52,68,96,32,0,0
"E01011716",2011,"Leeds 029B","Total",724,2,1,55,6,6,0,12,8,5,18,12,3,51,127,30,36,27,36,16,50,28,48,71,101,30,0,0
"E01011717",2011,"Leeds 029C","Total",715,1,0,64,5,7,1,10,7,9,25,12,3,80,119,23,38,16,34,9,34,42,39,71,98,31,1,0
"E01011718",2011,"Leeds 029D","Total",663,0,0,70,8,3,0,13,8,13,25,10,4,77,111,33,35,7,28,5,27,39,34,62,98,23,0,0
"E01011719",2011,"Leeds 022D","Total",650,0,1,46,7,2,2,3,10,7,15,13,4,78,82,31,23,19,58,10,32,36,44,56,93,23,1,0
"E01011720",2011,"Leeds 029E","Total",644,0,0,83,6,6,3,11,15,14,28,13,7,64,117,34,32,16,31,13,16,48,25,42,83,20,0,0
"E01011721",2011,"Leeds 041A","Total",607,0,0,73,10,2,0,11,9,14,27,12,8,55,78,34,32,10,24,6,23,34,27,51,109,31,0,0
"E01011722",2011,"Leeds 041B","Total",886,5,1,77,5,1,2,11,10,14,34,14,7,95,149,55,40,21,48,8,40,51,42,52,133,48,0,0
"E01011723",2011,"Leeds 041C","Total",526,0,1,44,7,0,0,6,6,11,14,15,7,48,108,22,30,10,28,4,19,28,19,33,91,19,0,0
"E01011724",2011,"Leeds 041D","Total",814,0,0,89,9,4,1,15,17,14,29,15,8,88,154,52,39,10,39,14,24,44,29,35,133,41,0,0
"E01011725",2011,"Leeds 078A","Total",587,0,1,53,1,4,1,6,9,13,19,10,7,42,113,54,44,7,19,7,17,32,22,35,88,35,1,0
"E01011726",2011,"Leeds 080A","Total",649,1,0,68,7,8,0,3,13,14,23,6,7,61,131,47,38,23,31,7,26,34,23,34,85,27,0,0
"E01011727",2011,"Leeds 080B","Total",856,3,0,99,5,8,2,13,29,12,30,13,2,80,138,28,31,35,68,9,51,46,50,71,94,38,0,0
"E01011728",2011,"Leeds 080C","Total",678,3,1,86,12,4,2,17,8,11,32,3,8,97,118,29,23,11,36,4,31,39,38,60,53,38,0,0
"E01011729",2011,"Leeds 078B","Total",731,2,2,74,5,7,2,6,12,11,31,5,4,48,109,52,48,23,38,5,35,39,30,78,95,43,0,1
"E01011730",2011,"Leeds 078C","Total",714,0,0,78,4,9,2,9,15,12,27,9,6,48,120,57,51,13,50,9,29,47,34,49,81,33,0,0
"E01011731",2011,"Leeds 081B","Total",746,0,0,82,8,2,0,12,12,18,30,4,5,92,130,34,25,16,35,13,34,34,42,81,91,28,0,0
"E01011732",2011,"Leeds 081C","Total",984,1,0,109,10,5,2,11,17,15,49,12,8,104,157,59,43,30,54,9,59,56,50,72,121,39,1,0
"E01011733",2011,"Leeds 081D","Total",788,1,1,84,10,6,2,9,14,9,34,8,8,70,134,52,20,10,48,12,43,36,41,84,101,35,0,0
"E01011734",2011,"Leeds 083A","Total",1343,5,2,137,11,9,1,10,18,23,65,13,7,118,237,75,48,62,113,16,84,51,69,113,139,53,1,0
"E01011735",2011,"Leeds 078D","Total",657,2,0,59,2,2,2,4,16,7,26,2,9,59,140,53,38,7,34,2,16,57,13,50,79,36,1,0
"E01011736",2011,"Leeds 083B","Total",803,1,1,73,8,3,3,5,11,14,29,7,4,85,137,52,40,28,47,7,35,53,39,63,87,43,0,1
"E01011737",2011,"Leeds 083C","Total",736,0,0,63,6,2,1,5,18,8,23,4,8,59,143,51,43,18,60,13,32,35,36,50,83,38,0,0
"E01011738",2011,"Leeds 083D","Total",759,1,0,86,8,6,0,2,9,22,39,3,4,68,125,42,33,32,55,9,33,29,43,56,102,38,0,0
"E01011739",2011,"Leeds 080D","Total",649,1,0,81,7,8,2,9,15,12,28,3,3,61,115,62,42,8,35,7,16,52,25,33,76,29,0,0
"E01032487",2011,"Leeds 097F","Total",388,1,0,45,6,2,0,4,13,5,15,4,5,29,70,18,24,8,21,2,18,14,17,44,52,16,0,0
"E01032488",2011,"Leeds 097G","Total",943,0,2,103,11,3,4,16,24,13,32,12,6,88,125,40,34,35,106,11,75,43,42,78,113,30,0,0
"E01032489",2011,"Leeds 102F","Total",1171,0,1,121,14,3,7,7,13,28,49,10,10,84,226,55,35,49,102,11,77,62,48,114,121,43,1,1
"E01032490",2011,"Leeds 102G","Total",822,1,1,86,14,3,2,8,9,23,27,9,4,61,136,56,23,35,71,10,51,27,54,70,98,29,0,0
"E01032491",2011,"Leeds 102H","Total",746,1,0,94,5,2,1,13,11,23,39,2,4,58,142,35,33,25,60,9,44,31,45,72,71,20,0,0
"E01032492",2011,"Leeds 102I","Total",971,0,0,95,11,1,0,14,9,25,35,7,4,91,205,55,60,45,67,9,46,58,25,68,108,27,1,0
"E01032493",2011,"Leeds 033F","Total",763,0,1,55,7,0,0,2,12,12,22,8,3,56,96,29,32,23,59,6,71,41,43,103,102,35,0,0
"E01032494",2011,"Leeds 033G","Total",777,0,0,32,4,2,2,3,7,7,7,9,3,55,156,37,54,20,13,8,36,77,32,86,116,43,0,0
"E01032495",2011,"Leeds 105E","Total",1305,3,3,132,18,1,1,8,26,24,54,14,4,117,217,70,51,59,112,14,69,68,60,94,164,52,2,0
"E01032496",2011,"Leeds 105F","Total",1183,1,1,120,18,4,4,13,18,19,44,15,5,113,196,60,51,49,106,13,72,50,62,92,129,48,0,0
"E01032497",2011,"Leeds 099E","Total",595,2,0,69,10,2,4,2,12,9,30,8,5,57,113,34,40,15,35,8,18,50,16,27,68,30,0,0
"E01032498",2011,"Leeds 099F","Total",704,1,1,78,11,2,4,3,11,10,37,2,8,96,127,35,19,9,36,7,31,23,40,58,93,39,0,1
"E01032499",2011,"Leeds 067G","Total",948,0,0,109,10,4,4,7,23,21,40,9,6,80,160,59,33,26,44,12,45,56,53,79,136,41,0,0
"E01032500",2011,"Leeds 067H","Total",595,1,0,50,6,3,1,5,5,11,19,4,7,33,99,45,31,27,28,5,34,42,16,79,61,33,0,0
"E01032501",2011,"Leeds 017E","Total",578,0,1,52,6,2,1,5,10,12,16,3,2,49,74,20,20,18,41,6,42,22,23,89,88,28,0,0
"E01032502",2011,"Leeds 017F","Total",795,1,1,61,9,3,0,8,3,12,26,3,2,62,121,33,53,32,44,5,47,47,41,102,109,31,0,0
"E01032503",2011,"Leeds 007E","Total",732,16,0,66,4,8,0,7,8,17,22,4,6,57,89,25,38,37,39,16,96,34,30,81,71,27,0,0
"E01032504",2011,"Leeds 007F","Total",687,4,1,42,2,4,2,4,5,9,16,4,2,34,78,21,25,33,53,25,89,24,51,79,92,28,0,2
"E01032606",2011,"Leeds 067I","Total",1021,2,2,108,12,5,2,8,15,20,46,2,6,82,193,73,51,19,59,13,29,49,67,92,140,34,0,0
"E01032607",2011,"Leeds 067J","Total",575,0,0,75,12,10,1,3,7,13,29,3,4,41,92,28,29,25,39,7,46,17,27,45,77,20,0,0
"E01032608",2011,"Leeds 067K","Total",650,0,0,44,10,2,2,1,4,7,18,7,3,31,95,34,47,21,38,5,32,40,30,97,90,36,0,0
"E01032876",2011,"Leeds 109G","Total",837,1,2,25,5,0,1,1,6,4,8,6,2,37,113,17,102,40,38,12,90,30,41,131,96,53,1,0
"E01032945",2011,"Leeds 044F","Total",1496,2,0,41,12,0,0,4,5,8,12,8,4,35,323,22,418,43,43,10,72,62,35,146,102,126,4,0
"E01032946",2011,"Leeds 110G","Total",924,0,2,25,6,0,1,1,5,6,6,4,1,18,138,13,139,43,44,13,68,47,32,174,96,65,2,0
"E01033002",2011,"Leeds 055F","Total",540,3,0,33,6,0,0,4,6,9,8,2,3,16,74,14,63,36,25,5,40,36,32,67,66,24,0,1
"E01033003",2011,"Leeds 055G","Total",901,1,1,76,25,2,0,9,5,7,28,1,4,22,153,43,111,43,46,7,56,75,25,91,102,44,0,0
"E01033005",2011,"Leeds 055H","Total",917,1,0,30,10,1,1,1,3,5,9,5,3,20,184,22,213,26,24,9,42,50,15,126,75,71,1,0
"E01033006",2011,"Leeds 063E","Total",959,6,1,31,10,1,0,2,2,5,11,3,3,11,168,17,150,39,46,9,65,68,28,177,79,58,0,0
"E01033008",2011,"Leeds 111A","Total",809,0,0,27,4,2,0,1,3,6,11,4,6,12,64,8,66,62,101,8,163,36,31,84,94,43,0,0
"E01033010",2011,"Leeds 111B","Total",958,1,0,29,5,1,0,6,0,6,11,8,0,8,217,6,148,40,72,7,124,41,28,90,70,69,0,0
"E01033011",2011,"Leeds 111C","Total",983,0,1,44,13,1,0,3,4,7,16,9,4,13,156,15,96,53,73,15,147,37,42,98,105,75,0,0
"E01033013",2011,"Leeds 082E","Total",641,0,0,52,9,2,2,6,11,6,16,12,3,11,111,26,51,41,51,9,59,45,18,42,71,39,0,0
"E01033015",2011,"Leeds 111D","Total",960,0,0,28,3,4,0,4,3,9,5,7,0,23,97,13,86,94,113,11,176,47,42,82,95,46,0,0
"E01033016",2011,"Leeds 111E","Total",858,0,1,43,8,3,0,4,1,6,21,7,2,8,95,18,55,67,97,12,177,28,20,73,103,51,0,1
"E01033018",2011,"Leeds 112D","Total",932,0,1,49,9,3,1,4,3,10,19,16,5,17,115,16,43,119,89,9,158,57,36,66,86,50,0,0
"E01033019",2011,"Leeds 112E","Total",1082,1,1,48,14,0,2,12,2,8,10,12,8,19,146,11,95,89,124,12,191,46,44,78,110,47,0,0
"E01033021",2011,"Leeds 075E","Total",550,1,0,44,7,8,1,3,7,8,10,7,5,33,76,35,44,22,28,2,48,50,10,33,81,31,0,0
"E01033031",2011,"Leeds 064E","Total",722,1,0,64,19,5,1,2,7,11,19,7,5,14,93,32,80,51,39,4,60,62,20,44,115,31,0,0
"E01033032",2011,"Leeds 082F","Total",919,0,0,51,10,1,1,4,7,13,15,12,3,25,133,21,59,128,82,9,132,55,28,57,94,30,0,0
"E01033033",2011,"Leeds 075F","Total",897,1,0,32,5,1,1,8,1,4,12,11,4,25,137,19,95,68,71,8,116,41,32,88,111,38,0,0
"E01033034",2011,"Leeds 075G","Total",856,1,0,45,8,1,0,5,3,6,22,9,2,24,121,11,54,55,92,11,146,36,53,86,77,33,0,0
"E01033035",2011,"Leeds 064F","Total",541,1,0,79,51,0,1,4,8,4,11,0,2,13,85,45,69,11,10,6,20,80,9,24,68,19,0,0
