"lsoa11cd","date","lsoa11nm","Rural Urban","Adult Lifestage: All categories: Adult lifestage; measures: Value","Adult Lifestage: Age 16 to 24: Total; measures: Value","Adult Lifestage: Age 16 to 24: No dependent children in household; measures: Value","Adult Lifestage: Age 16 to 24: Dependent children in household; measures: Value","Adult Lifestage: Age 25 to 34: Total; measures: Value","Adult Lifestage: Age 25 to 34: No dependent children in household; measures: Value","Adult Lifestage: Age 25 to 34: Youngest dependent child in household aged 0 to 4; measures: Value","Adult Lifestage: Age 25 to 34: Youngest dependent child in household aged 5 to 10; measures: Value","Adult Lifestage: Age 25 to 34: Youngest dependent child in household aged 11 to 15; measures: Value","Adult Lifestage: Age 25 to 34: Youngest dependent child in household aged 16 to 18; measures: Value","Adult Lifestage: Age 35 to 54: Total; measures: Value","Adult Lifestage: Age 35 to 54: No dependent children in household; measures: Value","Adult Lifestage: Age 35 to 54: Youngest dependent child in household aged 0 to 4; measures: Value","Adult Lifestage: Age 35 to 54: Youngest dependent child in household aged 5 to 10; measures: Value","Adult Lifestage: Age 35 to 54: Youngest dependent child in household aged 11 to 15; measures: Value","Adult Lifestage: Age 35 to 54: Youngest dependent child in household aged 16 to 18; measures: Value","Adult Lifestage: Age 55 to 64: Total; measures: Value","Adult Lifestage: Age 55 to 64: One person household; measures: Value","Adult Lifestage: Age 55 to 64: Two or more person household: No dependent children; measures: Value","Adult Lifestage: Age 55 to 64: Dependent children in household; measures: Value","Adult Lifestage: Age 65 to 74: Total; measures: Value","Adult Lifestage: Age 65 to 74: One person household; measures: Value","Adult Lifestage: Age 65 to 74: Two or more person household: No dependent children; measures: Value","Adult Lifestage: Age 65 to 74: Dependent children in household; measures: Value","Adult Lifestage: Age 75 and over: Total; measures: Value","Adult Lifestage: Age 75 and over: One person household; measures: Value","Adult Lifestage: Age 75 and over: Two or more person household; measures: Value"
"E01011264",2011,"Leeds 011A","Total",1084,123,61,62,93,45,34,10,3,1,370,194,35,54,61,26,204,25,164,15,157,33,122,2,137,58,79
"E01011265",2011,"Leeds 009A","Total",1287,143,81,62,253,199,44,9,1,0,451,223,100,60,50,18,154,31,112,11,101,46,52,3,185,122,63
"E01011266",2011,"Leeds 008A","Total",1674,236,138,98,314,230,75,7,1,1,669,295,108,94,114,58,218,26,181,11,137,21,115,1,100,31,69
"E01011267",2011,"Leeds 009B","Total",1191,114,55,59,184,89,71,17,6,1,402,195,68,75,41,23,187,42,134,11,135,37,97,1,169,79,90
"E01011268",2011,"Leeds 010A","Total",1085,130,66,64,181,71,79,24,6,1,427,239,57,62,55,14,139,36,88,15,106,35,68,3,102,41,61
"E01011269",2011,"Leeds 011B","Total",1289,154,88,66,206,136,50,10,8,2,400,185,63,54,74,24,181,40,132,9,167,42,125,0,181,91,90
"E01011270",2011,"Leeds 008B","Total",1313,112,38,74,70,36,28,2,4,0,467,148,78,101,102,38,282,30,229,23,223,30,193,0,159,36,123
"E01011271",2011,"Leeds 009C","Total",1714,174,76,98,256,147,94,8,6,1,659,228,144,133,111,43,285,37,227,21,186,39,146,1,154,64,90
"E01011272",2011,"Leeds 009D","Total",1187,120,40,80,152,87,54,8,2,1,460,163,83,106,78,30,252,19,217,16,131,18,110,3,72,21,51
"E01011273",2011,"Leeds 010B","Total",1219,137,76,61,247,179,61,7,0,0,433,221,49,59,74,30,172,39,124,9,115,35,79,1,115,52,63
"E01011274",2011,"Leeds 010C","Total",1140,152,69,83,185,88,71,23,3,0,375,201,60,63,36,15,152,53,92,7,136,48,84,4,140,80,60
"E01011275",2011,"Leeds 010D","Total",1105,128,61,67,168,94,59,10,2,3,363,186,53,57,39,28,187,29,142,16,130,27,103,0,129,58,71
"E01011276",2011,"Leeds 011C","Total",1120,129,62,67,174,106,60,4,1,3,421,203,57,76,59,26,191,32,148,11,114,25,86,3,91,41,50
"E01011277",2011,"Leeds 014A","Total",1162,144,79,65,215,115,84,15,1,0,501,208,79,95,95,24,179,31,135,13,82,16,66,0,41,23,18
"E01011278",2011,"Leeds 014B","Total",1330,141,81,60,198,122,69,6,0,1,487,218,80,96,69,24,240,46,184,10,149,40,108,1,115,51,64
"E01011279",2011,"Leeds 008C","Total",1058,102,47,55,151,84,53,8,3,3,388,177,61,72,51,27,155,31,107,17,135,24,111,0,127,62,65
"E01011280",2011,"Leeds 008D","Total",1402,172,89,83,207,119,76,12,0,0,536,219,106,85,87,39,213,26,178,9,166,26,138,2,108,33,75
"E01011281",2011,"Leeds 059A","Total",1466,207,113,94,488,350,107,25,5,1,441,256,65,47,50,23,163,28,119,16,100,33,64,3,67,31,36
"E01011282",2011,"Leeds 059B","Total",1083,158,62,96,236,135,66,23,10,2,377,195,38,69,52,23,146,40,95,11,84,27,56,1,82,45,37
"E01011283",2011,"Leeds 059C","Total",988,177,64,113,183,61,81,36,4,1,353,163,52,58,56,24,115,24,81,10,83,19,58,6,77,36,41
"E01011284",2011,"Leeds 071A","Total",1437,269,171,98,526,383,103,32,8,0,424,309,31,26,38,20,111,52,50,9,66,30,34,2,41,20,21
"E01011286",2011,"Leeds 059D","Total",1037,131,68,63,248,147,72,24,4,1,352,192,37,56,41,26,141,22,112,7,86,19,63,4,79,31,48
"E01011287",2011,"Leeds 067B","Total",1086,155,79,76,172,92,52,23,4,1,389,212,46,59,51,21,173,32,130,11,124,35,89,0,73,40,33
"E01011292",2011,"Leeds 071B","Total",1336,237,136,101,239,137,77,20,3,2,428,284,55,39,40,10,170,65,88,17,126,70,50,6,136,78,58
"E01011293",2011,"Leeds 071C","Total",1326,230,96,134,327,176,128,16,7,0,455,262,64,59,57,13,133,40,80,13,85,32,50,3,96,36,60
"E01011294",2011,"Leeds 071D","Total",787,121,44,77,183,86,68,21,6,2,271,161,24,41,30,15,87,24,54,9,64,26,35,3,61,29,32
"E01011295",2011,"Leeds 059E","Total",1191,198,97,101,291,155,106,24,5,1,429,242,47,53,52,35,147,38,97,12,70,18,48,4,56,21,35
"E01011296",2011,"Leeds 030A","Total",1424,88,38,50,106,61,34,9,2,0,471,234,63,90,61,23,264,24,228,12,262,41,219,2,233,99,134
"E01011297",2011,"Leeds 030B","Total",1254,144,63,81,125,72,41,7,5,0,547,222,81,123,92,29,200,24,157,19,143,27,110,6,95,44,51
"E01011298",2011,"Leeds 088A","Total",1210,148,76,72,254,131,91,29,3,0,420,236,55,53,59,17,160,26,125,9,124,30,93,1,104,59,45
"E01011299",2011,"Leeds 088B","Total",1772,240,124,116,340,179,125,32,2,2,650,310,109,113,83,35,227,43,166,18,198,33,158,7,117,54,63
"E01011300",2011,"Leeds 089A","Total",1125,143,66,77,186,73,69,33,11,0,416,163,64,81,84,24,148,27,113,8,139,28,111,0,93,55,38
"E01011301",2011,"Leeds 089B","Total",1100,128,70,58,144,75,49,17,3,0,413,203,41,70,65,34,193,16,174,3,149,23,126,0,73,22,51
"E01011302",2011,"Leeds 088C","Total",1235,125,80,45,121,77,33,7,3,1,354,215,18,64,27,30,288,23,254,11,216,31,184,1,131,50,81
"E01011303",2011,"Leeds 088D","Total",920,100,49,51,126,47,57,19,2,1,308,143,33,46,70,16,154,17,129,8,135,26,108,1,97,43,54
"E01011304",2011,"Leeds 089C","Total",1256,163,76,87,211,101,87,20,2,1,460,227,86,64,56,27,157,37,111,9,124,45,76,3,141,86,55
"E01011305",2011,"Leeds 089D","Total",1222,142,56,86,235,124,85,21,5,0,468,235,69,55,70,39,186,26,149,11,99,18,79,2,92,34,58
"E01011306",2011,"Leeds 089E","Total",1109,146,67,79,136,76,46,11,3,0,415,191,44,88,71,21,195,16,161,18,141,22,115,4,76,27,49
"E01011307",2011,"Leeds 103A","Total",1184,173,69,104,180,85,67,24,4,0,425,222,45,63,68,27,182,25,151,6,134,18,113,3,90,45,45
"E01011308",2011,"Leeds 103B","Total",1219,133,58,75,176,89,64,17,6,0,408,177,54,69,83,25,175,25,139,11,186,40,142,4,141,67,74
"E01011309",2011,"Leeds 030C","Total",1240,110,49,61,130,88,30,9,2,1,473,226,86,63,67,31,217,25,180,12,174,32,137,5,136,49,87
"E01011310",2011,"Leeds 030D","Total",1341,130,70,60,158,104,41,9,1,3,461,204,82,90,69,16,230,39,164,27,196,38,155,3,166,78,88
"E01011311",2011,"Leeds 022A","Total",983,90,44,46,93,46,39,4,2,2,384,142,60,89,65,28,185,13,152,20,129,19,105,5,102,21,81
"E01011312",2011,"Leeds 086A","Total",1143,217,98,119,351,185,130,24,8,4,391,214,72,49,48,8,91,38,37,16,50,24,17,9,43,15,28
"E01011313",2011,"Leeds 091A","Total",1204,198,98,100,336,185,111,30,9,1,407,226,44,58,61,18,113,21,79,13,71,19,47,5,79,41,38
"E01011314",2011,"Leeds 091B","Total",1174,192,101,91,326,193,103,26,4,0,385,228,54,41,51,11,104,36,63,5,88,39,47,2,79,42,37
"E01011315",2011,"Leeds 090A","Total",1250,176,75,101,270,145,99,19,4,3,421,222,62,65,48,24,147,25,112,10,111,21,86,4,125,58,67
"E01011316",2011,"Leeds 086B","Total",1244,209,98,111,365,215,101,44,5,0,466,295,67,55,36,13,106,35,59,12,50,17,27,6,48,24,24
"E01011317",2011,"Leeds 090B","Total",1327,185,67,118,277,139,89,43,6,0,448,256,37,57,69,29,180,63,102,15,105,47,53,5,132,84,48
"E01011318",2011,"Leeds 090C","Total",1083,183,60,123,246,97,111,27,8,3,391,212,42,53,66,18,149,38,96,15,70,26,42,2,44,25,19
"E01011319",2011,"Leeds 091C","Total",1199,172,81,91,255,117,100,28,9,1,403,206,56,60,53,28,146,29,104,13,102,22,74,6,121,56,65
"E01011320",2011,"Leeds 091D","Total",1336,199,78,121,216,105,83,23,3,2,464,221,42,76,86,39,190,28,140,22,143,26,114,3,124,49,75
"E01011321",2011,"Leeds 090D","Total",1150,216,95,121,196,86,65,36,5,4,448,212,61,68,79,28,127,23,93,11,79,21,52,6,84,43,41
"E01011322",2011,"Leeds 091E","Total",1235,175,77,98,201,90,80,27,2,2,405,216,44,42,67,36,184,25,148,11,147,35,111,1,123,62,61
"E01011323",2011,"Leeds 051A","Total",1058,134,71,63,164,99,59,2,2,2,322,159,31,42,64,26,138,26,98,14,133,39,92,2,167,84,83
"E01011324",2011,"Leeds 046A","Total",930,300,201,99,170,58,67,36,8,1,307,150,54,58,36,9,80,22,44,14,48,16,29,3,25,22,3
"E01011325",2011,"Leeds 046B","Total",1173,136,61,75,270,161,80,23,6,0,416,231,56,46,67,16,185,44,131,10,90,20,68,2,76,38,38
"E01011326",2011,"Leeds 046C","Total",1040,157,69,88,227,111,87,13,14,2,348,186,35,41,67,19,138,27,95,16,85,31,52,2,85,38,47
"E01011327",2011,"Leeds 052A","Total",1094,153,63,90,241,157,46,25,8,5,422,254,49,41,52,26,139,41,86,12,73,22,47,4,66,33,33
"E01011328",2011,"Leeds 052B","Total",1186,134,57,77,241,138,80,14,8,1,419,203,61,63,66,26,165,27,130,8,106,31,72,3,121,61,60
"E01011329",2011,"Leeds 051B","Total",1269,151,73,78,213,157,41,11,4,0,468,238,63,61,64,42,202,28,166,8,118,25,91,2,117,47,70
"E01011330",2011,"Leeds 051C","Total",1015,126,56,70,175,96,59,15,5,0,343,159,39,65,63,17,167,43,116,8,114,29,84,1,90,33,57
"E01011331",2011,"Leeds 058A","Total",1038,132,61,71,250,178,57,7,6,2,334,191,22,56,44,21,115,24,84,7,100,32,63,5,107,72,35
"E01011332",2011,"Leeds 046D","Total",970,147,66,81,186,91,73,16,6,0,345,178,42,62,47,16,128,37,78,13,86,22,57,7,78,35,43
"E01011333",2011,"Leeds 051D","Total",1031,127,61,66,192,91,76,16,9,0,357,211,27,35,64,20,151,30,108,13,100,28,69,3,104,35,69
"E01011334",2011,"Leeds 058B","Total",1067,178,104,74,262,164,66,24,7,1,357,224,32,36,55,10,127,32,85,10,94,28,63,3,49,21,28
"E01011335",2011,"Leeds 052C","Total",1370,203,118,85,316,196,89,24,7,0,470,267,46,59,72,26,180,42,127,11,113,34,79,0,88,45,43
"E01011336",2011,"Leeds 058C","Total",1245,144,67,77,211,104,85,16,4,2,391,245,37,39,58,12,186,58,118,10,146,65,79,2,167,119,48
"E01011337",2011,"Leeds 058D","Total",917,207,56,151,198,44,107,36,8,3,350,131,53,62,78,26,93,22,57,14,45,17,26,2,24,9,15
"E01011338",2011,"Leeds 064A","Total",1171,197,69,128,261,130,95,27,9,0,458,228,87,62,58,23,116,48,53,15,75,38,34,3,64,39,25
"E01011339",2011,"Leeds 060A","Total",1385,196,75,121,224,91,108,20,5,0,496,257,80,57,78,24,201,74,113,14,152,66,85,1,116,47,69
"E01011340",2011,"Leeds 060B","Total",1230,181,79,102,207,82,86,28,7,4,447,229,64,64,63,27,155,33,107,15,114,34,73,7,126,69,57
"E01011341",2011,"Leeds 061A","Total",1169,171,72,99,204,89,92,15,7,1,422,224,47,63,62,26,136,34,95,7,129,32,94,3,107,51,56
"E01011342",2011,"Leeds 060C","Total",996,169,70,99,202,64,103,21,12,2,366,172,55,44,70,25,119,28,79,12,85,28,55,2,55,26,29
"E01011343",2011,"Leeds 061B","Total",1398,202,109,93,260,175,61,21,2,1,515,313,54,48,63,37,195,50,129,16,128,34,86,8,98,57,41
"E01011344",2011,"Leeds 065A","Total",1323,231,107,124,341,178,108,37,15,3,504,319,63,48,53,21,120,48,58,14,77,36,39,2,50,32,18
"E01011345",2011,"Leeds 061C","Total",1095,171,75,96,185,93,60,27,5,0,375,186,49,64,55,21,144,30,99,15,112,37,71,4,108,69,39
"E01011346",2011,"Leeds 060D","Total",1359,194,75,119,207,79,68,38,13,9,412,208,76,62,51,15,233,83,132,18,162,52,102,8,151,76,75
"E01011347",2011,"Leeds 065B","Total",1234,230,109,121,296,135,115,38,5,3,461,278,61,55,49,18,120,42,62,16,81,36,44,1,46,23,23
"E01011348",2011,"Leeds 065C","Total",1125,198,63,135,235,89,108,31,7,0,421,194,66,67,58,36,119,33,79,7,97,26,66,5,55,22,33
"E01011349",2011,"Leeds 065D","Total",1439,164,72,92,267,171,73,12,11,0,504,334,68,49,29,24,213,101,103,9,153,70,81,2,138,89,49
"E01011350",2011,"Leeds 034A","Total",1353,128,51,77,334,251,54,16,10,3,485,210,109,68,66,32,175,33,124,18,130,30,96,4,101,47,54
"E01011351",2011,"Leeds 034B","Total",1523,157,122,35,507,454,46,7,0,0,479,325,59,43,30,22,160,55,97,8,92,44,48,0,128,59,69
"E01011352",2011,"Leeds 034C","Total",1558,178,141,37,687,617,63,3,1,3,387,261,71,29,18,8,110,42,60,8,84,53,30,1,112,64,48
"E01011353",2011,"Leeds 034D","Total",1552,167,95,72,412,344,57,5,6,0,571,281,101,93,63,33,216,36,156,24,95,30,62,3,91,40,51
"E01011354",2011,"Leeds 038A","Total",1061,194,78,116,265,137,93,24,8,3,384,203,53,41,62,25,104,29,65,10,59,20,36,3,55,20,35
"E01011355",2011,"Leeds 038B","Total",1064,180,73,107,235,132,68,30,2,3,352,156,58,53,48,37,134,28,100,6,91,40,48,3,72,37,35
"E01011356",2011,"Leeds 042A","Total",1627,201,104,97,460,351,86,13,7,3,556,327,82,50,73,24,195,48,121,26,115,34,65,16,100,37,63
"E01011357",2011,"Leeds 038C","Total",1431,231,89,142,320,176,97,35,5,7,560,297,84,73,81,25,130,49,57,24,96,51,38,7,94,50,44
"E01011358",2011,"Leeds 042B","Total",1152,137,49,88,215,119,56,24,15,1,407,227,52,37,61,30,154,64,80,10,133,63,59,11,106,63,43
"E01011359",2011,"Leeds 042C","Total",1370,247,117,130,352,253,64,24,9,2,493,276,62,69,52,34,135,42,74,19,72,29,36,7,71,22,49
"E01011360",2011,"Leeds 042D","Total",1455,310,126,184,312,111,146,43,10,2,507,224,94,98,65,26,115,24,45,46,96,33,42,21,115,38,77
"E01011361",2011,"Leeds 042E","Total",1840,374,162,212,348,189,113,33,8,5,714,428,86,99,74,27,170,62,73,35,114,38,64,12,120,60,60
"E01011362",2011,"Leeds 081A","Total",1494,199,113,86,474,305,132,34,2,1,500,381,42,26,40,11,150,65,72,13,99,55,41,3,72,50,22
"E01011363",2011,"Leeds 071E","Total",1191,211,93,118,302,162,82,44,14,0,370,199,52,45,58,16,130,36,86,8,97,39,56,2,81,42,39
"E01011364",2011,"Leeds 085A","Total",1280,271,160,111,311,184,92,30,1,4,388,229,54,56,26,23,142,63,71,8,104,31,68,5,64,38,26
"E01011366",2011,"Leeds 082A","Total",1231,193,86,107,327,172,112,33,6,4,414,243,54,58,35,24,127,63,48,16,98,36,59,3,72,46,26
"E01011368",2011,"Leeds 082C","Total",989,179,82,97,264,147,87,23,4,3,376,248,52,37,25,14,101,40,58,3,50,29,18,3,19,9,10
"E01011369",2011,"Leeds 090E","Total",1272,171,81,90,213,99,68,35,8,3,389,222,46,43,55,23,176,40,128,8,151,38,108,5,172,99,73
"E01011370",2011,"Leeds 082D","Total",1303,239,114,125,368,214,129,19,5,1,449,265,70,53,43,18,133,32,86,15,68,25,36,7,46,18,28
"E01011371",2011,"Leeds 085B","Total",1155,171,96,75,163,90,49,16,7,1,335,204,49,28,35,19,163,66,85,12,160,74,81,5,163,109,54
"E01011372",2011,"Leeds 086C","Total",939,191,88,103,276,125,115,26,7,3,322,148,74,55,41,4,75,24,26,25,49,18,24,7,26,15,11
"E01011373",2011,"Leeds 085C","Total",1011,169,73,96,267,123,113,28,3,0,351,164,66,64,44,13,107,29,66,12,71,26,40,5,46,26,20
"E01011374",2011,"Leeds 085D","Total",964,148,97,51,266,163,78,19,6,0,351,239,32,27,41,12,105,39,63,3,52,19,31,2,42,26,16
"E01011375",2011,"Leeds 086D","Total",1276,300,122,178,380,173,157,38,9,3,409,163,112,65,48,21,100,32,47,21,50,22,21,7,37,17,20
"E01011376",2011,"Leeds 013A","Total",1270,132,63,69,85,51,30,4,0,0,457,179,78,82,81,37,259,24,219,16,170,17,150,3,167,60,107
"E01011377",2011,"Leeds 013B","Total",1194,138,61,77,81,62,14,4,0,1,398,154,43,79,84,38,168,19,136,13,188,24,162,2,221,100,121
"E01011378",2011,"Leeds 013C","Total",1127,139,65,74,216,136,61,14,5,0,402,226,54,44,45,33,195,51,133,11,92,33,54,5,83,41,42
"E01011379",2011,"Leeds 017A","Total",1222,128,61,67,208,108,81,15,4,0,414,249,40,53,58,14,179,53,113,13,111,46,62,3,182,87,95
"E01011380",2011,"Leeds 016A","Total",1272,110,46,64,116,81,30,4,1,0,434,178,81,71,72,32,270,32,222,16,187,39,142,6,155,57,98
"E01011381",2011,"Leeds 016B","Total",1069,133,46,87,118,63,42,9,4,0,353,135,51,72,72,23,209,16,170,23,127,27,97,3,129,41,88
"E01011382",2011,"Leeds 013D","Total",1215,125,60,65,160,79,68,13,0,0,393,171,81,62,51,28,192,31,152,9,192,51,141,0,153,70,83
"E01011383",2011,"Leeds 019A","Total",1318,132,57,75,242,162,61,15,2,2,373,178,62,56,52,25,202,45,137,20,147,41,101,5,222,119,103
"E01011384",2011,"Leeds 017B","Total",1227,155,67,88,200,126,59,13,0,2,419,195,68,51,79,26,188,36,140,12,151,36,114,1,114,52,62
"E01011385",2011,"Leeds 016C","Total",1010,89,43,46,88,58,26,2,2,0,349,142,50,78,59,20,226,31,181,14,126,26,97,3,132,58,74
"E01011386",2011,"Leeds 016D","Total",1172,124,66,58,164,110,41,9,4,0,406,162,78,77,59,30,201,26,164,11,138,26,111,1,139,59,80
"E01011388",2011,"Leeds 019B","Total",1162,122,48,74,157,87,56,11,3,0,385,170,60,65,64,26,188,34,144,10,130,43,82,5,180,93,87
"E01011390",2011,"Leeds 087A","Total",1166,168,55,113,168,79,73,11,5,0,389,188,34,63,73,31,169,25,132,12,145,41,99,5,127,60,67
"E01011391",2011,"Leeds 087B","Total",1384,151,76,75,114,60,39,10,5,0,435,222,71,51,67,24,206,26,169,11,299,54,241,4,179,87,92
"E01011392",2011,"Leeds 087C","Total",1222,119,55,64,123,54,44,22,3,0,378,184,35,67,68,24,266,30,228,8,215,35,173,7,121,58,63
"E01011393",2011,"Leeds 103C","Total",1310,129,43,86,173,75,80,11,5,2,562,215,89,138,95,25,184,39,125,20,148,36,107,5,114,63,51
"E01011394",2011,"Leeds 103D","Total",958,118,50,68,106,51,45,9,0,1,376,163,70,57,60,26,149,17,125,7,129,24,103,2,80,48,32
"E01011395",2011,"Leeds 103E","Total",884,105,46,59,166,86,54,19,7,0,434,169,87,97,58,23,107,28,73,6,48,7,39,2,24,11,13
"E01011396",2011,"Leeds 074A","Total",1490,269,184,85,253,165,72,13,2,1,514,250,61,76,79,48,187,43,136,8,137,32,100,5,130,71,59
"E01011397",2011,"Leeds 077A","Total",1223,171,75,96,148,90,47,9,1,1,461,193,68,81,77,42,215,29,177,9,137,24,113,0,91,44,47
"E01011398",2011,"Leeds 077B","Total",1034,146,78,68,124,77,37,7,3,0,435,198,47,80,74,36,184,25,151,8,101,16,82,3,44,17,27
"E01011399",2011,"Leeds 074B","Total",1192,162,71,91,150,85,41,20,2,2,424,176,58,72,72,46,178,24,145,9,148,31,110,7,130,55,75
"E01011400",2011,"Leeds 074C","Total",1163,143,82,61,142,77,50,11,4,0,427,194,58,90,51,34,176,23,137,16,156,35,118,3,119,49,70
"E01011401",2011,"Leeds 077C","Total",1189,119,61,58,142,63,66,12,1,0,470,184,75,110,76,25,180,24,145,11,183,40,138,5,95,25,70
"E01011402",2011,"Leeds 087D","Total",1513,136,58,78,140,79,50,8,3,0,454,206,55,63,101,29,275,37,222,16,265,57,203,5,243,97,146
"E01011403",2011,"Leeds 074D","Total",1113,100,40,60,96,59,25,9,2,1,330,115,49,72,66,28,176,21,146,9,208,40,167,1,203,114,89
"E01011404",2011,"Leeds 077D","Total",1054,124,55,69,114,60,44,10,0,0,433,169,76,70,83,35,167,26,138,3,142,23,117,2,74,31,43
"E01011405",2011,"Leeds 077E","Total",1224,108,50,58,70,39,23,7,0,1,343,144,51,66,48,34,249,25,209,15,279,36,242,1,175,81,94
"E01011406",2011,"Leeds 057A","Total",1165,150,78,72,149,87,47,13,2,0,386,178,58,58,65,27,175,18,145,12,161,32,125,4,144,60,84
"E01011407",2011,"Leeds 057B","Total",1172,139,64,75,170,100,46,21,3,0,404,209,57,55,46,37,167,28,122,17,138,37,100,1,154,75,79
"E01011408",2011,"Leeds 057C","Total",1302,103,42,61,106,67,28,8,2,1,346,200,34,34,54,24,228,39,177,12,224,41,183,0,295,136,159
"E01011409",2011,"Leeds 057D","Total",1177,165,84,81,168,134,27,3,4,0,422,223,60,53,41,45,205,26,162,17,111,21,86,4,106,49,57
"E01011410",2011,"Leeds 057E","Total",1116,98,54,44,126,79,35,9,2,1,337,197,28,47,49,16,279,45,224,10,151,33,118,0,125,62,63
"E01011411",2011,"Leeds 073A","Total",1288,153,77,76,174,103,59,12,0,0,542,245,70,101,89,37,169,21,133,15,122,25,97,0,128,49,79
"E01011412",2011,"Leeds 057F","Total",1170,101,45,56,103,59,29,11,3,1,398,183,68,57,69,21,180,30,145,5,186,36,146,4,202,78,124
"E01011413",2011,"Leeds 069A","Total",1234,177,83,94,132,72,46,9,4,1,497,206,75,111,75,30,201,16,171,14,122,34,85,3,105,34,71
"E01011414",2011,"Leeds 073B","Total",1236,145,60,85,153,81,64,6,0,2,481,228,39,93,77,44,175,20,148,7,168,25,138,5,114,44,70
"E01011415",2011,"Leeds 069B","Total",1319,156,91,65,237,147,81,8,1,0,475,263,64,53,69,26,176,22,149,5,152,27,120,5,123,52,71
"E01011416",2011,"Leeds 069C","Total",1195,155,66,89,144,74,52,15,2,1,491,215,67,96,60,53,163,19,129,15,124,18,103,3,118,47,71
"E01011417",2011,"Leeds 069D","Total",1300,123,48,75,118,88,24,3,3,0,398,195,35,81,56,31,208,40,159,9,231,64,166,1,222,99,123
"E01011418",2011,"Leeds 073C","Total",1192,169,81,88,169,87,69,9,2,2,514,251,58,76,89,40,178,31,135,12,92,24,67,1,70,35,35
"E01011419",2011,"Leeds 073D","Total",1047,130,61,69,92,57,30,5,0,0,383,188,38,49,81,27,203,16,177,10,144,17,122,5,95,19,76
"E01011420",2011,"Leeds 069E","Total",1159,86,37,49,68,40,13,13,0,2,311,169,25,49,40,28,217,24,184,9,258,52,206,0,219,91,128
"E01011421",2011,"Leeds 040A","Total",1158,177,50,127,203,98,69,28,7,1,398,184,63,62,53,36,128,31,82,15,130,33,93,4,122,70,52
"E01011422",2011,"Leeds 048A","Total",1047,231,86,145,309,163,87,43,13,3,345,143,63,81,49,9,83,16,35,32,49,10,25,14,30,11,19
"E01011423",2011,"Leeds 047A","Total",1152,190,64,126,232,65,136,23,6,2,399,168,66,75,62,28,147,36,87,24,101,31,61,9,83,39,44
"E01011424",2011,"Leeds 047B","Total",1049,197,46,151,244,64,123,46,8,3,378,102,99,92,59,26,104,17,63,24,73,15,54,4,53,17,36
"E01011425",2011,"Leeds 040B","Total",1249,181,78,103,197,104,68,20,2,3,482,216,64,65,78,59,167,32,118,17,125,30,91,4,97,34,63
"E01011426",2011,"Leeds 048B","Total",1119,248,50,198,305,95,136,54,13,7,371,111,99,87,57,17,75,14,26,35,64,19,24,21,56,19,37
"E01011427",2011,"Leeds 047C","Total",1164,282,69,213,249,73,125,40,9,2,408,137,102,84,63,22,93,30,43,20,84,31,41,12,48,16,32
"E01011428",2011,"Leeds 048C","Total",1328,266,95,171,386,171,159,44,10,2,441,175,99,94,45,28,118,35,54,29,66,22,34,10,51,17,34
"E01011429",2011,"Leeds 048D","Total",1417,330,131,199,371,162,150,52,7,0,435,210,67,107,33,18,125,33,50,42,72,24,32,16,84,41,43
"E01011430",2011,"Leeds 053A","Total",1035,245,99,146,281,115,106,36,21,3,324,109,88,76,31,20,77,14,39,24,59,14,36,9,49,12,37
"E01011431",2011,"Leeds 047D","Total",1300,262,87,175,252,85,115,40,7,5,492,241,69,90,71,21,121,42,66,13,93,35,51,7,80,47,33
"E01011432",2011,"Leeds 053B","Total",1057,200,63,137,312,112,145,51,3,1,376,168,91,63,44,10,82,32,38,12,49,22,21,6,38,13,25
"E01011433",2011,"Leeds 053C","Total",1101,228,89,139,288,133,119,29,7,0,426,245,78,47,34,22,86,27,47,12,36,16,14,6,37,20,17
"E01011434",2011,"Leeds 053D","Total",1000,183,91,92,322,164,128,26,4,0,360,187,76,59,25,13,63,27,34,2,39,16,19,4,33,14,19
"E01011435",2011,"Leeds 044A","Total",1757,1390,1368,22,205,191,9,4,1,0,87,65,9,5,6,2,27,9,15,3,24,9,15,0,24,14,10
"E01011440",2011,"Leeds 044D","Total",1593,1045,1032,13,243,232,9,2,0,0,120,102,5,7,4,2,80,32,44,4,48,29,18,1,57,39,18
"E01011441",2011,"Leeds 044E","Total",1767,1157,1120,37,247,215,29,2,0,1,193,113,28,26,21,5,103,36,58,9,38,14,20,4,29,16,13
"E01011442",2011,"Leeds 110A","Total",1562,1101,1072,29,278,250,18,7,1,2,104,76,10,6,10,2,38,11,17,10,25,7,17,1,16,11,5
"E01011443",2011,"Leeds 110B","Total",1317,918,891,27,202,180,13,5,0,4,123,97,10,8,6,2,33,21,10,2,25,14,11,0,16,8,8
"E01011444",2011,"Leeds 110C","Total",1771,1436,1400,36,170,146,21,1,0,2,106,74,11,12,6,3,32,19,8,5,13,7,5,1,14,9,5
"E01011445",2011,"Leeds 054A","Total",1646,1428,1403,25,130,120,7,2,0,1,53,29,5,8,11,0,25,2,19,4,4,0,4,0,6,1,5
"E01011446",2011,"Leeds 054B","Total",1498,1138,1108,30,187,151,22,8,5,1,109,65,14,17,10,3,31,9,15,7,19,1,17,1,14,4,10
"E01011447",2011,"Leeds 054C","Total",1269,946,915,31,155,125,23,5,0,2,90,58,7,17,5,3,36,9,19,8,20,5,10,5,22,9,13
"E01011448",2011,"Leeds 054D","Total",1411,1027,996,31,155,116,33,5,1,0,133,70,28,21,12,2,51,13,30,8,31,15,10,6,14,6,8
"E01011449",2011,"Leeds 054E","Total",1224,701,670,31,292,230,50,10,2,0,135,95,15,16,7,2,48,19,24,5,26,11,13,2,22,8,14
"E01011450",2011,"Leeds 038D","Total",990,147,80,67,250,170,63,12,4,1,322,170,54,49,31,18,122,20,91,11,84,21,59,4,65,28,37
"E01011451",2011,"Leeds 110D","Total",862,296,282,14,238,213,21,4,0,0,184,126,29,13,12,4,66,32,32,2,34,15,17,2,44,28,16
"E01011452",2011,"Leeds 027A","Total",1206,113,53,60,168,123,39,4,1,1,456,147,110,114,62,23,232,30,188,14,147,32,115,0,90,21,69
"E01011453",2011,"Leeds 028A","Total",1229,117,66,51,198,146,45,4,1,2,413,183,102,63,44,21,211,24,172,15,151,31,119,1,139,58,81
"E01011454",2011,"Leeds 027B","Total",1237,133,81,52,302,241,50,10,1,0,428,191,81,79,54,23,173,36,128,9,110,30,79,1,91,38,53
"E01011455",2011,"Leeds 021A","Total",945,91,45,46,75,24,40,8,3,0,331,114,55,71,69,22,182,14,154,14,167,29,131,7,99,36,63
"E01011456",2011,"Leeds 021B","Total",1391,233,137,96,139,71,65,3,0,0,435,137,82,98,79,39,207,29,167,11,205,40,163,2,172,55,117
"E01011457",2011,"Leeds 027C","Total",1173,123,46,77,114,69,40,3,1,1,474,172,97,86,72,47,205,26,155,24,135,27,107,1,122,44,78
"E01011458",2011,"Leeds 027D","Total",1100,102,41,61,90,61,24,4,1,0,442,142,89,101,75,35,199,13,176,10,157,22,131,4,110,44,66
"E01011459",2011,"Leeds 021C","Total",1334,131,82,49,281,219,44,12,6,0,390,186,56,63,70,15,180,31,138,11,150,32,117,1,202,84,118
"E01011460",2011,"Leeds 028B","Total",1151,154,86,68,292,212,61,15,2,2,381,193,79,42,44,23,145,32,100,13,80,30,47,3,99,54,45
"E01011461",2011,"Leeds 021D","Total",1238,139,56,83,94,56,33,3,1,1,445,137,76,107,93,32,200,16,173,11,211,28,183,0,149,57,92
"E01011462",2011,"Leeds 028C","Total",1337,206,97,109,237,163,53,15,3,3,475,217,61,81,73,43,182,35,133,14,113,35,75,3,124,62,62
"E01011463",2011,"Leeds 028D","Total",1318,174,74,100,232,158,57,8,6,3,413,192,46,63,78,34,200,49,144,7,143,56,84,3,156,89,67
"E01011464",2011,"Leeds 028E","Total",1458,181,139,42,544,434,93,10,6,1,364,207,58,40,40,19,163,32,123,8,116,25,89,2,90,43,47
"E01011465",2011,"Leeds 027E","Total",1308,117,69,48,303,249,48,6,0,0,387,213,47,53,44,30,173,40,125,8,135,45,89,1,193,127,66
"E01011466",2011,"Leeds 094A","Total",1189,206,95,111,128,61,44,21,2,0,416,236,33,59,54,34,174,34,127,13,142,36,101,5,123,60,63
"E01011467",2011,"Leeds 112A","Total",1086,161,83,78,320,174,107,32,6,1,354,222,40,44,32,16,121,46,68,7,65,28,37,0,65,26,39
"E01011468",2011,"Leeds 112B","Total",1202,187,69,118,191,95,60,28,7,1,395,245,34,41,47,28,185,51,124,10,138,39,96,3,106,69,37
"E01011469",2011,"Leeds 094B","Total",1212,165,86,79,169,88,63,14,3,1,473,274,63,54,54,28,200,35,157,8,121,27,93,1,84,31,53
"E01011470",2011,"Leeds 112C","Total",1050,146,74,72,183,107,60,16,0,0,375,239,30,38,43,25,158,28,120,10,106,38,65,3,82,42,40
"E01011471",2011,"Leeds 092A","Total",1103,176,82,94,193,89,64,29,10,1,393,240,33,45,44,31,155,32,116,7,94,31,61,2,92,48,44
"E01011472",2011,"Leeds 092B","Total",1199,204,83,121,192,73,78,33,5,3,388,220,37,54,49,28,144,43,91,10,111,34,75,2,160,87,73
"E01011473",2011,"Leeds 092C","Total",1036,216,95,121,248,87,107,45,7,2,358,173,42,57,55,31,116,39,63,14,68,40,26,2,30,15,15
"E01011474",2011,"Leeds 092D","Total",1086,201,67,134,195,87,72,32,3,1,406,222,37,56,70,21,125,41,71,13,108,58,50,0,51,25,26
"E01011475",2011,"Leeds 094C","Total",1150,190,101,89,248,95,101,44,6,2,410,260,36,53,40,21,166,45,106,15,74,25,45,4,62,37,25
"E01011476",2011,"Leeds 094D","Total",893,142,56,86,187,86,63,28,9,1,269,140,33,33,47,16,122,28,79,15,94,29,64,1,79,43,36
"E01011477",2011,"Leeds 045A","Total",1508,333,254,79,372,275,76,19,1,1,449,249,81,65,37,17,168,62,93,13,103,39,59,5,83,42,41
"E01011478",2011,"Leeds 056A","Total",1531,589,546,43,455,398,33,13,8,3,274,191,36,26,14,7,91,34,53,4,57,27,29,1,65,37,28
"E01011479",2011,"Leeds 056B","Total",1423,895,874,21,304,276,15,9,3,1,140,113,6,6,8,7,50,25,21,4,21,14,6,1,13,11,2
"E01011480",2011,"Leeds 045B","Total",1376,314,231,83,263,184,68,6,1,4,324,156,54,43,41,30,201,17,158,26,137,21,110,6,137,54,83
"E01011481",2011,"Leeds 056C","Total",1356,625,580,45,367,293,53,18,3,0,236,142,37,35,19,3,54,24,25,5,34,15,17,2,40,13,27
"E01011482",2011,"Leeds 056D","Total",1511,404,348,56,572,491,57,23,0,1,333,246,27,34,17,9,72,25,39,8,60,26,33,1,70,42,28
"E01011483",2011,"Leeds 056E","Total",1303,534,451,83,305,222,63,12,7,1,261,138,33,33,41,16,73,29,37,7,70,31,35,4,60,44,16
"E01011484",2011,"Leeds 033A","Total",1161,197,90,107,221,83,95,34,7,2,419,210,52,63,74,20,139,39,91,9,85,35,44,6,100,59,41
"E01011485",2011,"Leeds 033B","Total",1238,193,98,95,270,176,70,15,8,1,399,219,63,43,56,18,156,49,97,10,101,32,63,6,119,66,53
"E01011488",2011,"Leeds 045C","Total",1262,273,228,45,438,383,34,16,5,0,315,193,47,35,26,14,97,27,67,3,76,28,46,2,63,40,23
"E01011489",2011,"Leeds 045D","Total",1469,321,247,74,381,328,38,9,4,2,372,207,57,43,43,22,148,50,87,11,105,35,70,0,142,83,59
"E01011490",2011,"Leeds 099A","Total",2041,286,152,134,633,411,183,36,1,2,706,397,103,86,82,38,218,54,152,12,115,34,77,4,83,43,40
"E01011491",2011,"Leeds 101A","Total",1029,184,65,119,180,53,84,37,6,0,360,197,34,50,62,17,138,51,78,9,94,43,51,0,73,37,36
"E01011492",2011,"Leeds 101B","Total",981,194,63,131,149,54,57,32,5,1,351,165,45,48,78,15,103,38,54,11,99,29,64,6,85,55,30
"E01011493",2011,"Leeds 101C","Total",1148,193,78,115,225,72,96,49,6,2,416,229,25,54,75,33,117,29,76,12,99,25,72,2,98,40,58
"E01011494",2011,"Leeds 101D","Total",984,157,64,93,223,79,94,38,11,1,338,168,40,44,61,25,115,18,85,12,90,40,48,2,61,32,29
"E01011496",2011,"Leeds 100A","Total",1155,123,58,65,244,141,87,16,0,0,564,254,91,119,74,26,124,22,95,7,69,14,52,3,31,7,24
"E01011497",2011,"Leeds 101E","Total",1193,229,72,157,235,72,115,39,6,3,407,232,45,56,46,28,134,38,79,17,108,37,68,3,80,46,34
"E01011499",2011,"Leeds 105C","Total",1957,302,130,172,570,338,184,39,7,2,745,357,149,112,96,31,175,37,101,37,99,26,71,2,66,25,41
"E01011500",2011,"Leeds 105D","Total",1311,150,62,88,170,110,44,13,2,1,482,240,51,93,61,37,205,22,173,10,153,38,114,1,151,72,79
"E01011502",2011,"Leeds 099C","Total",1052,131,51,80,161,63,60,33,3,2,374,203,37,54,64,16,159,26,119,14,106,24,76,6,121,68,53
"E01011504",2011,"Leeds 032A","Total",1131,163,82,81,223,126,69,19,5,4,411,253,39,41,52,26,122,57,55,10,88,38,46,4,124,73,51
"E01011505",2011,"Leeds 025A","Total",1302,162,65,97,213,121,67,16,6,3,430,173,66,76,83,32,188,26,143,19,141,38,96,7,168,61,107
"E01011506",2011,"Leeds 025B","Total",1109,132,45,87,223,134,62,18,4,5,433,157,99,92,48,37,137,15,107,15,83,19,57,7,101,31,70
"E01011507",2011,"Leeds 025C","Total",1302,130,59,71,258,187,58,9,2,2,485,229,81,83,59,33,170,20,121,29,124,31,87,6,135,54,81
"E01011508",2011,"Leeds 024A","Total",1071,160,45,115,198,110,62,16,7,3,448,132,97,104,78,37,162,19,117,26,57,13,40,4,46,23,23
"E01011509",2011,"Leeds 023A","Total",1141,104,39,65,149,99,38,5,3,4,366,163,67,66,54,16,175,36,119,20,162,59,99,4,185,99,86
"E01011510",2011,"Leeds 025D","Total",1294,148,66,82,179,108,47,17,5,2,426,253,47,47,61,18,150,64,78,8,135,57,76,2,256,166,90
"E01011511",2011,"Leeds 023B","Total",1075,132,47,85,209,133,59,10,6,1,331,114,78,63,56,20,144,18,106,20,97,32,58,7,162,84,78
"E01011512",2011,"Leeds 023C","Total",1296,173,81,92,272,182,67,17,5,1,446,214,76,74,46,36,167,25,122,20,94,26,63,5,144,51,93
"E01011513",2011,"Leeds 031A","Total",1709,197,99,98,392,274,110,7,1,0,723,299,158,109,103,54,202,41,136,25,113,33,77,3,82,37,45
"E01011514",2011,"Leeds 025E","Total",1323,172,85,87,275,197,66,7,3,2,457,206,104,67,59,21,185,23,144,18,120,21,93,6,114,42,72
"E01011515",2011,"Leeds 023D","Total",1210,134,70,64,293,230,55,4,1,3,369,189,60,50,51,19,179,30,129,20,124,29,89,6,111,50,61
"E01011516",2011,"Leeds 023E","Total",1367,186,79,107,259,175,71,6,4,3,536,195,94,99,108,40,172,24,120,28,113,27,84,2,101,35,66
"E01011517",2011,"Leeds 024B","Total",1324,168,69,99,278,193,70,10,4,1,512,248,89,57,85,33,161,45,91,25,92,31,59,2,113,35,78
"E01011518",2011,"Leeds 093A","Total",1745,215,110,105,451,281,130,28,11,1,655,341,106,84,88,36,207,55,139,13,120,34,85,1,97,43,54
"E01011519",2011,"Leeds 095A","Total",1175,155,62,93,181,76,82,16,6,1,436,225,48,51,82,30,186,39,133,14,107,36,70,1,110,50,60
"E01011520",2011,"Leeds 096A","Total",1240,112,47,65,155,75,68,11,0,1,435,212,68,64,69,22,221,29,181,11,177,30,144,3,140,51,89
"E01011521",2011,"Leeds 096B","Total",1642,146,73,73,248,152,68,23,5,0,641,350,94,88,81,28,275,48,216,11,195,44,147,4,137,63,74
"E01011522",2011,"Leeds 095B","Total",1167,110,49,61,168,101,58,6,2,1,422,201,46,76,76,23,195,25,165,5,166,20,145,1,106,30,76
"E01011523",2011,"Leeds 096C","Total",1382,167,93,74,218,111,83,20,4,0,518,255,86,84,79,14,182,33,138,11,153,47,105,1,144,90,54
"E01011524",2011,"Leeds 093B","Total",1025,109,47,62,176,116,41,13,3,3,351,162,36,58,71,24,183,21,157,5,135,15,116,4,71,37,34
"E01011525",2011,"Leeds 095C","Total",1261,142,76,66,329,188,109,26,3,3,424,255,58,47,48,16,151,29,113,9,130,23,107,0,85,34,51
"E01011526",2011,"Leeds 093C","Total",1025,128,45,83,153,73,65,12,1,2,456,178,59,88,86,45,176,16,144,16,71,11,58,2,41,11,30
"E01011527",2011,"Leeds 096D","Total",1486,144,65,79,164,102,50,9,2,1,530,254,73,94,68,41,282,37,233,12,239,39,194,6,127,35,92
"E01011528",2011,"Leeds 095D","Total",1249,147,58,89,204,136,60,5,3,0,585,213,84,133,108,47,168,24,133,11,87,18,66,3,58,31,27
"E01011529",2011,"Leeds 096E","Total",1093,161,62,99,164,67,76,15,5,1,393,193,62,55,67,16,184,25,143,16,124,30,87,7,67,35,32
"E01011530",2011,"Leeds 106A","Total",1217,121,65,56,224,136,71,14,1,2,436,239,55,55,62,25,175,24,139,12,149,25,122,2,112,37,75
"E01011531",2011,"Leeds 093D","Total",1275,100,44,56,120,72,36,7,3,2,367,199,32,49,59,28,235,29,196,10,248,47,194,7,205,84,121
"E01011532",2011,"Leeds 095E","Total",1234,166,68,98,229,111,82,27,7,2,422,213,49,69,63,28,175,48,106,21,131,56,72,3,111,73,38
"E01011533",2011,"Leeds 104A","Total",1107,131,79,52,246,179,55,10,2,0,382,249,41,28,50,14,133,34,95,4,114,42,71,1,101,60,41
"E01011534",2011,"Leeds 106B","Total",1171,139,82,57,243,151,74,15,3,0,411,230,56,48,53,24,141,35,100,6,124,42,76,6,113,50,63
"E01011535",2011,"Leeds 108A","Total",1337,148,68,80,133,71,49,10,3,0,551,218,70,109,117,37,233,14,205,14,162,27,131,4,110,37,73
"E01011536",2011,"Leeds 108B","Total",1302,153,62,91,134,79,49,4,2,0,509,219,73,100,75,42,212,31,170,11,177,25,145,7,117,52,65
"E01011537",2011,"Leeds 107A","Total",1715,179,99,80,203,100,80,19,4,0,566,327,48,71,95,25,296,44,234,18,262,50,206,6,209,88,121
"E01011538",2011,"Leeds 107B","Total",1195,153,59,94,175,74,77,18,6,0,430,229,47,59,75,20,168,31,127,10,151,35,112,4,118,72,46
"E01011540",2011,"Leeds 102B","Total",1116,134,56,78,211,96,88,25,2,0,376,188,39,61,68,20,179,29,142,8,109,29,76,4,107,58,49
"E01011541",2011,"Leeds 104B","Total",1509,142,89,53,314,243,50,18,2,1,462,332,26,42,49,13,197,67,125,5,155,63,92,0,239,171,68
"E01011545",2011,"Leeds 104C","Total",1136,141,64,77,243,155,72,12,3,1,427,245,49,69,46,18,156,39,111,6,99,36,59,4,70,42,28
"E01011546",2011,"Leeds 106C","Total",1332,154,65,89,281,149,105,20,5,2,480,259,59,57,64,41,210,50,150,10,126,38,82,6,81,31,50
"E01011547",2011,"Leeds 104D","Total",1431,155,68,87,290,164,93,29,3,1,531,290,63,86,67,25,221,53,157,11,129,48,77,4,105,65,40
"E01011548",2011,"Leeds 106D","Total",1200,136,59,77,126,84,32,8,1,1,455,201,44,89,84,37,160,16,133,11,162,26,133,3,161,64,97
"E01011549",2011,"Leeds 108C","Total",1193,213,86,127,106,57,43,5,0,1,638,245,83,122,108,80,187,19,146,22,35,3,31,1,14,6,8
"E01011550",2011,"Leeds 106E","Total",1119,159,67,92,172,97,55,16,2,2,443,167,61,81,100,34,165,20,130,15,106,15,90,1,74,35,39
"E01011551",2011,"Leeds 107C","Total",1220,157,80,77,242,129,84,22,7,0,558,281,65,108,75,29,157,24,114,19,76,15,56,5,30,12,18
"E01011552",2011,"Leeds 107D","Total",1108,169,65,104,179,55,82,36,6,0,419,200,52,64,85,18,132,28,92,12,109,30,76,3,100,41,59
"E01011553",2011,"Leeds 108D","Total",1184,148,64,84,173,84,62,22,4,1,456,227,52,61,61,55,206,19,175,12,129,19,109,1,72,31,41
"E01011554",2011,"Leeds 012A","Total",1177,120,60,60,162,100,49,9,1,3,388,155,79,71,61,22,216,20,180,16,136,24,111,1,155,52,103
"E01011555",2011,"Leeds 018A","Total",1144,119,56,63,167,100,52,9,3,3,366,161,53,68,53,31,239,31,182,26,158,19,132,7,95,29,66
"E01011556",2011,"Leeds 015A","Total",1273,121,59,62,356,226,100,27,2,1,412,184,66,81,63,18,134,45,76,13,99,30,68,1,151,75,76
"E01011557",2011,"Leeds 015B","Total",1261,167,53,114,143,105,27,8,3,0,440,155,64,73,97,51,208,33,147,28,138,21,111,6,165,87,78
"E01011558",2011,"Leeds 018B","Total",1212,175,57,118,241,110,97,22,8,4,447,208,61,87,58,33,128,44,73,11,82,24,57,1,139,75,64
"E01011559",2011,"Leeds 018C","Total",956,147,63,84,162,90,44,21,7,0,334,149,55,52,57,21,139,27,94,18,59,26,30,3,115,79,36
"E01011560",2011,"Leeds 018D","Total",1446,221,92,129,264,150,80,23,7,4,520,288,71,71,59,31,192,51,125,16,90,36,52,2,159,97,62
"E01011561",2011,"Leeds 006A","Total",1020,111,37,74,98,60,27,7,0,4,399,178,53,71,48,49,192,29,147,16,115,32,79,4,105,40,65
"E01011562",2011,"Leeds 012B","Total",1325,162,53,109,138,90,36,7,2,3,413,121,65,79,87,61,259,18,211,30,187,36,144,7,166,51,115
"E01011563",2011,"Leeds 012C","Total",1201,117,47,70,159,104,45,2,5,3,355,132,53,61,82,27,150,17,121,12,225,41,179,5,195,58,137
"E01011564",2011,"Leeds 012D","Total",1207,128,55,73,140,90,45,3,1,1,464,175,103,90,60,36,207,18,174,15,114,21,89,4,154,54,100
"E01011565",2011,"Leeds 015C","Total",1175,118,48,70,147,73,68,3,1,2,385,158,68,67,64,28,218,22,175,21,149,30,115,4,158,60,98
"E01011566",2011,"Leeds 015D","Total",1068,112,44,68,164,104,45,13,2,0,366,150,66,76,42,32,196,48,125,23,116,36,73,7,114,40,74
"E01011567",2011,"Leeds 012E","Total",1115,134,53,81,142,88,47,6,1,0,432,163,82,84,62,41,177,24,138,15,117,25,87,5,113,44,69
"E01011568",2011,"Leeds 015E","Total",1559,150,57,93,250,179,47,17,3,4,528,239,68,89,76,56,241,57,169,15,191,43,135,13,199,90,109
"E01011569",2011,"Leeds 004A","Total",1401,153,87,66,201,138,57,5,0,1,517,269,66,64,86,32,247,70,161,16,141,32,108,1,142,75,67
"E01011570",2011,"Leeds 007A","Total",1765,137,50,87,194,100,77,11,5,1,755,295,166,152,100,42,284,38,224,22,210,48,157,5,185,74,111
"E01011571",2011,"Leeds 004B","Total",1320,130,50,80,140,89,39,7,4,1,485,260,67,63,64,31,246,56,175,15,174,53,121,0,145,84,61
"E01011572",2011,"Leeds 004C","Total",1453,126,59,67,239,159,62,13,4,1,585,305,82,91,76,31,263,62,184,17,133,38,89,6,107,58,49
"E01011573",2011,"Leeds 004D","Total",1100,145,47,98,132,66,45,13,3,5,409,179,61,79,47,43,195,23,161,11,122,22,100,0,97,40,57
"E01011574",2011,"Leeds 004E","Total",1194,98,51,47,134,87,38,6,1,2,377,186,70,58,40,23,208,50,149,9,163,53,110,0,214,122,92
"E01011576",2011,"Leeds 007C","Total",1176,129,32,97,64,39,20,4,0,1,436,166,55,91,80,44,211,27,153,31,172,24,146,2,164,62,102
"E01011578",2011,"Leeds 011D","Total",1126,121,57,64,149,103,34,9,2,1,354,187,43,47,54,23,224,34,176,14,160,42,115,3,118,65,53
"E01011579",2011,"Leeds 014C","Total",981,122,51,71,174,79,80,11,3,1,375,161,71,58,58,27,145,18,117,10,103,28,68,7,62,23,39
"E01011580",2011,"Leeds 014D","Total",1129,104,42,62,94,59,23,10,1,1,429,178,75,77,58,41,205,31,161,13,132,34,96,2,165,70,95
"E01011581",2011,"Leeds 003A","Total",1205,114,45,69,120,63,45,9,2,1,383,169,64,57,72,21,241,30,198,13,197,34,156,7,150,54,96
"E01011582",2011,"Leeds 003B","Total",1299,140,43,97,203,82,87,27,5,2,421,206,62,52,78,23,199,53,125,21,158,57,96,5,178,114,64
"E01011583",2011,"Leeds 003C","Total",1195,159,67,92,112,63,33,13,2,1,421,171,53,89,75,33,243,26,202,15,147,24,121,2,113,50,63
"E01011584",2011,"Leeds 003D","Total",1021,120,42,78,82,46,30,4,1,1,362,138,52,73,70,29,188,34,142,12,144,40,103,1,125,64,61
"E01011585",2011,"Leeds 062A","Total",1151,135,73,62,222,113,83,20,3,3,377,202,35,64,66,10,188,45,132,11,109,48,56,5,120,58,62
"E01011586",2011,"Leeds 066A","Total",1197,144,55,89,186,85,76,18,6,1,378,154,67,67,66,24,193,21,158,14,144,21,114,9,152,68,84
"E01011587",2011,"Leeds 062B","Total",1394,180,104,76,314,216,84,11,1,2,515,288,93,59,40,35,187,45,126,16,112,24,81,7,86,38,48
"E01011588",2011,"Leeds 039A","Total",1323,149,66,83,278,164,104,4,5,1,507,202,121,87,61,36,183,35,134,14,116,25,89,2,90,37,53
"E01011589",2011,"Leeds 039B","Total",1241,97,46,51,310,224,81,4,0,1,454,204,95,82,50,23,148,19,118,11,120,27,90,3,112,62,50
"E01011590",2011,"Leeds 039C","Total",1237,102,42,60,158,96,56,5,1,0,442,185,92,78,68,19,244,24,207,13,173,18,149,6,118,43,75
"E01011591",2011,"Leeds 052D","Total",1409,131,91,40,446,347,84,7,6,2,453,279,61,56,35,22,181,41,132,8,106,26,76,4,92,31,61
"E01011592",2011,"Leeds 039D","Total",1223,112,86,26,261,185,67,9,0,0,383,238,45,40,40,20,198,58,135,5,145,44,99,2,124,67,57
"E01011593",2011,"Leeds 039E","Total",1476,162,72,90,281,181,85,13,1,1,536,272,80,72,63,49,222,31,179,12,159,28,127,4,116,42,74
"E01011594",2011,"Leeds 062C","Total",1140,172,71,101,191,86,87,13,4,1,401,174,56,79,60,32,167,36,118,13,112,48,62,2,97,58,39
"E01011595",2011,"Leeds 066B","Total",1433,193,85,108,220,99,90,22,6,3,474,191,93,95,67,28,230,16,177,37,138,19,106,13,178,64,114
"E01011596",2011,"Leeds 062D","Total",1382,150,74,76,281,198,66,13,3,1,528,273,75,83,73,24,214,41,164,9,133,29,102,2,76,42,34
"E01011597",2011,"Leeds 066C","Total",1149,179,77,102,225,102,87,25,5,6,426,186,76,71,57,36,133,21,96,16,100,26,61,13,86,41,45
"E01011598",2011,"Leeds 062E","Total",1284,133,72,61,333,247,73,7,6,0,467,253,73,55,61,25,156,42,104,10,98,21,77,0,97,46,51
"E01011599",2011,"Leeds 066D","Total",1236,145,76,69,240,132,85,17,5,1,428,187,64,86,63,28,163,35,113,15,123,32,78,13,137,70,67
"E01011600",2011,"Leeds 079A","Total",1249,138,68,70,204,134,58,11,1,0,457,214,57,68,84,34,214,35,164,15,123,34,87,2,113,54,59
"E01011601",2011,"Leeds 079B","Total",1160,153,67,86,228,114,81,25,7,1,461,210,69,77,76,29,140,25,104,11,101,29,70,2,77,30,47
"E01011602",2011,"Leeds 076A","Total",1251,110,66,44,208,136,59,13,0,0,401,209,62,57,56,17,167,34,123,10,176,51,123,2,189,117,72
"E01011603",2011,"Leeds 076B","Total",1223,137,67,70,178,115,57,2,4,0,470,239,58,73,73,27,167,35,125,7,134,28,105,1,137,64,73
"E01011604",2011,"Leeds 079C","Total",1067,103,54,49,218,149,61,6,1,1,416,182,70,85,62,17,146,25,117,4,98,29,65,4,86,48,38
"E01011605",2011,"Leeds 076C","Total",1226,125,70,55,132,78,40,10,1,3,452,211,55,92,63,31,211,20,175,16,172,34,136,2,134,63,71
"E01011606",2011,"Leeds 076D","Total",1280,170,68,102,172,61,73,32,5,1,479,200,66,86,110,17,168,17,136,15,151,26,117,8,140,47,93
"E01011607",2011,"Leeds 079D","Total",1246,149,83,66,253,113,116,18,5,1,473,228,78,66,65,36,179,25,140,14,130,30,95,5,62,29,33
"E01011608",2011,"Leeds 068A","Total",1101,160,78,82,209,98,76,27,8,0,344,190,36,52,46,20,173,37,121,15,123,30,90,3,92,47,45
"E01011609",2011,"Leeds 068B","Total",1145,135,63,72,155,70,62,20,3,0,473,263,56,75,58,21,184,50,120,14,109,27,78,4,89,50,39
"E01011610",2011,"Leeds 068C","Total",1164,149,70,79,184,143,32,4,3,2,440,203,59,68,76,34,168,29,128,11,120,34,79,7,103,42,61
"E01011611",2011,"Leeds 068D","Total",1067,163,75,88,152,71,54,15,12,0,378,197,21,67,70,23,154,33,110,11,98,23,74,1,122,60,62
"E01011612",2011,"Leeds 079E","Total",1070,88,50,38,173,114,47,9,2,1,286,176,48,17,39,6,148,46,91,11,166,70,95,1,209,129,80
"E01011613",2011,"Leeds 076E","Total",1004,146,58,88,194,103,73,12,4,2,363,171,49,54,62,27,140,28,102,10,71,16,54,1,90,41,49
"E01011614",2011,"Leeds 068E","Total",1496,178,104,74,280,206,63,7,4,0,545,277,76,91,63,38,219,21,182,16,168,31,137,0,106,47,59
"E01011615",2011,"Leeds 070A","Total",1199,181,80,101,197,87,77,29,3,1,427,225,53,51,62,36,192,29,148,15,94,24,69,1,108,44,64
"E01011616",2011,"Leeds 072A","Total",1149,182,69,113,169,77,52,31,8,1,366,195,47,42,54,28,172,48,114,10,138,34,101,3,122,63,59
"E01011617",2011,"Leeds 070B","Total",1213,191,74,117,224,71,93,51,9,0,437,234,53,55,73,22,164,36,122,6,103,33,66,4,94,38,56
"E01011618",2011,"Leeds 070C","Total",1218,214,100,114,308,159,98,42,9,0,404,236,61,41,47,19,139,39,94,6,79,29,47,3,74,39,35
"E01011620",2011,"Leeds 072B","Total",937,176,59,117,156,40,70,34,9,3,330,140,61,50,58,21,123,11,99,13,87,19,60,8,65,26,39
"E01011621",2011,"Leeds 070D","Total",1101,181,65,116,199,94,72,27,5,1,404,192,68,51,75,18,146,33,97,16,95,27,67,1,76,34,42
"E01011622",2011,"Leeds 072C","Total",1183,257,78,179,197,61,93,31,10,2,467,231,72,58,76,30,141,37,83,21,74,30,36,8,47,19,28
"E01011623",2011,"Leeds 075B","Total",1124,219,94,125,263,138,91,30,3,1,402,245,49,41,45,22,118,31,72,15,74,29,44,1,48,26,22
"E01011624",2011,"Leeds 072D","Total",1272,243,80,163,264,68,113,52,28,3,416,177,68,60,77,34,153,43,93,17,107,54,50,3,89,55,34
"E01011625",2011,"Leeds 075C","Total",1143,176,71,105,294,157,94,30,12,1,397,232,67,43,31,24,147,48,87,12,68,22,45,1,61,25,36
"E01011626",2011,"Leeds 075D","Total",1465,329,229,100,380,276,78,17,8,1,405,274,42,34,43,12,173,58,101,14,88,43,45,0,90,62,28
"E01011627",2011,"Leeds 098A","Total",1116,132,48,84,152,85,48,15,4,0,378,161,62,68,61,26,186,24,150,12,146,45,98,3,122,55,67
"E01011628",2011,"Leeds 098B","Total",1124,109,48,61,116,85,25,5,1,0,370,177,58,54,46,35,173,17,152,4,193,45,146,2,163,64,99
"E01011629",2011,"Leeds 098C","Total",1078,125,72,53,166,97,50,15,4,0,377,217,37,45,53,25,167,36,126,5,129,36,91,2,114,58,56
"E01011630",2011,"Leeds 100B","Total",1663,185,96,89,392,240,125,26,0,1,647,308,129,72,98,40,206,27,172,7,149,33,111,5,84,34,50
"E01011632",2011,"Leeds 098D","Total",1040,155,68,87,197,87,81,24,5,0,340,181,39,48,59,13,118,31,80,7,93,27,65,1,137,78,59
"E01011633",2011,"Leeds 098E","Total",1194,125,66,59,151,92,46,10,2,1,449,224,62,83,57,23,208,28,173,7,161,32,125,4,100,52,48
"E01011634",2011,"Leeds 100C","Total",1218,144,55,89,180,105,54,14,6,1,402,190,66,63,61,22,182,43,136,3,175,35,131,9,135,56,79
"E01011635",2011,"Leeds 097B","Total",1287,135,67,68,186,127,49,5,5,0,472,215,74,85,70,28,177,31,138,8,179,37,139,3,138,60,78
"E01011636",2011,"Leeds 100D","Total",1354,139,47,92,124,82,34,7,0,1,462,205,71,83,68,35,242,37,191,14,194,40,151,3,193,71,122
"E01011637",2011,"Leeds 097C","Total",1400,170,74,96,261,143,97,14,6,1,568,253,111,89,72,43,200,28,161,11,127,22,103,2,74,28,46
"E01011638",2011,"Leeds 097D","Total",1182,124,59,65,147,73,63,7,3,1,432,175,56,112,67,22,179,34,138,7,169,31,132,6,131,51,80
"E01011639",2011,"Leeds 100E","Total",1200,157,74,83,204,101,61,34,8,0,392,174,60,65,57,36,176,27,141,8,137,27,109,1,134,69,65
"E01011641",2011,"Leeds 032B","Total",1189,121,54,67,147,101,36,3,4,3,489,168,113,85,91,32,226,31,179,16,98,30,64,4,108,38,70
"E01011642",2011,"Leeds 032C","Total",1014,149,49,100,174,107,46,14,2,5,393,138,76,83,55,41,138,27,90,21,84,20,52,12,76,28,48
"E01011643",2011,"Leeds 037A","Total",1088,90,37,53,179,129,37,9,2,2,323,133,59,51,61,19,203,33,154,16,134,31,96,7,159,78,81
"E01011644",2011,"Leeds 037B","Total",973,104,50,54,143,96,39,3,4,1,341,153,66,53,52,17,140,30,99,11,106,19,81,6,139,59,80
"E01011645",2011,"Leeds 032D","Total",1140,156,79,77,249,188,50,8,3,0,415,161,96,91,54,13,148,31,95,22,71,21,42,8,101,52,49
"E01011646",2011,"Leeds 037C","Total",1269,161,71,90,223,142,58,17,5,1,496,194,91,116,71,24,168,30,122,16,116,32,79,5,105,43,62
"E01011647",2011,"Leeds 037D","Total",1241,240,65,175,310,128,140,24,10,8,387,113,94,86,62,32,134,11,89,34,89,10,49,30,81,30,51
"E01011648",2011,"Leeds 037E","Total",1291,201,47,154,256,114,110,26,3,3,461,158,97,93,91,22,139,12,108,19,124,18,97,9,110,40,70
"E01011649",2011,"Leeds 022B","Total",1228,109,32,77,127,78,46,2,1,0,413,161,83,76,47,46,239,32,191,16,179,34,142,3,161,56,105
"E01011650",2011,"Leeds 020A","Total",1162,101,38,63,203,146,49,7,0,1,396,156,82,65,69,24,226,36,165,25,125,24,92,9,111,44,67
"E01011651",2011,"Leeds 020B","Total",1140,124,71,53,255,172,65,13,3,2,425,193,93,65,62,12,168,38,111,19,87,25,59,3,81,37,44
"E01011652",2011,"Leeds 024C","Total",1047,146,64,82,180,128,46,5,0,1,421,169,90,62,71,29,165,21,128,16,80,19,57,4,55,21,34
"E01011653",2011,"Leeds 020C","Total",1117,149,95,54,286,234,44,5,3,0,375,192,68,55,47,13,124,27,88,9,76,24,49,3,107,72,35
"E01011654",2011,"Leeds 024D","Total",1093,120,33,87,137,66,66,4,1,0,466,140,112,108,66,40,181,14,144,23,103,19,77,7,86,33,53
"E01011655",2011,"Leeds 020D","Total",1155,92,39,53,194,155,34,3,1,1,373,181,63,58,49,22,177,31,135,11,130,46,78,6,189,100,89
"E01011656",2011,"Leeds 035A","Total",1088,192,91,101,235,91,97,37,7,3,404,199,40,54,73,38,126,22,88,16,64,19,41,4,67,37,30
"E01011657",2011,"Leeds 035B","Total",1036,172,80,92,202,91,78,23,8,2,359,210,30,48,38,33,153,47,99,7,73,24,48,1,77,45,32
"E01011658",2011,"Leeds 040C","Total",1004,154,59,95,162,59,63,32,6,2,295,155,32,49,42,17,137,45,73,19,142,60,77,5,114,75,39
"E01011659",2011,"Leeds 035C","Total",1106,173,90,83,155,76,51,20,7,1,401,240,35,51,62,13,177,51,111,15,98,38,57,3,102,50,52
"E01011660",2011,"Leeds 040D","Total",1013,154,68,86,157,52,54,40,11,0,359,199,44,51,47,18,133,36,83,14,100,34,60,6,110,60,50
"E01011661",2011,"Leeds 035D","Total",1310,157,73,84,155,68,51,26,9,1,415,268,30,33,55,29,209,96,104,9,144,72,69,3,230,136,94
"E01011662",2011,"Leeds 040E","Total",850,157,45,112,172,77,64,20,9,2,347,184,43,59,42,19,98,38,49,11,49,23,23,3,27,10,17
"E01011663",2011,"Leeds 050A","Total",814,179,44,135,207,72,85,38,11,1,292,101,60,66,51,14,68,16,35,17,36,10,21,5,32,16,16
"E01011664",2011,"Leeds 050B","Total",866,144,59,85,124,38,64,18,1,3,288,148,27,50,40,23,109,26,71,12,106,38,59,9,95,45,50
"E01011665",2011,"Leeds 050C","Total",1130,174,66,108,160,89,51,18,2,0,434,237,56,47,63,31,166,41,112,13,114,33,80,1,82,35,47
"E01011666",2011,"Leeds 061D","Total",1218,165,66,99,158,72,60,19,3,4,463,212,62,76,64,49,198,16,172,10,120,25,92,3,114,52,62
"E01011667",2011,"Leeds 050D","Total",926,224,64,160,206,38,111,41,14,2,329,116,65,60,62,26,73,16,46,11,45,13,25,7,49,33,16
"E01011668",2011,"Leeds 110E","Total",1521,1034,995,39,269,234,27,8,0,0,139,91,16,17,6,9,48,19,25,4,19,7,11,1,12,7,5
"E01011669",2011,"Leeds 110F","Total",1130,620,580,40,267,211,48,7,1,0,180,114,31,20,11,4,34,7,21,6,16,7,9,0,13,8,5
"E01011670",2011,"Leeds 055A","Total",1605,538,451,87,363,223,97,30,10,3,339,195,48,36,39,21,146,64,75,7,129,58,66,5,90,42,48
"E01011671",2011,"Leeds 055B","Total",1156,296,175,121,251,133,80,19,16,3,380,196,64,44,52,24,91,34,44,13,80,25,50,5,58,23,35
"E01011673",2011,"Leeds 064B","Total",1273,232,128,104,419,212,154,36,16,1,443,256,90,35,49,13,91,45,35,11,48,33,11,4,40,32,8
"E01011677",2011,"Leeds 064D","Total",1222,174,93,81,255,126,104,24,1,0,466,313,57,37,39,20,131,60,63,8,102,43,56,3,94,53,41
"E01011678",2011,"Leeds 063B","Total",1305,659,635,24,326,286,29,5,5,1,175,137,12,16,9,1,46,25,17,4,50,25,23,2,49,33,16
"E01011681",2011,"Leeds 063D","Total",1325,553,468,85,349,273,58,15,2,1,272,175,34,28,21,14,76,24,40,12,46,18,25,3,29,8,21
"E01011684",2011,"Leeds 019C","Total",1259,178,92,86,152,87,55,5,4,1,458,216,73,59,73,37,225,29,169,27,108,23,81,4,138,62,76
"E01011685",2011,"Leeds 109A","Total",1487,295,228,67,415,357,40,10,5,3,401,176,84,68,54,19,179,38,126,15,88,22,65,1,109,47,62
"E01011686",2011,"Leeds 033E","Total",1282,160,69,91,223,107,82,26,8,0,415,258,38,46,48,25,183,68,104,11,105,43,55,7,196,105,91
"E01011687",2011,"Leeds 109B","Total",1204,172,83,89,196,137,50,6,2,1,398,164,75,68,59,32,224,17,183,24,104,14,80,10,110,48,62
"E01011688",2011,"Leeds 031B","Total",1186,165,71,94,315,197,95,20,1,2,434,204,84,76,48,22,135,21,94,20,61,13,46,2,76,22,54
"E01011689",2011,"Leeds 031C","Total",1318,128,66,62,241,165,64,12,0,0,436,235,82,47,40,32,175,57,97,21,168,42,124,2,170,90,80
"E01011690",2011,"Leeds 109C","Total",1211,286,247,39,244,221,20,1,2,0,269,135,46,41,35,12,161,34,117,10,94,17,73,4,157,107,50
"E01011691",2011,"Leeds 031D","Total",1195,271,182,89,263,166,70,16,11,0,355,176,58,50,54,17,107,36,63,8,90,26,60,4,109,58,51
"E01011692",2011,"Leeds 109D","Total",1205,233,180,53,304,261,34,7,2,0,352,177,54,47,47,27,163,33,117,13,73,22,49,2,80,40,40
"E01011693",2011,"Leeds 109E","Total",1398,427,381,46,476,432,34,7,3,0,290,212,24,20,23,11,96,48,43,5,53,21,32,0,56,26,30
"E01011694",2011,"Leeds 109F","Total",1582,698,628,70,337,276,50,3,3,5,275,101,71,48,35,20,125,11,90,24,56,7,45,4,91,52,39
"E01011695",2011,"Leeds 019D","Total",1173,181,68,113,224,112,73,32,3,4,431,223,44,70,65,29,126,52,64,10,91,35,50,6,120,61,59
"E01011696",2011,"Leeds 006B","Total",1240,108,45,63,76,47,25,2,2,0,383,127,56,90,76,34,243,28,197,18,201,43,150,8,229,83,146
"E01011697",2011,"Leeds 002A","Total",1034,93,49,44,96,57,26,13,0,0,405,177,81,77,49,21,195,24,161,10,147,36,108,3,98,42,56
"E01011698",2011,"Leeds 001A","Total",1237,141,67,74,113,69,31,10,1,2,436,180,76,80,66,34,248,38,197,13,190,29,158,3,109,45,64
"E01011699",2011,"Leeds 001B","Total",1127,105,57,48,127,81,39,6,0,1,382,180,55,70,48,29,209,24,176,9,195,33,160,2,109,38,71
"E01011700",2011,"Leeds 002B","Total",947,99,47,52,106,67,34,3,2,0,287,128,35,56,50,18,167,25,136,6,154,24,129,1,134,65,69
"E01011701",2011,"Leeds 001C","Total",1042,122,45,77,83,44,32,5,1,1,398,158,60,81,64,35,188,24,149,15,125,22,102,1,126,51,75
"E01011702",2011,"Leeds 001D","Total",988,95,35,60,55,40,11,3,0,1,341,118,61,66,55,41,197,12,168,17,167,14,150,3,133,44,89
"E01011703",2011,"Leeds 001E","Total",1110,88,30,58,66,40,21,1,2,2,310,117,41,54,72,26,252,25,211,16,238,28,206,4,156,53,103
"E01011704",2011,"Leeds 002C","Total",1534,115,68,47,208,149,46,12,0,1,453,274,70,51,45,13,210,55,145,10,240,99,140,1,308,182,126
"E01011705",2011,"Leeds 002D","Total",1101,105,40,65,145,64,52,21,8,0,370,176,46,56,70,22,159,27,122,10,165,52,110,3,157,92,65
"E01011706",2011,"Leeds 006C","Total",1205,108,44,64,102,66,29,6,1,0,443,138,87,106,84,28,224,26,176,22,177,18,155,4,151,57,94
"E01011707",2011,"Leeds 005A","Total",1129,93,35,58,97,57,29,10,0,1,362,148,70,74,46,24,200,29,156,15,209,51,153,5,168,85,83
"E01011708",2011,"Leeds 006D","Total",1215,135,42,93,102,62,28,10,1,1,444,163,56,85,95,45,246,35,191,20,178,27,148,3,110,45,65
"E01011709",2011,"Leeds 005B","Total",1255,110,41,69,92,47,36,8,1,0,431,139,101,95,66,30,217,32,173,12,235,34,193,8,170,76,94
"E01011710",2011,"Leeds 005C","Total",1151,89,44,45,151,87,61,3,0,0,461,220,85,72,63,21,201,31,158,12,128,39,87,2,121,60,61
"E01011711",2011,"Leeds 005D","Total",1166,89,38,51,110,66,37,5,2,0,384,179,77,66,47,15,203,32,158,13,204,50,153,1,176,86,90
"E01011712",2011,"Leeds 005E","Total",1141,118,59,59,128,86,25,10,5,2,413,212,59,75,45,22,241,22,197,22,136,23,108,5,105,45,60
"E01011713",2011,"Leeds 006E","Total",1464,144,54,90,158,86,60,8,3,1,554,194,122,109,92,37,269,22,226,21,211,29,180,2,128,37,91
"E01011714",2011,"Leeds 029A","Total",1210,149,72,77,154,88,46,14,4,2,416,185,53,63,88,27,228,27,184,17,141,29,110,2,122,52,70
"E01011715",2011,"Leeds 022C","Total",1054,136,52,84,100,58,34,6,1,1,376,150,53,71,63,39,194,23,162,9,140,26,112,2,108,39,69
"E01011716",2011,"Leeds 029B","Total",1259,161,54,107,163,92,53,14,1,3,386,171,58,62,56,39,213,21,174,18,186,30,144,12,150,43,107
"E01011717",2011,"Leeds 029C","Total",1194,139,63,76,200,95,76,25,4,0,368,175,51,50,66,26,224,34,175,15,150,45,100,5,113,64,49
"E01011718",2011,"Leeds 029D","Total",1084,148,58,90,215,91,85,25,10,4,359,176,53,41,54,35,191,46,132,13,97,28,65,4,74,38,36
"E01011719",2011,"Leeds 022D","Total",1213,109,54,55,109,70,34,4,0,1,389,179,51,74,57,28,203,18,173,12,195,24,168,3,208,79,129
"E01011720",2011,"Leeds 029E","Total",1218,155,66,89,184,82,75,22,4,1,395,239,34,42,57,23,193,43,131,19,159,56,100,3,132,74,58
"E01011721",2011,"Leeds 041A","Total",1127,142,51,91,219,66,107,28,14,4,368,173,56,39,72,28,177,34,132,11,146,41,100,5,75,37,38
"E01011722",2011,"Leeds 041B","Total",1459,261,103,158,335,171,125,37,2,0,474,240,55,64,77,38,171,48,112,11,96,43,48,5,122,65,57
"E01011723",2011,"Leeds 041C","Total",1068,175,56,119,190,69,81,31,9,0,300,142,34,44,63,17,146,35,97,14,136,53,82,1,121,80,41
"E01011724",2011,"Leeds 041D","Total",1421,250,114,136,285,120,121,39,5,0,464,272,50,59,55,28,175,55,111,9,109,45,61,3,138,65,73
"E01011725",2011,"Leeds 078A","Total",1144,197,69,128,248,92,116,29,11,0,432,224,43,58,64,43,104,40,47,17,78,25,50,3,85,54,31
"E01011726",2011,"Leeds 080A","Total",1126,190,94,96,230,94,92,37,6,1,398,223,47,54,46,28,124,33,78,13,87,24,61,2,97,38,59
"E01011727",2011,"Leeds 080B","Total",1266,144,73,71,224,124,82,12,6,0,491,248,65,90,65,23,183,33,143,7,116,22,89,5,108,33,75
"E01011728",2011,"Leeds 080C","Total",1180,132,46,86,127,68,46,13,0,0,389,187,60,52,62,28,195,28,153,14,175,30,139,6,162,70,92
"E01011729",2011,"Leeds 078B","Total",1228,223,129,94,325,221,79,12,13,0,398,251,37,51,43,16,119,37,63,19,76,31,43,2,87,47,40
"E01011730",2011,"Leeds 078C","Total",1148,188,68,120,295,124,126,33,8,4,418,223,55,49,64,27,120,23,85,12,76,23,51,2,51,28,23
"E01011731",2011,"Leeds 081B","Total",1181,145,75,70,152,88,53,7,2,2,419,199,60,69,58,33,219,28,185,6,144,38,99,7,102,50,52
"E01011732",2011,"Leeds 081C","Total",1477,197,111,86,270,159,93,11,7,0,535,261,70,78,95,31,212,41,160,11,130,31,96,3,133,62,71
"E01011733",2011,"Leeds 081D","Total",1250,147,72,75,175,115,41,13,6,0,449,246,32,81,60,30,195,35,156,4,129,43,84,2,155,70,85
"E01011734",2011,"Leeds 083A","Total",1865,248,137,111,511,328,144,28,11,0,655,330,101,111,80,33,176,28,132,16,147,34,109,4,128,47,81
"E01011735",2011,"Leeds 078D","Total",1279,212,81,131,230,98,100,20,10,2,432,225,47,61,68,31,170,52,107,11,125,43,81,1,110,66,44
"E01011736",2011,"Leeds 083B","Total",1241,155,69,86,200,140,43,12,4,1,441,203,54,76,81,27,184,32,141,11,146,29,115,2,115,37,78
"E01011737",2011,"Leeds 083C","Total",1247,185,83,102,300,175,88,33,4,0,394,244,36,35,54,25,163,49,102,12,114,40,70,4,91,55,36
"E01011738",2011,"Leeds 083D","Total",1178,138,60,78,152,91,47,7,4,3,450,194,68,70,78,40,221,44,162,15,126,27,95,4,91,45,46
"E01011739",2011,"Leeds 080D","Total",1230,198,92,106,175,93,62,14,4,2,460,279,38,47,66,30,173,58,104,11,121,28,88,5,103,38,65
"E01032487",2011,"Leeds 097F","Total",816,95,33,62,111,50,44,12,2,3,252,122,25,36,45,24,125,18,102,5,117,38,72,7,116,59,57
"E01032488",2011,"Leeds 097G","Total",1467,145,60,85,139,76,51,11,0,1,602,249,120,110,86,37,232,24,200,8,213,37,173,3,136,54,82
"E01032489",2011,"Leeds 102F","Total",1599,229,129,100,456,346,84,22,2,2,564,322,76,65,77,24,168,32,124,12,93,21,70,2,89,52,37
"E01032490",2011,"Leeds 102G","Total",1072,109,49,60,257,163,67,22,4,1,488,219,91,88,74,16,125,22,98,5,69,16,51,2,24,7,17
"E01032491",2011,"Leeds 102H","Total",956,115,54,61,155,98,49,7,1,0,456,208,58,95,71,24,145,16,121,8,60,11,47,2,25,9,16
"E01032492",2011,"Leeds 102I","Total",1594,259,140,119,416,274,107,25,8,2,538,339,53,65,59,22,173,52,96,25,123,43,78,2,85,46,39
"E01032493",2011,"Leeds 033F","Total",1133,143,91,52,264,199,52,12,0,1,376,193,48,63,42,30,145,34,96,15,108,21,87,0,97,47,50
"E01032494",2011,"Leeds 033G","Total",1343,241,102,139,314,189,82,31,11,1,456,232,62,65,64,33,154,44,95,15,75,21,49,5,103,51,52
"E01032495",2011,"Leeds 105E","Total",1759,275,127,148,527,268,192,56,11,0,694,295,128,142,87,42,155,29,106,20,71,24,46,1,37,20,17
"E01032496",2011,"Leeds 105F","Total",1618,190,100,90,306,176,105,21,4,0,710,337,119,123,89,42,200,39,154,7,122,30,92,0,90,44,46
"E01032497",2011,"Leeds 099E","Total",1077,178,76,102,279,122,108,41,8,0,358,206,44,45,52,11,123,28,81,14,85,25,57,3,54,35,19
"E01032498",2011,"Leeds 099F","Total",1303,155,74,81,120,62,41,11,4,2,439,244,34,58,74,29,192,24,155,13,202,33,162,7,195,79,116
"E01032499",2011,"Leeds 067G","Total",1438,206,104,102,225,141,63,14,5,2,554,279,63,90,86,36,182,13,156,13,138,26,103,9,133,50,83
"E01032500",2011,"Leeds 067H","Total",959,170,99,71,328,243,64,14,4,3,274,185,23,28,27,11,75,29,43,3,52,20,29,3,60,35,25
"E01032501",2011,"Leeds 017E","Total",948,85,39,46,127,80,41,2,4,0,333,143,67,57,40,26,173,25,143,5,135,22,110,3,95,40,55
"E01032502",2011,"Leeds 017F","Total",1410,236,115,121,307,174,84,37,9,3,490,245,82,69,63,31,170,53,103,14,97,29,64,4,110,48,62
"E01032503",2011,"Leeds 007E","Total",1172,118,45,73,74,49,19,4,2,0,463,174,77,93,90,29,238,31,183,24,150,26,119,5,129,47,82
"E01032504",2011,"Leeds 007F","Total",1293,100,31,69,91,50,32,7,0,2,446,146,83,108,90,19,216,18,178,20,225,51,169,5,215,85,130
"E01032606",2011,"Leeds 067I","Total",1620,269,136,133,327,199,90,26,10,2,576,308,57,77,106,28,204,43,149,12,116,31,84,1,128,56,72
"E01032607",2011,"Leeds 067J","Total",883,129,85,44,242,172,55,8,7,0,280,182,31,27,30,10,91,28,55,8,71,30,40,1,70,54,16
"E01032608",2011,"Leeds 067K","Total",941,153,84,69,262,201,41,13,4,3,336,174,51,47,39,25,87,16,61,10,49,17,28,4,54,23,31
"E01032876",2011,"Leeds 109G","Total",1142,285,233,52,165,121,32,10,1,1,325,146,55,57,44,23,160,19,127,14,107,16,83,8,100,23,77
"E01032945",2011,"Leeds 044F","Total",3079,2433,2386,47,277,257,11,4,5,0,197,117,29,15,23,13,79,19,50,10,48,14,31,3,45,20,25
"E01032946",2011,"Leeds 110G","Total",1767,943,919,24,352,319,24,8,1,0,183,110,26,26,13,8,80,21,51,8,69,31,31,7,140,97,43
"E01033002",2011,"Leeds 055F","Total",1138,276,241,35,434,317,108,7,2,0,214,161,29,11,10,3,76,44,27,5,69,48,21,0,69,54,15
"E01033003",2011,"Leeds 055G","Total",1529,340,295,45,694,505,167,19,3,0,381,299,54,14,10,4,56,38,14,4,35,20,11,4,23,15,8
"E01033005",2011,"Leeds 055H","Total",1753,823,737,86,395,316,61,11,5,2,337,204,52,34,24,23,113,51,56,6,44,23,19,2,41,27,14
"E01033006",2011,"Leeds 063E","Total",2074,1169,1125,44,568,500,54,12,2,0,233,171,38,15,9,0,56,27,25,4,22,10,11,1,26,9,17
"E01033008",2011,"Leeds 111A","Total",1057,357,353,4,528,503,25,0,0,0,146,125,16,2,3,0,19,8,10,1,4,1,3,0,3,3,0
"E01033010",2011,"Leeds 111B","Total",1021,401,399,2,460,439,21,0,0,0,141,127,12,2,0,0,15,5,10,0,4,3,1,0,0,0,0
"E01033011",2011,"Leeds 111C","Total",1153,345,343,2,601,590,9,2,0,0,169,158,5,1,5,0,26,11,12,3,10,10,0,0,2,2,0
"E01033013",2011,"Leeds 082E","Total",1024,263,216,47,350,291,47,11,0,1,213,132,31,16,29,5,74,23,41,10,70,33,36,1,54,30,24
"E01033015",2011,"Leeds 111D","Total",1133,348,340,8,621,583,37,1,0,0,148,138,8,1,0,1,9,4,5,0,7,4,1,2,0,0,0
"E01033016",2011,"Leeds 111E","Total",994,207,202,5,553,526,27,0,0,0,186,175,7,0,2,2,35,16,18,1,11,4,7,0,2,1,1
"E01033018",2011,"Leeds 112D","Total",1104,314,307,7,648,608,39,1,0,0,129,126,1,1,1,0,10,8,1,1,2,0,2,0,1,1,0
"E01033019",2011,"Leeds 112E","Total",1181,305,301,4,671,644,23,3,1,0,192,174,14,1,1,2,8,5,2,1,2,1,1,0,3,2,1
"E01033021",2011,"Leeds 075E","Total",1023,177,115,62,221,159,44,15,2,1,301,191,28,41,22,19,118,53,50,15,97,49,47,1,109,75,34
"E01033031",2011,"Leeds 064E","Total",1140,263,233,30,437,371,51,12,3,0,223,157,36,12,14,4,95,52,37,6,60,24,35,1,62,35,27
"E01033032",2011,"Leeds 082F","Total",1187,269,249,20,604,537,63,4,0,0,196,155,15,13,11,2,58,25,28,5,37,19,18,0,23,18,5
"E01033033",2011,"Leeds 075F","Total",1139,312,305,7,492,466,24,1,0,1,159,127,10,7,10,5,86,36,49,1,42,14,28,0,48,29,19
"E01033034",2011,"Leeds 075G","Total",1004,297,290,7,538,519,18,1,0,0,134,121,8,3,0,2,24,11,13,0,5,4,1,0,6,6,0
"E01033035",2011,"Leeds 064F","Total",1071,190,110,80,429,270,135,21,2,1,344,199,65,34,27,19,59,27,27,5,22,10,11,1,27,19,8
