"lsoa11cd","date","lsoa11nm","Rural Urban","Household Composition: All categories: Household composition; measures: Value","Household Composition: One person household: Total; measures: Value","Household Composition: One person household: Aged 65 and over; measures: Value","Household Composition: One person household: Other; measures: Value","Household Composition: One family only: Total; measures: Value","Household Composition: One family only: All aged 65 and over; measures: Value","Household Composition: One family only: Married couple: Total; measures: Value","Household Composition: One family only: Married couple: No children; measures: Value","Household Composition: One family only: Married couple: One dependent child; measures: Value","Household Composition: One family only: Married couple: Two or more dependent children; measures: Value","Household Composition: One family only: Married couple: All children non-dependent; measures: Value","Household Composition: One family only: Same-sex civil partnership couple: Total; measures: Value","Household Composition: One family only: Same-sex civil partnership couple: No children; measures: Value","Household Composition: One family only: Same-sex civil partnership couple: One dependent child; measures: Value","Household Composition: One family only: Same-sex civil partnership couple: Two or more dependent children; measures: Value","Household Composition: One family only: Same-sex civil partnership couple: All children non-dependent; measures: Value","Household Composition: One family only: Cohabiting couple: Total; measures: Value","Household Composition: One family only: Cohabiting couple: No children; measures: Value","Household Composition: One family only: Cohabiting couple: One dependent child; measures: Value","Household Composition: One family only: Cohabiting couple: Two or more dependent children; measures: Value","Household Composition: One family only: Cohabiting couple: All children non-dependent; measures: Value","Household Composition: One family only: Lone parent: Total; measures: Value","Household Composition: One family only: Lone parent: One dependent child; measures: Value","Household Composition: One family only: Lone parent: Two or more dependent children; measures: Value","Household Composition: One family only: Lone parent: All children non-dependent; measures: Value","Household Composition: Other household types: Total; measures: Value","Household Composition: Other household types: With one dependent child; measures: Value","Household Composition: Other household types: With two or more dependent children; measures: Value","Household Composition: Other household types: All full-time students; measures: Value","Household Composition: Other household types: All aged 65 and over; measures: Value","Household Composition: Other household types: Other; measures: Value"
"E01011264",2011,"Leeds 011A","Total",1276,159,91,68,1034,128,617,172,113,175,157,2,2,0,0,0,127,54,28,39,6,160,42,50,68,83,16,34,0,6,27
"E01011265",2011,"Leeds 009A","Total",1554,303,168,135,1100,88,658,160,112,292,94,2,2,0,0,0,225,128,40,51,6,127,40,43,44,151,29,16,0,0,106
"E01011266",2011,"Leeds 008A","Total",2027,255,52,203,1692,136,1155,272,293,450,140,0,0,0,0,0,291,180,47,54,10,110,40,37,33,80,0,0,12,2,66
"E01011267",2011,"Leeds 009B","Total",1496,218,116,102,1195,126,633,148,116,247,122,2,2,0,0,0,221,78,32,104,7,213,40,97,76,83,24,19,0,7,33
"E01011268",2011,"Leeds 010A","Total",1394,214,76,138,1048,76,510,110,76,235,89,2,2,0,0,0,225,70,46,100,9,235,63,88,84,132,42,42,0,0,48
"E01011269",2011,"Leeds 011B","Total",1538,265,133,132,1197,156,654,176,117,232,129,0,0,0,0,0,210,106,63,34,7,177,49,79,49,76,23,13,2,6,32
"E01011270",2011,"Leeds 008B","Total",1616,118,66,52,1429,258,1038,274,174,448,142,0,0,0,0,0,77,24,22,31,0,56,15,23,18,69,14,27,0,0,28
"E01011271",2011,"Leeds 009C","Total",2158,234,103,131,1818,160,1259,266,307,504,182,8,8,0,0,0,212,92,54,59,7,179,60,65,54,106,23,33,2,3,45
"E01011272",2011,"Leeds 009D","Total",1521,81,39,42,1369,102,984,218,138,459,169,2,2,0,0,0,154,64,21,60,9,127,36,41,50,71,26,15,0,2,28
"E01011273",2011,"Leeds 010B","Total",1459,265,87,178,1096,92,620,174,114,236,96,0,0,0,0,0,248,134,65,37,12,136,45,55,36,98,12,30,0,6,50
"E01011274",2011,"Leeds 010C","Total",1431,274,128,146,1076,98,454,116,84,167,87,2,2,0,0,0,292,78,60,139,15,230,76,92,62,81,23,16,5,5,32
"E01011275",2011,"Leeds 010D","Total",1350,188,85,103,1060,122,611,172,109,201,129,0,0,0,0,0,159,84,26,40,9,168,36,100,32,102,28,41,5,5,23
"E01011276",2011,"Leeds 011C","Total",1384,182,66,116,1104,86,668,190,132,243,103,4,0,0,4,0,203,94,45,55,9,143,48,64,31,98,21,21,4,9,43
"E01011277",2011,"Leeds 014A","Total",1511,136,39,97,1299,54,873,194,201,339,139,0,0,0,0,0,200,80,33,83,4,172,40,84,48,76,21,19,0,0,36
"E01011278",2011,"Leeds 014B","Total",1631,204,91,113,1356,110,883,226,147,342,168,0,0,0,0,0,224,94,53,59,18,139,63,42,34,71,12,0,0,6,53
"E01011279",2011,"Leeds 008C","Total",1285,169,86,83,1057,124,678,164,162,239,113,0,0,0,0,0,142,70,38,28,6,113,31,52,30,59,29,0,0,0,30
"E01011280",2011,"Leeds 008D","Total",1757,151,59,92,1504,150,985,216,215,399,155,6,2,0,4,0,218,120,30,59,9,145,45,57,43,102,20,26,0,0,56
"E01011281",2011,"Leeds 059A","Total",1820,288,64,224,1233,50,615,198,116,221,80,0,0,0,0,0,279,140,49,80,10,289,93,153,43,299,33,47,3,5,211
"E01011282",2011,"Leeds 059B","Total",1378,209,72,137,1009,50,503,112,115,191,85,0,0,0,0,0,224,86,44,79,15,232,81,96,55,160,53,29,0,2,76
"E01011283",2011,"Leeds 059C","Total",1331,156,55,101,1030,60,467,86,124,184,73,0,0,0,0,0,198,48,45,99,6,305,79,166,60,145,27,62,0,0,56
"E01011284",2011,"Leeds 071A","Total",1742,376,50,326,981,30,348,110,81,119,38,5,2,0,0,3,310,174,75,51,10,288,134,110,44,385,39,63,14,4,265
"E01011286",2011,"Leeds 059D","Total",1244,157,50,107,940,74,555,148,102,180,125,4,4,0,0,0,195,76,54,59,6,112,37,43,32,147,51,17,0,5,74
"E01011287",2011,"Leeds 067B","Total",1320,198,75,123,1012,80,562,164,106,190,102,0,0,0,0,0,214,88,75,42,9,156,52,55,49,110,23,36,0,4,47
"E01011292",2011,"Leeds 071B","Total",1619,415,148,267,925,72,398,90,87,131,90,2,2,0,0,0,184,84,31,49,20,269,104,108,57,279,60,86,6,3,124
"E01011293",2011,"Leeds 071C","Total",1703,270,68,202,1108,50,534,112,97,276,49,2,2,0,0,0,242,108,60,56,18,280,81,134,65,325,54,117,0,7,147
"E01011294",2011,"Leeds 071D","Total",1013,181,55,126,698,32,274,62,59,110,43,0,0,0,0,0,164,52,41,62,9,228,82,101,45,134,24,44,0,7,59
"E01011295",2011,"Leeds 059E","Total",1526,245,39,206,1152,50,569,126,135,207,101,0,0,0,0,0,280,98,58,112,12,253,86,113,54,129,42,24,4,2,57
"E01011296",2011,"Leeds 030A","Total",1678,207,140,67,1404,250,868,296,161,260,151,0,0,0,0,0,153,70,15,65,3,133,18,68,47,67,8,8,0,14,37
"E01011297",2011,"Leeds 030B","Total",1585,149,71,78,1358,118,970,206,181,430,153,6,6,0,0,0,162,70,31,53,8,102,40,32,30,78,17,33,0,0,28
"E01011298",2011,"Leeds 088A","Total",1538,202,89,113,1243,82,613,172,104,217,120,4,4,0,0,0,302,106,74,101,21,242,79,104,59,93,27,13,0,2,51
"E01011299",2011,"Leeds 088B","Total",2238,236,87,149,1818,158,1006,264,194,396,152,4,4,0,0,0,437,188,112,131,6,213,75,101,37,184,41,59,0,2,82
"E01011300",2011,"Leeds 089A","Total",1469,165,83,82,1218,100,692,150,133,300,109,0,0,0,0,0,204,48,52,96,8,222,87,88,47,86,24,15,0,4,43
"E01011301",2011,"Leeds 089B","Total",1336,96,45,51,1184,132,809,232,130,292,155,0,0,0,0,0,115,56,22,31,6,128,28,48,52,56,15,11,0,5,25
"E01011302",2011,"Leeds 088C","Total",1371,142,81,61,1158,194,782,298,103,157,224,0,0,0,0,0,97,44,15,35,3,85,22,16,47,71,20,8,0,5,38
"E01011303",2011,"Leeds 088D","Total",1145,120,69,51,979,110,589,164,112,198,115,0,0,0,0,0,146,26,55,53,12,134,40,55,39,46,10,7,2,2,25
"E01011304",2011,"Leeds 089C","Total",1591,246,131,115,1204,76,682,170,111,274,127,2,2,0,0,0,230,62,58,98,12,214,52,100,62,141,32,54,0,9,46
"E01011305",2011,"Leeds 089D","Total",1496,158,52,106,1248,84,839,226,211,255,147,0,0,0,0,0,195,86,52,57,0,130,45,47,38,90,26,24,0,4,36
"E01011306",2011,"Leeds 089E","Total",1342,101,49,52,1151,114,771,216,147,276,132,0,0,0,0,0,139,60,45,28,6,127,29,43,55,90,13,39,0,2,36
"E01011307",2011,"Leeds 103A","Total",1492,148,63,85,1268,102,683,180,104,252,147,4,4,0,0,0,241,64,60,111,6,238,62,96,80,76,20,15,0,0,41
"E01011308",2011,"Leeds 103B","Total",1518,181,107,74,1273,170,737,178,153,251,155,2,2,0,0,0,196,54,52,80,10,168,46,89,33,64,28,12,0,2,22
"E01011309",2011,"Leeds 030C","Total",1507,171,81,90,1249,166,778,234,127,275,142,2,2,0,0,0,156,62,34,47,13,147,31,73,43,87,20,28,0,7,32
"E01011310",2011,"Leeds 030D","Total",1623,230,116,114,1245,172,815,200,143,354,118,0,0,0,0,0,177,98,24,39,16,81,25,31,25,148,19,50,14,4,61
"E01011311",2011,"Leeds 022A","Total",1217,68,40,28,1038,130,734,170,160,274,130,0,0,0,0,0,90,32,32,26,0,84,8,35,41,111,26,35,0,0,50
"E01011312",2011,"Leeds 086A","Total",1598,311,39,272,943,8,562,46,71,404,41,2,2,0,0,0,118,44,33,32,9,253,111,84,58,344,52,165,4,4,119
"E01011313",2011,"Leeds 091A","Total",1595,202,60,142,1132,46,586,102,106,267,111,0,0,0,0,0,232,78,53,88,13,268,67,138,63,261,59,64,2,6,130
"E01011314",2011,"Leeds 091B","Total",1472,247,81,166,995,60,506,136,101,215,54,2,2,0,0,0,236,108,51,73,4,191,78,75,38,230,54,39,5,0,132
"E01011315",2011,"Leeds 090A","Total",1552,196,79,117,1116,100,576,146,86,228,116,2,2,0,0,0,251,62,46,131,12,187,59,66,62,240,83,43,0,4,110
"E01011316",2011,"Leeds 086B","Total",1657,325,41,284,977,24,472,72,70,275,55,0,0,0,0,0,188,60,42,74,12,293,98,138,57,355,82,86,4,4,179
"E01011317",2011,"Leeds 090B","Total",1705,398,131,267,1185,64,481,142,117,166,56,0,0,0,0,0,314,88,80,143,3,326,108,148,70,122,22,62,3,2,33
"E01011318",2011,"Leeds 090C","Total",1470,218,51,167,1078,26,430,90,121,170,49,0,0,0,0,0,226,52,54,98,22,396,131,171,94,174,30,81,3,2,58
"E01011319",2011,"Leeds 091C","Total",1542,203,78,125,1098,92,687,136,118,299,134,2,2,0,0,0,148,36,45,57,10,169,42,74,53,241,58,99,3,0,81
"E01011320",2011,"Leeds 091D","Total",1674,184,75,109,1281,132,751,178,150,285,138,4,4,0,0,0,193,40,56,72,25,201,66,98,37,209,23,89,19,7,71
"E01011321",2011,"Leeds 090D","Total",1544,201,64,137,1187,50,566,96,107,258,105,0,0,0,0,0,234,36,67,112,19,337,121,151,65,156,39,24,14,4,75
"E01011322",2011,"Leeds 091E","Total",1539,205,97,108,1235,106,688,170,141,238,139,0,0,0,0,0,179,56,41,70,12,262,67,114,81,99,14,30,0,14,41
"E01011323",2011,"Leeds 051A","Total",1262,200,123,77,971,128,541,108,123,189,121,0,0,0,0,0,165,80,18,52,15,137,38,51,48,91,18,22,0,2,49
"E01011324",2011,"Leeds 046A","Total",1307,177,38,139,860,16,349,72,63,176,38,0,0,0,0,0,204,26,36,126,16,291,85,178,28,270,32,66,143,0,29
"E01011325",2011,"Leeds 046B","Total",1436,210,58,152,1095,58,578,172,117,199,90,4,4,0,0,0,268,124,62,62,20,187,70,79,38,131,29,27,3,4,68
"E01011326",2011,"Leeds 046C","Total",1354,155,69,86,1087,62,489,126,89,167,107,2,2,0,0,0,243,70,88,79,6,291,78,146,67,112,38,14,0,5,55
"E01011327",2011,"Leeds 052A","Total",1317,245,55,190,980,50,472,134,107,118,113,0,0,0,0,0,246,108,57,71,10,212,104,71,37,92,35,18,14,2,23
"E01011328",2011,"Leeds 052B","Total",1491,204,92,112,1172,74,589,144,136,172,137,9,0,9,0,0,234,88,43,103,0,266,96,106,64,115,26,21,2,4,62
"E01011329",2011,"Leeds 051B","Total",1486,180,72,108,1226,118,747,218,168,227,134,4,4,0,0,0,213,116,40,41,16,144,50,48,46,80,18,0,0,0,62
"E01011330",2011,"Leeds 051C","Total",1254,164,62,102,988,92,516,134,115,187,80,0,0,0,0,0,185,72,53,48,12,195,58,77,60,102,18,25,0,4,55
"E01011331",2011,"Leeds 058A","Total",1238,217,104,113,890,68,475,128,102,173,72,4,4,0,0,0,200,112,48,31,9,143,57,53,33,131,34,0,0,0,97
"E01011332",2011,"Leeds 046D","Total",1296,195,57,138,951,66,409,86,76,178,69,0,0,0,0,0,222,66,49,97,10,254,64,131,59,150,34,60,0,6,50
"E01011333",2011,"Leeds 051D","Total",1263,160,63,97,974,86,519,146,123,157,93,0,0,0,0,0,184,60,36,72,16,185,64,72,49,129,32,8,0,2,87
"E01011334",2011,"Leeds 058B","Total",1288,226,49,177,855,50,404,126,89,103,86,0,0,0,0,0,264,110,66,78,10,137,57,57,23,207,36,55,4,5,107
"E01011335",2011,"Leeds 052C","Total",1671,263,79,184,1259,80,641,188,164,181,108,2,2,0,0,0,289,170,69,47,3,247,100,94,53,149,38,27,2,4,78
"E01011336",2011,"Leeds 058C","Total",1525,379,184,195,1009,58,495,140,87,180,88,2,2,0,0,0,241,74,54,103,10,213,76,80,57,137,13,29,0,10,85
"E01011337",2011,"Leeds 058D","Total",1399,104,26,78,1099,14,405,56,116,176,57,0,0,0,0,0,305,24,41,219,21,375,92,228,55,196,58,93,0,0,45
"E01011338",2011,"Leeds 064A","Total",1626,352,77,275,1098,28,575,60,90,383,42,0,0,0,0,0,134,42,10,71,11,361,106,194,61,176,42,67,6,2,59
"E01011339",2011,"Leeds 060A","Total",1783,358,113,245,1245,106,583,108,123,273,79,0,0,0,0,0,223,54,49,101,19,333,91,161,81,180,75,35,0,4,66
"E01011340",2011,"Leeds 060B","Total",1616,217,103,114,1225,72,588,124,82,268,114,2,2,0,0,0,163,52,18,76,17,400,139,168,93,174,60,43,0,8,63
"E01011341",2011,"Leeds 061A","Total",1484,196,83,113,1186,100,575,118,90,249,118,2,2,0,0,0,243,66,55,106,16,266,97,96,73,102,37,9,0,2,54
"E01011342",2011,"Leeds 060C","Total",1410,176,54,122,1093,50,465,94,84,215,72,0,0,0,0,0,207,30,43,119,15,371,99,216,56,141,34,51,2,3,51
"E01011343",2011,"Leeds 061B","Total",1663,322,91,231,1177,72,577,176,114,164,123,2,2,0,0,0,296,144,77,66,9,230,79,84,67,164,45,40,0,0,79
"E01011344",2011,"Leeds 065A","Total",1764,346,68,278,1161,38,447,82,88,216,61,2,2,0,0,0,254,82,48,106,18,420,180,182,58,257,41,69,6,0,141
"E01011345",2011,"Leeds 061C","Total",1418,221,106,115,1001,64,424,110,88,148,78,0,0,0,0,0,183,42,40,84,17,330,101,142,87,196,39,79,3,0,75
"E01011346",2011,"Leeds 060D","Total",1791,331,128,203,1270,110,529,142,103,176,108,0,0,0,0,0,237,62,23,136,16,394,123,211,60,190,47,96,0,9,38
"E01011347",2011,"Leeds 065B","Total",1671,304,59,245,1182,42,457,78,86,229,64,0,0,0,0,0,225,66,50,92,17,458,196,202,60,185,28,37,12,2,106
"E01011348",2011,"Leeds 065C","Total",1619,207,48,159,1183,58,545,72,101,305,67,0,0,0,0,0,149,24,15,104,6,431,115,238,78,229,40,97,7,2,83
"E01011349",2011,"Leeds 065D","Total",1716,544,159,385,989,56,544,134,124,191,95,0,0,0,0,0,131,58,39,25,9,258,104,89,65,183,32,45,2,8,96
"E01011350",2011,"Leeds 034A","Total",1625,223,77,146,1185,92,754,170,150,311,123,9,2,3,4,0,209,124,46,36,3,121,36,38,47,217,68,40,0,8,101
"E01011351",2011,"Leeds 034B","Total",1684,350,103,247,1034,82,519,164,117,152,86,6,6,0,0,0,312,252,18,22,20,115,43,24,48,300,19,15,0,0,266
"E01011352",2011,"Leeds 034C","Total",1727,397,117,280,838,52,315,82,70,110,53,10,2,0,4,4,315,226,52,34,3,146,27,61,58,492,32,24,7,0,429
"E01011353",2011,"Leeds 034D","Total",1865,235,70,165,1396,64,806,208,140,320,138,4,4,0,0,0,361,214,55,92,0,161,61,50,50,234,26,26,0,3,179
"E01011354",2011,"Leeds 038A","Total",1397,228,40,188,977,42,370,58,77,168,67,0,0,0,0,0,157,52,36,51,18,408,140,190,78,192,47,66,2,0,77
"E01011355",2011,"Leeds 038B","Total",1378,174,77,97,971,42,415,104,72,146,93,0,0,0,0,0,201,56,36,97,12,313,93,160,60,233,53,73,5,0,102
"E01011356",2011,"Leeds 042A","Total",1910,385,71,314,1123,58,615,124,141,197,153,6,0,3,0,3,221,120,40,47,14,223,103,44,76,402,65,131,2,8,196
"E01011357",2011,"Leeds 038C","Total",1914,397,101,296,1205,38,464,70,83,245,66,5,2,3,0,0,200,50,64,73,13,498,196,224,78,312,63,121,3,0,125
"E01011358",2011,"Leeds 042B","Total",1453,304,126,178,927,50,367,88,79,148,52,0,0,0,0,0,159,38,39,72,10,351,98,149,104,222,40,63,5,2,112
"E01011359",2011,"Leeds 042C","Total",1682,311,51,260,976,24,484,102,95,225,62,6,6,0,0,0,170,90,30,50,0,292,94,111,87,395,61,126,21,0,187
"E01011360",2011,"Leeds 042D","Total",2071,241,71,170,1188,42,604,24,83,425,72,0,0,0,0,0,86,18,12,56,0,456,131,229,96,642,105,330,51,5,151
"E01011361",2011,"Leeds 042E","Total",2478,510,98,412,1493,30,649,82,78,403,86,0,0,0,0,0,157,56,42,59,0,657,207,285,165,475,84,189,39,8,155
"E01011362",2011,"Leeds 081A","Total",1811,493,105,388,1124,30,494,158,73,191,72,2,2,0,0,0,366,152,106,95,13,232,118,79,35,194,23,23,4,2,142
"E01011363",2011,"Leeds 071E","Total",1567,307,81,226,1058,52,417,90,62,203,62,2,2,0,0,0,180,38,61,65,16,407,144,172,91,202,46,62,0,5,89
"E01011364",2011,"Leeds 085A","Total",1631,345,69,276,1018,48,498,114,79,227,78,4,4,0,0,0,185,80,27,68,10,283,113,113,57,268,50,86,14,0,118
"E01011366",2011,"Leeds 082A","Total",1588,339,82,257,998,34,429,98,110,167,54,6,6,0,0,0,209,66,72,68,3,320,134,114,72,251,52,94,9,6,90
"E01011368",2011,"Leeds 082C","Total",1275,295,38,257,825,14,351,76,71,169,35,0,0,0,0,0,215,68,59,78,10,245,56,135,54,155,34,32,4,0,85
"E01011369",2011,"Leeds 090E","Total",1561,265,137,128,1134,130,498,152,92,132,122,0,0,0,0,0,258,86,69,100,3,248,88,90,70,162,40,64,0,0,58
"E01011370",2011,"Leeds 082D","Total",1646,294,43,251,987,32,549,88,140,210,111,2,2,0,0,0,248,112,57,70,9,156,54,65,37,365,48,189,0,0,128
"E01011371",2011,"Leeds 085B","Total",1421,384,183,201,875,80,396,72,73,163,88,0,0,0,0,0,145,56,24,50,15,254,62,117,75,162,16,59,0,6,81
"E01011372",2011,"Leeds 086C","Total",1380,220,33,187,796,12,482,32,59,351,40,0,0,0,0,0,97,36,20,33,8,205,67,95,43,364,57,223,12,0,72
"E01011373",2011,"Leeds 085C","Total",1438,196,52,144,989,28,485,66,100,277,42,0,0,0,0,0,190,34,40,107,9,286,96,142,48,253,47,63,10,2,131
"E01011374",2011,"Leeds 085D","Total",1184,256,45,211,765,29,316,100,53,110,53,0,0,0,0,0,228,98,51,69,10,192,87,69,36,163,30,23,2,0,108
"E01011375",2011,"Leeds 086D","Total",1847,288,39,249,1160,18,701,50,99,515,37,0,0,0,0,0,154,52,28,74,0,287,91,161,35,399,89,179,15,0,116
"E01011376",2011,"Leeds 013A","Total",1516,127,77,50,1329,188,938,238,151,350,199,0,0,0,0,0,132,40,28,58,6,71,18,18,35,60,14,10,0,9,27
"E01011377",2011,"Leeds 013B","Total",1386,173,124,49,1166,230,776,158,135,314,169,0,0,0,0,0,91,38,28,25,0,69,18,17,34,47,4,6,3,3,31
"E01011378",2011,"Leeds 013C","Total",1394,306,74,232,957,60,501,174,71,167,89,0,0,0,0,0,177,56,39,79,3,219,61,102,56,131,55,40,3,0,33
"E01011379",2011,"Leeds 017A","Total",1482,342,133,209,1062,108,539,152,89,234,64,0,0,0,0,0,175,90,39,46,0,240,88,72,80,78,43,0,2,2,31
"E01011380",2011,"Leeds 016A","Total",1523,204,96,108,1228,166,867,262,109,371,125,0,0,0,0,0,91,46,18,21,6,104,23,36,45,91,28,26,0,6,31
"E01011381",2011,"Leeds 016B","Total",1310,113,68,45,1091,126,787,182,112,337,156,2,2,0,0,0,70,28,13,23,6,106,39,34,33,106,26,46,0,0,34
"E01011382",2011,"Leeds 013D","Total",1456,201,121,80,1186,176,756,206,153,284,113,4,0,0,4,0,149,60,39,34,16,101,47,28,26,69,12,17,0,4,36
"E01011383",2011,"Leeds 019A","Total",1566,283,160,123,1155,142,692,160,121,291,120,0,0,0,0,0,196,110,40,30,16,125,50,26,49,128,21,47,0,6,54
"E01011384",2011,"Leeds 017B","Total",1485,210,88,122,1188,130,716,148,155,274,139,2,2,0,0,0,157,60,44,47,6,183,47,55,81,87,8,27,0,0,52
"E01011385",2011,"Leeds 016C","Total",1223,152,84,68,959,102,702,186,83,321,112,2,2,0,0,0,73,44,6,13,10,80,17,35,28,112,13,31,0,7,61
"E01011386",2011,"Leeds 016D","Total",1419,188,85,103,1123,136,797,180,139,330,148,3,0,3,0,0,110,48,30,28,4,77,30,9,38,108,20,27,2,6,53
"E01011388",2011,"Leeds 019B","Total",1407,240,136,104,1061,118,673,150,134,276,113,0,0,0,0,0,152,68,30,48,6,118,41,31,46,106,30,32,0,4,40
"E01011390",2011,"Leeds 087A","Total",1443,176,101,75,1153,116,631,168,117,223,123,0,0,0,0,0,193,66,27,83,17,213,69,94,50,114,37,49,0,2,26
"E01011391",2011,"Leeds 087B","Total",1645,214,141,73,1296,240,751,202,122,263,164,0,0,0,0,0,139,62,22,49,6,166,38,69,59,135,29,26,13,8,59
"E01011392",2011,"Leeds 087C","Total",1463,165,93,72,1241,176,777,258,105,240,174,0,0,0,0,0,148,46,32,61,9,140,51,55,34,57,35,4,0,0,18
"E01011393",2011,"Leeds 103C","Total",1707,184,99,85,1448,122,979,186,160,512,121,2,2,0,0,0,209,56,46,97,10,136,48,40,48,75,29,21,0,0,25
"E01011394",2011,"Leeds 103D","Total",1182,133,72,61,976,98,615,156,100,248,111,2,2,0,0,0,158,48,66,37,7,103,35,33,35,73,8,43,0,0,22
"E01011395",2011,"Leeds 103E","Total",1184,102,18,84,1013,36,632,124,165,277,66,0,0,0,0,0,207,82,65,42,18,138,48,68,22,69,25,22,0,0,22
"E01011396",2011,"Leeds 074A","Total",1766,265,103,162,1265,110,715,182,185,215,133,6,6,0,0,0,222,108,66,42,6,212,74,66,72,236,46,33,90,9,58
"E01011397",2011,"Leeds 077A","Total",1506,136,68,68,1290,96,894,196,132,341,225,0,0,0,0,0,124,48,27,42,7,176,49,84,43,80,10,31,0,7,32
"E01011398",2011,"Leeds 077B","Total",1257,95,33,62,1109,78,788,168,153,269,198,2,2,0,0,0,132,68,18,36,10,109,36,51,22,53,21,4,0,2,26
"E01011399",2011,"Leeds 074B","Total",1463,166,86,80,1189,120,673,168,139,231,135,0,0,0,0,0,194,58,41,76,19,202,54,91,57,108,23,37,3,10,35
"E01011400",2011,"Leeds 074C","Total",1424,161,84,77,1134,126,712,142,125,259,186,2,2,0,0,0,139,48,34,54,3,155,39,57,59,129,32,40,12,2,43
"E01011401",2011,"Leeds 077C","Total",1509,115,65,50,1334,166,872,188,150,370,164,0,0,0,0,0,182,58,36,88,0,114,20,54,40,60,9,30,0,0,21
"E01011402",2011,"Leeds 087D","Total",1751,253,154,99,1407,282,847,224,190,243,190,0,0,0,0,0,176,74,52,41,9,102,24,45,33,91,35,16,0,2,38
"E01011403",2011,"Leeds 074D","Total",1322,210,154,56,1057,204,657,166,102,275,114,0,0,0,0,0,116,30,21,62,3,80,15,32,33,55,16,10,4,0,25
"E01011404",2011,"Leeds 077D","Total",1321,109,54,55,1171,120,831,188,135,350,158,3,0,0,0,3,112,38,18,47,9,105,30,55,20,41,22,4,3,0,12
"E01011405",2011,"Leeds 077E","Total",1414,155,117,38,1208,270,739,220,115,232,172,0,0,0,0,0,115,40,34,32,9,84,27,28,29,51,17,10,0,0,24
"E01011406",2011,"Leeds 057A","Total",1403,156,92,64,1132,152,690,152,134,227,177,0,0,0,0,0,161,60,41,49,11,129,25,53,51,115,25,44,0,9,37
"E01011407",2011,"Leeds 057B","Total",1435,221,112,109,1117,136,596,154,105,198,139,3,0,3,0,0,169,48,42,71,8,213,57,103,53,97,19,23,0,2,53
"E01011408",2011,"Leeds 057C","Total",1451,265,177,88,1109,266,613,210,135,131,137,0,0,0,0,0,121,78,12,31,0,109,30,33,46,77,18,18,0,6,35
"E01011409",2011,"Leeds 057D","Total",1374,220,70,150,1018,94,593,180,119,166,128,0,0,0,0,0,200,104,37,46,13,131,36,60,35,136,28,41,0,2,65
"E01011410",2011,"Leeds 057E","Total",1274,217,95,122,985,126,647,252,102,152,141,4,4,0,0,0,105,54,23,28,0,103,26,35,42,72,28,5,7,2,30
"E01011411",2011,"Leeds 073A","Total",1591,167,74,93,1330,136,834,180,181,329,144,3,0,3,0,0,221,94,42,73,12,136,40,54,42,94,16,24,0,2,52
"E01011412",2011,"Leeds 057F","Total",1370,187,114,73,1113,210,656,174,102,241,139,0,0,0,0,0,147,58,31,55,3,100,31,18,51,70,37,10,0,4,19
"E01011413",2011,"Leeds 069A","Total",1557,112,68,44,1328,102,919,166,150,394,209,2,2,0,0,0,128,42,30,50,6,177,33,72,72,117,13,43,3,2,56
"E01011414",2011,"Leeds 073B","Total",1484,166,69,97,1193,148,789,198,148,286,157,6,0,6,0,0,172,54,37,78,3,78,17,37,24,125,43,19,3,9,51
"E01011415",2011,"Leeds 069B","Total",1587,228,79,149,1220,138,671,176,123,226,146,0,0,0,0,0,257,96,69,76,16,154,48,56,50,139,12,38,0,3,86
"E01011416",2011,"Leeds 069C","Total",1498,136,65,71,1302,126,796,156,175,304,161,4,4,0,0,0,184,44,49,76,15,192,50,87,55,60,11,4,3,2,40
"E01011417",2011,"Leeds 069D","Total",1496,278,163,115,1159,218,686,176,111,241,158,0,0,0,0,0,154,54,24,51,25,101,40,21,40,59,9,17,0,8,25
"E01011418",2011,"Leeds 073C","Total",1457,154,59,95,1245,78,865,220,216,278,151,0,0,0,0,0,176,72,44,48,12,126,54,47,25,58,3,21,0,0,34
"E01011419",2011,"Leeds 073D","Total",1223,88,36,52,1084,162,767,212,149,216,190,0,0,0,0,0,87,24,26,37,0,68,16,16,36,51,25,6,0,2,18
"E01011420",2011,"Leeds 069E","Total",1293,198,143,55,1039,274,642,216,84,194,148,0,0,0,0,0,61,24,13,18,6,62,15,16,31,56,8,14,2,0,32
"E01011421",2011,"Leeds 040A","Total",1486,203,103,100,1057,74,557,90,118,242,107,0,0,0,0,0,173,66,23,61,23,253,66,116,71,226,49,121,0,10,46
"E01011422",2011,"Leeds 048A","Total",1463,186,21,165,800,14,567,38,84,393,52,0,0,0,0,0,48,18,8,22,0,171,51,80,40,477,87,236,11,3,140
"E01011423",2011,"Leeds 047A","Total",1622,169,70,99,1200,50,644,96,103,334,111,0,0,0,0,0,184,38,47,76,23,322,98,185,39,253,96,90,0,0,67
"E01011424",2011,"Leeds 047B","Total",1600,99,32,67,1221,52,702,76,134,434,58,0,0,0,0,0,145,28,26,79,12,322,107,184,31,280,78,148,10,4,40
"E01011425",2011,"Leeds 040B","Total",1553,157,64,93,1190,107,767,128,166,300,173,3,0,3,0,0,135,34,29,63,9,178,37,76,65,206,55,60,0,4,87
"E01011426",2011,"Leeds 048B","Total",1701,140,38,102,1015,20,737,42,85,578,32,0,0,0,0,0,64,12,19,33,0,194,49,112,33,546,115,328,15,2,86
"E01011427",2011,"Leeds 047C","Total",1769,142,47,95,1272,18,729,62,82,513,72,0,0,0,0,0,151,22,33,83,13,374,143,179,52,355,73,198,9,5,70
"E01011428",2011,"Leeds 048C","Total",1870,168,39,129,1162,18,886,82,123,604,77,0,0,0,0,0,79,26,6,47,0,179,55,81,43,540,79,247,4,8,202
"E01011429",2011,"Leeds 048D","Total",1999,277,65,212,1119,16,647,46,57,469,75,0,0,0,0,0,85,34,13,31,7,371,85,184,102,603,111,339,29,2,122
"E01011430",2011,"Leeds 053A","Total",1508,106,26,80,928,24,620,40,106,397,77,0,0,0,0,0,69,14,12,40,3,215,46,123,46,474,94,229,15,2,134
"E01011431",2011,"Leeds 047D","Total",1854,280,82,198,1340,42,507,76,98,288,45,4,4,0,0,0,236,50,57,106,23,551,183,292,76,234,36,109,0,6,83
"E01011432",2011,"Leeds 053B","Total",1547,203,35,168,1010,12,582,42,79,414,47,0,0,0,0,0,133,32,46,55,0,283,116,107,60,334,58,189,9,0,78
"E01011433",2011,"Leeds 053C","Total",1538,268,36,232,1034,16,426,68,116,195,47,0,0,0,0,0,167,60,52,55,0,425,151,222,52,236,33,109,12,0,82
"E01011434",2011,"Leeds 053D","Total",1397,234,30,204,940,16,519,44,112,335,28,0,0,0,0,0,143,72,24,44,3,262,119,109,34,223,28,58,16,2,119
"E01011435",2011,"Leeds 044A","Total",1783,130,23,107,156,12,62,12,15,8,27,0,0,0,0,0,66,54,12,0,0,16,2,6,8,1497,34,10,1051,0,402
"E01011440",2011,"Leeds 044D","Total",1622,210,68,142,276,18,103,36,14,25,28,7,4,0,0,3,121,108,6,0,7,27,8,3,16,1136,16,4,787,9,320
"E01011441",2011,"Leeds 044E","Total",1882,191,30,161,408,12,216,44,37,80,55,0,0,0,0,0,139,56,12,68,3,41,16,9,16,1283,9,49,820,2,403
"E01011442",2011,"Leeds 110A","Total",1615,154,18,136,268,8,106,36,28,27,15,0,0,0,0,0,120,104,3,13,0,34,13,7,14,1193,38,20,772,0,363
"E01011443",2011,"Leeds 110B","Total",1372,193,22,171,207,2,77,34,6,23,14,0,0,0,0,0,104,82,0,22,0,24,14,3,7,972,6,59,696,0,211
"E01011444",2011,"Leeds 110C","Total",1836,196,16,180,211,4,92,24,11,32,25,0,0,0,0,0,91,78,7,6,0,24,16,4,4,1429,38,50,1088,0,253
"E01011445",2011,"Leeds 054A","Total",1679,48,1,47,114,0,70,14,25,20,11,0,0,0,0,0,30,30,0,0,0,14,6,3,5,1517,33,10,1182,0,292
"E01011446",2011,"Leeds 054B","Total",1574,117,5,112,236,6,141,16,29,59,37,0,0,0,0,0,45,32,6,4,3,44,6,15,23,1221,28,51,812,3,327
"E01011447",2011,"Leeds 054C","Total",1337,84,14,70,193,12,106,24,8,54,20,3,0,3,0,0,30,14,12,4,0,42,12,19,11,1060,34,30,614,0,382
"E01011448",2011,"Leeds 054D","Total",1542,113,21,92,308,4,134,40,18,48,28,2,2,0,0,0,63,34,13,10,6,105,37,46,22,1121,30,78,811,0,202
"E01011449",2011,"Leeds 054E","Total",1380,140,19,121,399,8,150,32,15,97,6,0,0,0,0,0,91,68,3,20,0,150,32,84,34,841,10,35,418,4,374
"E01011450",2011,"Leeds 038D","Total",1226,163,49,114,815,46,412,110,79,160,63,0,0,0,0,0,152,76,35,21,20,205,57,84,64,248,32,84,10,7,115
"E01011451",2011,"Leeds 110D","Total",937,208,43,165,401,20,166,48,30,65,23,2,2,0,0,0,174,134,18,19,3,39,14,15,10,328,4,11,160,6,147
"E01011452",2011,"Leeds 027A","Total",1524,136,53,83,1332,130,968,230,143,458,137,4,0,0,4,0,159,80,27,49,3,71,22,28,21,56,7,9,0,0,40
"E01011453",2011,"Leeds 028A","Total",1482,189,89,100,1189,152,780,224,130,300,126,0,0,0,0,0,160,88,27,42,3,97,29,40,28,104,13,23,4,4,60
"E01011454",2011,"Leeds 027B","Total",1492,184,68,116,1190,90,761,200,145,301,115,0,0,0,0,0,238,168,33,37,0,101,34,37,30,118,14,15,6,0,83
"E01011455",2011,"Leeds 021A","Total",1169,102,65,37,1039,152,759,174,149,322,114,2,2,0,0,0,65,36,13,16,0,61,23,20,18,28,11,5,0,0,12
"E01011456",2011,"Leeds 021B","Total",1707,226,95,131,1415,226,944,176,155,461,152,0,0,0,0,0,140,50,20,55,15,105,23,43,39,66,18,16,0,10,22
"E01011457",2011,"Leeds 027C","Total",1456,141,71,70,1222,130,916,204,175,415,122,2,2,0,0,0,117,60,31,20,6,57,27,17,13,93,32,22,0,0,39
"E01011458",2011,"Leeds 027D","Total",1382,120,66,54,1211,162,884,194,145,418,127,2,2,0,0,0,98,38,31,26,3,65,21,22,22,51,4,21,0,2,24
"E01011459",2011,"Leeds 021C","Total",1567,247,116,131,1168,182,639,184,89,285,81,2,2,0,0,0,219,140,31,33,15,126,28,50,48,152,19,25,2,5,101
"E01011460",2011,"Leeds 028B","Total",1380,247,84,163,994,64,562,146,116,222,78,3,0,3,0,0,202,126,33,32,11,163,69,42,52,139,39,27,0,0,73
"E01011461",2011,"Leeds 021D","Total",1530,125,85,40,1345,224,965,192,164,444,165,2,2,0,0,0,81,26,24,31,0,73,11,42,20,60,18,0,0,8,34
"E01011462",2011,"Leeds 028C","Total",1632,207,97,110,1254,72,702,160,141,265,136,2,2,0,0,0,236,100,65,65,6,242,70,81,91,171,29,40,10,5,87
"E01011463",2011,"Leeds 028D","Total",1583,273,145,128,1203,108,622,164,134,207,117,0,0,0,0,0,216,100,49,61,6,257,99,71,87,107,22,28,0,2,55
"E01011464",2011,"Leeds 028E","Total",1678,270,68,202,1161,108,602,186,137,188,91,5,2,3,0,0,335,238,52,42,3,111,40,34,37,247,29,14,14,0,190
"E01011465",2011,"Leeds 027E","Total",1507,335,172,163,1054,108,577,190,110,190,87,10,6,0,4,0,228,150,20,38,20,131,51,38,42,118,8,26,4,6,74
"E01011466",2011,"Leeds 094A","Total",1454,230,96,134,1116,84,624,152,95,210,167,0,0,0,0,0,146,36,48,46,16,262,91,106,65,108,17,28,0,14,49
"E01011467",2011,"Leeds 112A","Total",1379,252,54,198,952,30,435,108,128,153,46,0,0,0,0,0,220,102,34,66,18,267,85,131,51,175,42,19,0,22,92
"E01011468",2011,"Leeds 112B","Total",1500,338,108,230,964,84,374,106,46,124,98,0,0,0,0,0,197,54,63,74,6,309,114,126,69,198,40,88,0,2,68
"E01011469",2011,"Leeds 094B","Total",1460,182,58,124,1195,90,728,238,155,176,159,9,4,0,5,0,223,86,48,74,15,145,34,67,44,83,18,40,0,6,19
"E01011470",2011,"Leeds 112C","Total",1266,222,80,142,946,68,524,170,86,156,112,2,2,0,0,0,181,86,51,29,15,171,68,68,35,98,19,39,0,7,33
"E01011471",2011,"Leeds 092A","Total",1400,224,79,145,1037,56,420,118,76,110,116,8,8,0,0,0,177,40,33,81,23,376,118,163,95,139,34,44,8,7,46
"E01011472",2011,"Leeds 092B","Total",1564,271,121,150,1148,102,448,108,78,171,91,2,2,0,0,0,237,42,32,144,19,359,106,185,68,145,20,51,0,5,69
"E01011473",2011,"Leeds 092C","Total",1476,246,55,191,1097,16,386,44,98,175,69,0,0,0,0,0,243,58,58,118,9,452,137,241,74,133,42,57,2,0,32
"E01011474",2011,"Leeds 092D","Total",1457,262,83,179,1074,44,461,100,67,199,95,7,0,0,7,0,242,56,47,129,10,320,111,164,45,121,34,52,0,2,33
"E01011475",2011,"Leeds 094C","Total",1497,258,62,196,1090,42,446,102,71,151,122,3,0,3,0,0,246,54,84,88,20,353,151,133,69,149,30,45,0,3,71
"E01011476",2011,"Leeds 094D","Total",1195,138,72,66,922,62,361,102,51,120,88,0,0,0,0,0,205,48,39,101,17,294,102,151,41,135,11,59,0,5,60
"E01011477",2011,"Leeds 045A","Total",1842,355,81,274,1128,60,646,126,99,359,62,0,0,0,0,0,197,126,24,39,8,225,91,80,54,359,19,17,87,12,224
"E01011478",2011,"Leeds 056A","Total",1679,280,64,216,611,22,206,66,26,80,34,4,4,0,0,0,226,150,35,41,0,153,52,54,47,788,21,27,308,6,426
"E01011479",2011,"Leeds 056B","Total",1476,154,25,129,259,0,60,24,22,4,10,0,0,0,0,0,139,106,18,15,0,60,30,17,13,1063,21,7,553,0,482
"E01011480",2011,"Leeds 045B","Total",1582,149,75,74,1039,128,659,160,125,229,145,4,4,0,0,0,163,90,30,39,4,85,28,14,43,394,44,62,105,8,175
"E01011481",2011,"Leeds 056C","Total",1558,219,28,191,585,24,331,50,56,198,27,2,2,0,0,0,129,84,12,24,9,99,52,31,16,754,16,35,339,6,358
"E01011482",2011,"Leeds 056D","Total",1693,308,68,240,842,30,315,92,50,135,38,0,0,0,0,0,345,254,42,49,0,152,61,58,33,543,18,4,84,5,432
"E01011483",2011,"Leeds 056E","Total",1553,280,75,205,670,28,293,40,65,159,29,2,2,0,0,0,121,62,19,37,3,226,57,105,64,603,33,77,230,0,263
"E01011484",2011,"Leeds 033A","Total",1538,236,94,142,1141,48,532,90,140,206,96,0,0,0,0,0,205,52,49,82,22,356,122,154,80,161,46,51,4,4,56
"E01011485",2011,"Leeds 033B","Total",1505,317,98,219,971,80,462,138,81,175,68,4,4,0,0,0,206,78,40,68,20,219,110,60,49,217,67,56,8,0,86
"E01011488",2011,"Leeds 045C","Total",1431,216,68,148,795,38,308,90,63,84,71,0,0,0,0,0,288,182,42,56,8,161,69,55,37,420,12,15,48,5,340
"E01011489",2011,"Leeds 045D","Total",1687,339,118,221,921,84,396,102,76,148,70,2,2,0,0,0,239,146,44,39,10,200,65,80,55,427,26,46,59,4,292
"E01011490",2011,"Leeds 099A","Total",2514,422,77,345,1886,76,1004,304,240,314,146,3,0,3,0,0,570,262,149,142,17,233,99,101,33,206,48,61,0,2,95
"E01011491",2011,"Leeds 101A","Total",1357,225,80,145,1049,46,417,92,123,116,86,0,0,0,0,0,269,52,76,117,24,317,96,166,55,83,33,22,0,0,28
"E01011492",2011,"Leeds 101B","Total",1344,184,84,100,1022,72,428,76,62,203,87,2,2,0,0,0,174,18,40,92,24,346,116,170,60,138,42,67,3,0,26
"E01011493",2011,"Leeds 101C","Total",1528,196,65,131,1163,82,418,94,72,188,64,2,2,0,0,0,290,52,58,150,30,371,114,170,87,169,66,34,8,0,61
"E01011494",2011,"Leeds 101D","Total",1304,153,72,81,1024,42,467,108,113,157,89,0,0,0,0,0,205,44,64,85,12,310,105,143,62,127,53,22,0,5,47
"E01011496",2011,"Leeds 100A","Total",1500,129,21,108,1304,48,870,188,195,375,112,4,4,0,0,0,246,128,43,75,0,136,56,57,23,67,20,12,0,2,33
"E01011497",2011,"Leeds 101E","Total",1608,221,83,138,1210,52,506,114,105,185,102,0,0,0,0,0,284,42,61,168,13,368,135,162,71,177,40,78,0,0,59
"E01011499",2011,"Leeds 105C","Total",2560,279,51,228,2118,70,1101,220,255,485,141,6,6,0,0,0,625,274,135,199,17,316,114,145,57,163,47,57,0,4,55
"E01011500",2011,"Leeds 105D","Total",1560,188,110,78,1307,142,805,228,185,217,175,3,0,0,0,3,182,88,37,51,6,175,52,78,45,65,18,12,0,0,35
"E01011502",2011,"Leeds 099C","Total",1333,192,92,100,1030,76,461,114,104,131,112,2,2,0,0,0,240,80,44,104,12,251,83,109,59,111,36,40,0,2,33
"E01011504",2011,"Leeds 032A","Total",1390,388,111,277,918,70,370,90,74,151,55,6,6,0,0,0,180,44,69,51,16,292,123,112,57,84,10,19,0,2,53
"E01011505",2011,"Leeds 025A","Total",1599,178,99,79,1209,138,730,134,176,284,136,0,0,0,0,0,165,88,27,38,12,176,54,70,52,212,50,76,0,5,81
"E01011506",2011,"Leeds 025B","Total",1439,121,50,71,1091,72,832,92,145,429,166,0,0,0,0,0,92,46,9,31,6,95,17,27,51,227,44,116,0,2,65
"E01011507",2011,"Leeds 025C","Total",1580,172,85,87,1222,118,813,196,152,343,122,2,2,0,0,0,167,108,24,28,7,122,43,43,36,186,42,41,0,8,95
"E01011508",2011,"Leeds 024A","Total",1414,80,36,44,1124,28,889,132,173,466,118,0,0,0,0,0,125,44,23,52,6,82,20,40,22,210,35,87,0,6,82
"E01011509",2011,"Leeds 023A","Total",1351,257,158,99,972,142,647,142,132,274,99,4,4,0,0,0,95,44,15,36,0,84,29,12,43,122,19,39,4,2,58
"E01011510",2011,"Leeds 025D","Total",1536,477,223,254,939,118,429,96,81,191,61,0,0,0,0,0,142,66,44,28,4,250,104,82,64,120,18,32,0,7,63
"E01011511",2011,"Leeds 023B","Total",1324,179,116,63,930,92,625,100,152,241,132,0,0,0,0,0,115,46,22,44,3,98,17,57,24,215,26,103,0,6,80
"E01011512",2011,"Leeds 023C","Total",1562,212,77,135,1073,92,704,156,162,282,104,2,2,0,0,0,140,84,19,34,3,135,40,42,53,277,47,86,2,3,139
"E01011513",2011,"Leeds 031A","Total",2164,270,70,200,1726,80,1140,232,291,500,117,2,2,0,0,0,302,170,55,59,18,202,99,62,41,168,22,35,0,0,111
"E01011514",2011,"Leeds 025E","Total",1628,163,63,100,1171,86,820,166,112,375,167,5,2,3,0,0,138,84,19,32,3,122,32,41,49,294,33,104,0,10,147
"E01011515",2011,"Leeds 023D","Total",1421,222,79,143,1008,94,614,152,116,231,115,2,2,0,0,0,198,138,29,28,3,100,45,24,31,191,17,57,2,2,113
"E01011516",2011,"Leeds 023E","Total",1704,138,62,76,1368,86,914,130,227,375,182,2,2,0,0,0,228,102,62,61,3,138,42,35,61,198,40,63,0,0,95
"E01011517",2011,"Leeds 024B","Total",1638,249,66,183,1222,94,684,132,141,303,108,12,8,0,4,0,213,106,42,52,13,219,91,82,46,167,15,62,0,6,84
"E01011518",2011,"Leeds 093A","Total",2187,276,77,199,1711,90,929,260,205,325,139,2,2,0,0,0,415,192,87,115,21,275,80,152,43,200,39,42,0,7,112
"E01011519",2011,"Leeds 095A","Total",1488,200,86,114,1172,92,597,152,142,225,78,0,0,0,0,0,259,72,69,90,28,224,54,112,58,116,27,19,0,5,65
"E01011520",2011,"Leeds 096A","Total",1491,171,81,90,1224,182,809,266,160,265,118,2,2,0,0,0,124,40,33,44,7,107,36,46,25,96,33,19,0,3,41
"E01011521",2011,"Leeds 096B","Total",1968,283,107,176,1562,158,903,310,155,285,153,5,2,3,0,0,325,144,106,69,6,171,59,70,42,123,20,35,0,7,61
"E01011522",2011,"Leeds 095B","Total",1396,122,50,72,1194,160,766,222,130,262,152,2,2,0,0,0,141,58,30,49,4,125,42,37,46,80,15,19,0,0,46
"E01011523",2011,"Leeds 096C","Total",1704,260,137,123,1350,116,806,192,167,301,146,0,0,0,0,0,255,98,67,86,4,173,65,42,66,94,12,38,0,0,44
"E01011524",2011,"Leeds 093B","Total",1235,144,52,92,1028,110,659,180,111,243,125,0,0,0,0,0,146,78,27,35,6,113,51,36,26,63,8,19,0,6,30
"E01011525",2011,"Leeds 095C","Total",1529,222,57,165,1223,116,654,158,152,205,139,4,4,0,0,0,306,138,83,79,6,143,51,68,24,84,15,0,0,2,67
"E01011526",2011,"Leeds 093C","Total",1291,71,22,49,1147,72,826,186,204,312,124,0,0,0,0,0,172,64,56,46,6,77,34,21,22,73,26,29,0,0,18
"E01011527",2011,"Leeds 096D","Total",1773,191,74,117,1497,196,917,288,160,283,186,0,0,0,0,0,217,88,53,61,15,167,53,66,48,85,13,35,0,2,35
"E01011528",2011,"Leeds 095D","Total",1596,127,49,78,1367,58,1011,204,221,439,147,2,2,0,0,0,185,78,40,67,0,111,50,36,25,102,30,9,0,2,61
"E01011529",2011,"Leeds 096E","Total",1431,146,65,81,1148,74,578,182,110,175,111,4,4,0,0,0,244,54,56,120,14,248,71,141,36,137,45,42,0,6,44
"E01011530",2011,"Leeds 106A","Total",1460,166,62,104,1209,156,699,224,119,248,108,2,2,0,0,0,251,110,73,59,9,101,33,26,42,85,14,29,0,3,39
"E01011531",2011,"Leeds 093D","Total",1424,205,131,74,1120,222,672,250,149,106,167,0,0,0,0,0,127,42,20,62,3,99,30,23,46,99,28,24,0,11,36
"E01011532",2011,"Leeds 095E","Total",1556,267,129,138,1161,68,551,154,132,193,72,0,0,0,0,0,271,94,51,110,16,271,89,109,73,128,41,46,0,2,39
"E01011533",2011,"Leeds 104A","Total",1294,305,102,203,883,76,421,160,68,123,70,2,2,0,0,0,235,138,55,32,10,149,61,50,38,106,23,30,0,4,49
"E01011534",2011,"Leeds 106B","Total",1421,255,92,163,1080,98,561,156,111,191,103,3,0,3,0,0,271,120,64,77,10,147,67,50,30,86,16,14,0,2,54
"E01011535",2011,"Leeds 108A","Total",1664,125,64,61,1445,140,980,240,186,397,157,4,4,0,0,0,191,44,54,67,26,130,41,48,41,94,14,14,0,6,60
"E01011536",2011,"Leeds 108B","Total",1587,151,77,74,1361,160,867,222,133,353,159,0,0,0,0,0,191,58,42,58,33,143,51,61,31,75,15,28,0,0,32
"E01011537",2011,"Leeds 107A","Total",2023,307,138,169,1555,236,934,292,186,288,168,0,0,0,0,0,206,98,47,49,12,179,59,60,60,161,18,48,0,16,79
"E01011538",2011,"Leeds 107B","Total",1497,217,107,110,1152,94,602,160,125,222,95,0,0,0,0,0,227,66,73,72,16,229,48,113,68,128,30,30,7,6,55
"E01011540",2011,"Leeds 102B","Total",1439,203,87,116,1141,94,599,164,94,255,86,0,0,0,0,0,213,66,45,90,12,235,93,87,55,95,8,44,0,2,41
"E01011541",2011,"Leeds 104B","Total",1690,557,234,323,1028,120,536,214,100,136,86,8,8,0,0,0,232,150,48,25,9,132,70,28,34,105,12,21,2,12,58
"E01011545",2011,"Leeds 104C","Total",1388,240,78,162,1073,54,618,186,118,206,108,0,0,0,0,0,245,120,39,73,13,156,60,65,31,75,9,40,0,0,26
"E01011546",2011,"Leeds 106C","Total",1649,238,69,169,1301,80,720,206,134,258,122,2,2,0,0,0,286,122,51,102,11,213,88,85,40,110,21,37,0,0,52
"E01011547",2011,"Leeds 104D","Total",1773,310,113,197,1333,70,745,206,161,261,117,2,2,0,0,0,259,124,45,81,9,257,94,87,76,130,35,47,0,5,43
"E01011548",2011,"Leeds 106D","Total",1445,180,90,90,1142,162,669,182,143,241,103,0,0,0,0,0,180,54,36,71,19,131,54,29,48,123,26,34,2,3,58
"E01011549",2011,"Leeds 108C","Total",1503,51,9,42,1355,28,1110,200,267,455,188,0,0,0,0,0,115,34,25,50,6,102,28,29,45,97,40,9,0,0,48
"E01011550",2011,"Leeds 106E","Total",1404,113,50,63,1173,96,774,174,138,333,129,5,2,3,0,0,166,66,52,44,4,132,75,29,28,118,23,47,0,0,48
"E01011551",2011,"Leeds 107C","Total",1565,156,27,129,1319,38,825,190,188,329,118,0,0,0,0,0,271,110,64,78,19,185,69,70,46,90,8,31,2,2,47
"E01011552",2011,"Leeds 107D","Total",1467,146,71,75,1146,70,590,124,81,280,105,0,0,0,0,0,253,58,71,108,16,233,80,94,59,175,68,42,0,4,61
"E01011553",2011,"Leeds 108D","Total",1436,139,50,89,1230,112,782,232,165,254,131,0,0,0,0,0,190,76,42,66,6,146,64,41,41,67,13,22,0,7,25
"E01011554",2011,"Leeds 012A","Total",1446,150,76,74,1206,144,826,188,153,344,141,2,2,0,0,0,118,62,27,29,0,116,37,27,52,90,11,16,0,4,59
"E01011555",2011,"Leeds 018A","Total",1362,123,48,75,1113,132,775,210,134,279,152,2,2,0,0,0,109,56,27,19,7,95,21,30,44,126,30,46,0,8,42
"E01011556",2011,"Leeds 015A","Total",1576,305,105,200,1175,102,734,128,184,345,77,10,2,0,8,0,176,104,39,25,8,153,64,44,45,96,23,5,2,12,54
"E01011557",2011,"Leeds 015B","Total",1510,220,108,112,1151,136,864,182,162,388,132,2,2,0,0,0,73,38,9,23,3,76,32,24,20,139,36,46,0,8,49
"E01011558",2011,"Leeds 018B","Total",1577,274,99,175,1137,72,508,94,119,232,63,0,0,0,0,0,207,62,57,79,9,350,163,93,94,166,55,71,0,4,36
"E01011559",2011,"Leeds 018C","Total",1232,225,105,120,918,38,478,84,72,233,89,0,0,0,0,0,103,24,44,31,4,299,108,116,75,89,14,20,5,2,48
"E01011560",2011,"Leeds 018D","Total",1800,391,133,258,1240,56,630,160,105,258,107,4,4,0,0,0,191,58,45,74,14,359,164,107,88,169,58,39,0,8,64
"E01011561",2011,"Leeds 006A","Total",1217,162,72,90,972,97,695,198,156,251,90,4,4,0,0,0,86,40,12,26,8,90,31,28,31,83,23,25,0,5,30
"E01011562",2011,"Leeds 012B","Total",1592,137,87,50,1268,196,917,204,171,407,135,0,0,0,0,0,54,26,9,16,3,101,32,31,38,187,37,56,2,8,84
"E01011563",2011,"Leeds 012C","Total",1416,167,99,68,1128,248,717,170,131,317,99,0,0,0,0,0,93,56,22,12,3,70,20,16,34,121,32,33,3,8,45
"E01011564",2011,"Leeds 012D","Total",1501,141,75,66,1294,140,945,206,138,437,164,0,0,0,0,0,112,50,9,47,6,97,27,26,44,66,14,28,2,4,18
"E01011565",2011,"Leeds 015C","Total",1433,151,90,61,1167,153,786,190,160,272,164,2,2,0,0,0,91,40,19,29,3,135,35,61,39,115,25,56,0,2,32
"E01011566",2011,"Leeds 015D","Total",1309,186,76,110,1006,96,665,140,158,258,109,0,0,0,0,0,96,50,12,34,0,149,58,29,62,117,19,50,0,5,43
"E01011567",2011,"Leeds 012E","Total",1393,138,69,69,1161,108,838,178,144,364,152,2,2,0,0,0,103,58,28,17,0,110,39,49,22,94,33,29,0,4,28
"E01011568",2011,"Leeds 015E","Total",1825,320,133,187,1351,192,893,250,202,309,132,2,2,0,0,0,138,84,21,29,4,126,57,27,42,154,47,61,0,2,44
"E01011569",2011,"Leeds 004A","Total",1662,310,107,203,1246,122,809,206,153,314,136,0,0,0,0,0,180,116,25,36,3,135,54,35,46,106,19,21,5,4,57
"E01011570",2011,"Leeds 007A","Total",2284,264,122,142,1899,194,1304,324,190,669,121,0,0,0,0,0,260,88,64,86,22,141,42,69,30,121,8,59,0,5,49
"E01011571",2011,"Leeds 004B","Total",1557,287,137,150,1201,122,709,250,141,230,88,2,2,0,0,0,212,114,53,39,6,156,63,56,37,69,14,14,0,7,34
"E01011572",2011,"Leeds 004C","Total",1763,273,96,177,1424,108,884,244,162,329,149,4,4,0,0,0,287,124,43,111,9,141,67,28,46,66,8,10,2,5,41
"E01011573",2011,"Leeds 004D","Total",1341,114,62,52,1144,100,757,212,142,279,124,0,0,0,0,0,155,46,36,56,17,132,47,41,44,83,19,26,0,3,35
"E01011574",2011,"Leeds 004E","Total",1406,301,175,126,1028,142,626,180,94,249,103,2,2,0,0,0,165,90,30,38,7,93,33,29,31,77,19,15,0,8,35
"E01011576",2011,"Leeds 007C","Total",1404,146,86,60,1196,192,827,224,175,348,80,2,2,0,0,0,122,44,25,53,0,53,14,19,20,62,13,7,3,0,39
"E01011578",2011,"Leeds 011D","Total",1321,213,107,106,1036,118,615,212,87,210,106,2,2,0,0,0,178,90,15,51,22,123,52,43,28,72,19,12,6,0,35
"E01011579",2011,"Leeds 014C","Total",1245,102,51,51,1048,64,681,138,157,259,127,2,2,0,0,0,163,72,54,34,3,138,38,70,30,95,20,30,0,2,43
"E01011580",2011,"Leeds 014D","Total",1342,177,104,73,1119,136,765,202,161,287,115,4,4,0,0,0,143,62,34,38,9,71,25,18,28,46,14,0,0,3,29
"E01011581",2011,"Leeds 003A","Total",1469,156,88,68,1249,190,771,190,108,303,170,0,0,0,0,0,124,42,27,49,6,164,43,60,61,64,7,27,0,2,28
"E01011582",2011,"Leeds 003B","Total",1651,293,171,122,1264,100,638,168,133,253,84,2,2,0,0,0,291,68,84,130,9,233,54,101,78,94,35,26,0,2,31
"E01011583",2011,"Leeds 003C","Total",1479,129,74,55,1281,128,802,208,135,296,163,0,0,0,0,0,154,52,36,41,25,197,41,95,61,69,25,26,0,3,15
"E01011584",2011,"Leeds 003D","Total",1250,177,104,73,1048,126,650,168,120,264,98,0,0,0,0,0,130,50,36,37,7,142,40,71,31,25,8,4,0,0,13
"E01011585",2011,"Leeds 062A","Total",1435,218,106,112,1076,80,556,138,95,221,102,4,4,0,0,0,215,98,37,74,6,221,64,78,79,141,37,43,0,0,61
"E01011586",2011,"Leeds 066A","Total",1494,156,89,67,1130,146,707,158,119,302,128,4,4,0,0,0,122,48,33,41,0,151,31,65,55,208,64,82,0,0,62
"E01011587",2011,"Leeds 062B","Total",1660,237,62,175,1316,78,782,206,130,304,142,2,2,0,0,0,281,158,77,39,7,173,65,50,58,107,11,14,0,0,82
"E01011588",2011,"Leeds 039A","Total",1692,164,62,102,1428,90,894,228,186,367,113,0,0,0,0,0,262,96,59,95,12,182,45,71,66,100,34,31,0,0,35
"E01011589",2011,"Leeds 039B","Total",1521,229,89,140,1224,110,753,190,177,302,84,0,0,0,0,0,256,152,51,50,3,105,51,34,20,68,6,11,0,0,51
"E01011590",2011,"Leeds 039C","Total",1514,142,61,81,1288,162,837,246,144,321,126,2,2,0,0,0,160,68,36,42,14,127,38,61,28,84,10,30,0,2,42
"E01011591",2011,"Leeds 052D","Total",1616,275,57,218,1212,106,611,230,164,141,76,0,0,0,0,0,384,250,48,66,20,111,56,25,30,129,35,0,2,0,92
"E01011592",2011,"Leeds 039D","Total",1402,291,111,180,1077,120,605,188,120,163,134,5,2,3,0,0,281,152,55,55,19,66,18,9,39,34,6,4,2,0,22
"E01011593",2011,"Leeds 039E","Total",1764,218,70,148,1442,150,862,258,203,272,129,4,4,0,0,0,281,148,56,68,9,145,56,58,31,104,15,32,0,2,55
"E01011594",2011,"Leeds 062C","Total",1455,179,106,73,1164,64,641,104,145,254,138,0,0,0,0,0,196,64,42,81,9,263,101,96,66,112,20,25,5,4,58
"E01011595",2011,"Leeds 066B","Total",1804,144,83,61,1310,136,953,172,147,430,204,0,0,0,0,0,121,44,25,33,19,100,17,49,34,350,72,172,3,0,103
"E01011596",2011,"Leeds 062D","Total",1675,231,71,160,1339,98,877,270,148,332,127,0,0,0,0,0,235,126,73,28,8,129,47,43,39,105,29,18,0,0,58
"E01011597",2011,"Leeds 066C","Total",1488,142,67,75,1118,64,774,136,153,340,145,2,2,0,0,0,109,38,40,25,6,169,56,60,53,228,43,120,8,2,55
"E01011598",2011,"Leeds 062E","Total",1524,259,67,192,1172,90,639,188,135,218,98,6,6,0,0,0,295,164,72,56,3,142,49,42,51,93,35,5,0,0,53
"E01011599",2011,"Leeds 066D","Total",1535,194,102,92,1180,104,781,162,177,301,141,0,0,0,0,0,153,64,45,44,0,142,30,59,53,161,30,63,0,2,66
"E01011600",2011,"Leeds 079A","Total",1484,201,88,113,1225,108,755,206,154,260,135,0,0,0,0,0,250,100,87,51,12,112,54,12,46,58,14,4,0,0,40
"E01011601",2011,"Leeds 079B","Total",1494,184,59,125,1203,68,622,128,124,263,107,2,2,0,0,0,316,80,106,111,19,195,59,84,52,107,36,19,0,4,48
"E01011602",2011,"Leeds 076A","Total",1483,312,168,144,1077,138,626,170,123,213,120,2,2,0,0,0,212,98,32,71,11,99,45,13,41,94,7,48,0,6,33
"E01011603",2011,"Leeds 076B","Total",1460,205,92,113,1198,120,748,156,163,262,167,0,0,0,0,0,203,86,46,46,25,127,33,32,62,57,13,14,0,8,22
"E01011604",2011,"Leeds 079C","Total",1318,205,77,128,1017,64,661,150,136,298,77,0,0,0,0,0,194,110,33,42,9,98,41,25,32,96,20,18,0,0,58
"E01011605",2011,"Leeds 076C","Total",1458,164,97,67,1233,150,811,210,153,277,171,2,2,0,0,0,156,64,43,34,15,114,39,25,50,61,13,16,0,2,30
"E01011606",2011,"Leeds 076D","Total",1682,142,73,69,1405,156,806,156,133,379,138,0,0,0,0,0,222,50,34,108,30,221,40,118,63,135,37,69,0,3,26
"E01011607",2011,"Leeds 079D","Total",1588,186,59,127,1297,92,734,194,160,285,95,2,2,0,0,0,254,84,70,83,17,215,80,68,67,105,35,31,0,4,35
"E01011608",2011,"Leeds 068A","Total",1384,173,77,96,1097,82,579,160,69,216,134,2,2,0,0,0,215,70,72,70,3,219,41,128,50,114,28,26,5,4,51
"E01011609",2011,"Leeds 068B","Total",1453,269,77,192,1068,78,538,158,84,192,104,0,0,0,0,0,245,54,60,124,7,207,66,96,45,116,29,45,0,5,37
"E01011610",2011,"Leeds 068C","Total",1394,203,76,127,1103,106,684,168,128,251,137,0,0,0,0,0,206,86,41,65,14,107,25,51,31,88,15,29,4,0,40
"E01011611",2011,"Leeds 068D","Total",1359,202,83,119,1042,86,462,102,76,160,124,2,2,0,0,0,194,58,50,68,18,298,96,141,61,115,26,38,3,3,45
"E01011612",2011,"Leeds 079E","Total",1228,356,199,157,778,136,391,114,76,145,56,0,0,0,0,0,154,84,24,40,6,97,35,23,39,94,21,14,0,6,53
"E01011613",2011,"Leeds 076E","Total",1303,147,57,90,1049,76,565,162,108,212,83,0,0,0,0,0,194,62,18,108,6,214,76,108,30,107,18,35,2,0,52
"E01011614",2011,"Leeds 068E","Total",1807,245,78,167,1423,136,874,258,164,292,160,4,4,0,0,0,256,130,41,79,6,153,49,47,57,139,18,54,0,2,65
"E01011615",2011,"Leeds 070A","Total",1508,181,68,113,1212,102,679,148,131,237,163,7,4,3,0,0,184,56,56,62,10,240,95,97,48,115,30,28,0,2,55
"E01011616",2011,"Leeds 072A","Total",1431,275,97,178,999,98,434,120,71,143,100,2,2,0,0,0,178,48,44,80,6,287,130,112,45,157,30,62,0,11,54
"E01011617",2011,"Leeds 070B","Total",1608,183,71,112,1286,66,527,130,101,189,107,2,2,0,0,0,282,36,85,131,30,409,134,165,110,139,36,39,2,0,62
"E01011618",2011,"Leeds 070C","Total",1581,261,68,193,1165,50,552,126,102,202,122,2,2,0,0,0,205,48,79,62,16,356,150,138,68,155,24,46,10,0,75
"E01011620",2011,"Leeds 072B","Total",1314,104,45,59,1065,62,451,102,57,195,97,0,0,0,0,0,223,34,58,110,21,329,124,170,35,145,42,65,0,2,36
"E01011621",2011,"Leeds 070D","Total",1486,163,61,102,1145,58,537,102,104,197,134,4,4,0,0,0,210,44,43,95,28,336,84,199,53,178,51,64,2,4,57
"E01011622",2011,"Leeds 072C","Total",1635,188,49,139,1216,14,469,84,75,214,96,0,0,0,0,0,236,38,76,89,33,497,234,195,68,231,49,104,4,6,68
"E01011623",2011,"Leeds 075B","Total",1517,291,55,236,1029,30,393,86,54,168,85,0,0,0,0,0,227,56,57,101,13,379,158,172,49,197,28,78,8,6,77
"E01011624",2011,"Leeds 072D","Total",1823,231,109,122,1388,42,581,84,103,301,93,2,2,0,0,0,301,42,89,157,13,462,128,254,80,204,40,102,8,9,45
"E01011625",2011,"Leeds 075C","Total",1472,284,47,237,1018,52,436,82,115,142,97,2,2,0,0,0,252,74,53,118,7,276,132,99,45,170,46,44,6,2,72
"E01011626",2011,"Leeds 075D","Total",1782,478,105,373,1078,46,424,122,53,176,73,0,0,0,0,0,281,150,27,79,25,327,103,147,77,226,33,49,20,4,120
"E01011627",2011,"Leeds 098A","Total",1403,155,100,55,1146,116,629,164,121,222,122,4,4,0,0,0,175,80,36,47,12,222,73,106,43,102,36,32,0,2,32
"E01011628",2011,"Leeds 098B","Total",1328,169,109,60,1086,196,622,188,74,191,169,0,0,0,0,0,150,40,22,85,3,118,34,56,28,73,15,19,0,4,35
"E01011629",2011,"Leeds 098C","Total",1302,200,94,106,1030,96,558,152,101,142,163,4,4,0,0,0,167,74,43,38,12,205,67,90,48,72,14,19,0,4,35
"E01011630",2011,"Leeds 100B","Total",2064,212,67,145,1735,122,1043,266,244,367,166,4,4,0,0,0,337,152,85,90,10,229,90,68,71,117,31,19,0,3,64
"E01011632",2011,"Leeds 098D","Total",1335,213,105,108,1042,88,420,106,50,172,92,0,0,0,0,0,267,54,71,133,9,267,75,120,72,80,27,10,0,4,39
"E01011633",2011,"Leeds 098E","Total",1437,168,84,84,1167,118,768,212,113,270,173,4,4,0,0,0,166,64,49,33,20,111,28,49,34,102,27,30,0,0,45
"E01011634",2011,"Leeds 100C","Total",1499,201,91,110,1185,156,606,186,116,222,82,5,2,3,0,0,234,86,39,92,17,184,45,83,56,113,17,53,0,2,41
"E01011635",2011,"Leeds 097B","Total",1547,219,97,122,1210,162,702,188,157,270,87,2,2,0,0,0,193,100,31,38,24,151,52,45,54,118,29,34,9,4,42
"E01011636",2011,"Leeds 100D","Total",1592,215,111,104,1258,212,782,222,150,292,118,2,2,0,0,0,140,54,34,40,12,122,56,24,42,119,21,32,2,4,60
"E01011637",2011,"Leeds 097C","Total",1768,174,50,124,1470,100,935,228,213,362,132,2,2,0,0,0,245,102,46,91,6,188,76,62,50,124,25,37,3,0,59
"E01011638",2011,"Leeds 097D","Total",1487,164,82,82,1241,174,776,160,132,342,142,0,0,0,0,0,161,56,28,74,3,130,32,55,43,82,11,41,0,2,28
"E01011639",2011,"Leeds 100E","Total",1523,184,96,88,1232,116,616,136,109,225,146,0,0,0,0,0,250,68,58,112,12,250,72,122,56,107,11,28,0,9,59
"E01011641",2011,"Leeds 032B","Total",1522,175,68,107,1230,90,901,166,165,454,116,11,8,0,0,3,146,58,16,60,12,82,24,27,31,117,31,14,0,2,70
"E01011642",2011,"Leeds 032C","Total",1299,128,48,80,939,58,626,118,122,334,52,4,4,0,0,0,119,48,20,43,8,132,52,24,56,232,44,103,8,4,73
"E01011643",2011,"Leeds 037A","Total",1296,212,109,103,960,124,646,162,133,248,103,4,4,0,0,0,85,58,7,17,3,101,44,26,31,124,12,41,0,2,69
"E01011644",2011,"Leeds 037B","Total",1176,204,78,126,851,126,475,116,83,197,79,2,2,0,0,0,117,56,28,28,5,131,58,32,41,121,35,50,0,5,31
"E01011645",2011,"Leeds 032D","Total",1442,214,73,141,1012,46,648,100,73,380,95,2,2,0,0,0,213,122,30,54,7,103,45,33,25,216,30,83,2,2,99
"E01011646",2011,"Leeds 037C","Total",1645,179,75,104,1236,80,816,140,98,430,148,5,2,3,0,0,158,62,53,37,6,177,58,57,62,230,50,87,0,3,90
"E01011647",2011,"Leeds 037D","Total",1716,103,40,63,1067,42,764,72,125,447,120,0,0,0,0,0,91,44,3,38,6,170,39,81,50,546,145,311,0,0,90
"E01011648",2011,"Leeds 037E","Total",1744,113,58,55,1276,88,914,124,112,523,155,0,0,0,0,0,88,28,18,31,11,186,32,94,60,355,68,212,2,4,69
"E01011649",2011,"Leeds 022B","Total",1466,172,90,82,1214,186,790,242,137,300,111,0,0,0,0,0,149,66,21,52,10,89,44,27,18,80,13,45,0,4,18
"E01011650",2011,"Leeds 020A","Total",1424,177,68,109,1093,110,780,178,134,326,142,12,8,0,4,0,128,64,18,40,6,63,27,17,19,154,15,82,0,0,57
"E01011651",2011,"Leeds 020B","Total",1446,206,62,144,1117,74,687,140,159,301,87,0,0,0,0,0,167,82,33,49,3,189,45,80,64,123,17,13,2,0,91
"E01011652",2011,"Leeds 024C","Total",1295,117,40,77,1028,46,755,172,142,322,119,6,6,0,0,0,105,44,21,40,0,116,24,49,43,150,42,15,5,0,88
"E01011653",2011,"Leeds 020C","Total",1330,245,96,149,871,54,537,114,97,251,75,9,4,0,5,0,169,106,9,51,3,102,24,40,38,214,23,15,7,5,164
"E01011654",2011,"Leeds 024D","Total",1434,98,52,46,1273,88,976,166,181,505,124,0,0,0,0,0,137,52,44,41,0,72,23,18,31,63,16,28,0,0,19
"E01011655",2011,"Leeds 020D","Total",1354,313,146,167,956,128,626,200,132,256,38,4,4,0,0,0,122,94,16,12,0,76,26,26,24,85,15,19,0,2,49
"E01011656",2011,"Leeds 035A","Total",1490,166,56,110,1225,40,497,78,88,180,151,3,0,3,0,0,276,58,78,115,25,409,126,217,66,99,33,34,3,2,27
"E01011657",2011,"Leeds 035B","Total",1307,235,69,166,955,44,419,94,90,127,108,0,0,0,0,0,219,44,58,98,19,273,108,108,57,117,18,25,0,7,67
"E01011658",2011,"Leeds 040C","Total",1344,259,135,124,940,64,317,88,52,132,45,0,0,0,0,0,146,34,36,67,9,413,121,227,65,145,54,16,0,8,67
"E01011659",2011,"Leeds 035C","Total",1368,278,88,190,973,68,436,100,66,158,112,0,0,0,0,0,235,68,40,111,16,234,66,104,64,117,23,35,0,8,51
"E01011660",2011,"Leeds 040D","Total",1320,221,94,127,955,68,417,104,67,164,82,2,2,0,0,0,199,52,53,76,18,269,96,118,55,144,39,66,0,0,39
"E01011661",2011,"Leeds 035D","Total",1541,464,208,256,957,104,410,116,82,132,80,0,0,0,0,0,172,54,40,60,18,271,74,115,82,120,31,27,0,12,50
"E01011662",2011,"Leeds 040E","Total",1189,179,33,146,905,18,304,40,61,154,49,0,0,0,0,0,250,52,41,135,22,333,106,159,68,105,14,54,0,2,35
"E01011663",2011,"Leeds 050A","Total",1256,81,26,55,994,22,361,36,95,175,55,0,0,0,0,0,257,48,66,131,12,354,91,220,43,181,54,93,4,0,30
"E01011664",2011,"Leeds 050B","Total",1110,148,83,65,840,62,355,86,64,129,76,0,0,0,0,0,195,26,52,97,20,228,77,90,61,122,31,39,0,12,40
"E01011665",2011,"Leeds 050C","Total",1386,228,68,160,1023,84,535,144,118,181,92,2,2,0,0,0,166,66,27,53,20,236,67,110,59,135,36,56,0,4,39
"E01011666",2011,"Leeds 061D","Total",1490,141,77,64,1225,100,822,170,134,325,193,0,0,0,0,0,155,56,27,59,13,148,48,54,46,124,41,34,0,6,43
"E01011667",2011,"Leeds 050D","Total",1491,102,46,56,1206,12,363,42,81,200,40,0,0,0,0,0,275,30,62,173,10,556,171,324,61,183,23,95,8,5,52
"E01011668",2011,"Leeds 110E","Total",1607,136,14,122,318,4,104,34,21,33,16,2,2,0,0,0,91,72,9,10,0,117,34,56,27,1153,17,33,752,0,351
"E01011669",2011,"Leeds 110F","Total",1255,187,15,172,412,4,156,40,41,64,11,10,10,0,0,0,163,76,39,48,0,79,32,30,17,656,31,8,357,0,260
"E01011670",2011,"Leeds 055A","Total",1917,401,100,301,928,68,418,72,104,185,57,2,2,0,0,0,140,64,24,36,16,300,123,114,63,588,49,59,241,7,232
"E01011671",2011,"Leeds 055B","Total",1535,214,48,166,996,46,374,50,64,217,43,0,0,0,0,0,97,40,14,37,6,479,174,219,86,325,38,59,100,2,126
"E01011673",2011,"Leeds 064B","Total",1691,399,65,334,943,6,499,56,116,293,34,0,0,0,0,0,137,36,45,56,0,301,160,107,34,349,67,88,30,0,164
"E01011677",2011,"Leeds 064D","Total",1526,387,96,291,940,50,460,84,117,201,58,0,0,0,0,0,159,56,41,48,14,271,110,92,69,199,31,41,8,10,109
"E01011678",2011,"Leeds 063B","Total",1393,321,58,263,412,28,173,48,21,100,4,0,0,0,0,0,139,128,0,5,6,72,28,24,20,660,9,10,452,2,187
"E01011681",2011,"Leeds 063D","Total",1557,295,26,269,613,16,283,62,46,132,43,0,0,0,0,0,83,58,3,19,3,231,70,114,47,649,38,87,338,0,186
"E01011684",2011,"Leeds 019C","Total",1548,183,85,98,1197,90,807,180,158,306,163,10,6,0,4,0,138,58,12,68,0,152,32,70,50,168,32,37,0,5,94
"E01011685",2011,"Leeds 109A","Total",1715,275,69,206,1067,92,695,158,137,313,87,2,2,0,0,0,213,148,36,22,7,65,19,16,30,373,41,15,40,2,275
"E01011686",2011,"Leeds 033E","Total",1545,376,148,228,1027,82,438,132,102,140,64,0,0,0,0,0,213,84,55,71,3,294,126,83,85,142,44,28,0,19,51
"E01011687",2011,"Leeds 109B","Total",1469,134,62,72,1120,104,764,154,158,292,160,8,8,0,0,0,130,64,18,38,10,114,21,48,45,215,13,93,3,2,104
"E01011688",2011,"Leeds 031B","Total",1488,152,35,117,1159,58,703,124,173,282,124,2,2,0,0,0,185,108,39,35,3,211,75,90,46,177,41,32,6,2,96
"E01011689",2011,"Leeds 031C","Total",1552,308,132,176,1104,144,621,142,148,224,107,2,2,0,0,0,218,104,48,63,3,119,47,30,42,140,6,30,5,10,89
"E01011690",2011,"Leeds 109C","Total",1351,277,124,153,747,92,443,136,55,184,68,0,0,0,0,0,155,108,15,28,4,57,21,19,17,327,11,18,111,2,185
"E01011691",2011,"Leeds 031D","Total",1527,210,84,126,959,67,400,92,56,202,50,0,0,0,0,0,167,60,34,67,6,325,91,190,44,358,33,39,57,6,223
"E01011692",2011,"Leeds 109D","Total",1382,251,62,189,894,60,533,156,116,200,61,4,4,0,0,0,222,138,21,53,10,75,31,25,19,237,7,10,87,2,131
"E01011693",2011,"Leeds 109E","Total",1504,266,47,219,649,34,234,98,46,46,44,2,2,0,0,0,295,226,32,37,0,84,49,17,18,589,27,26,144,4,388
"E01011694",2011,"Leeds 109F","Total",1803,129,59,70,795,56,501,104,118,208,71,6,2,0,4,0,172,92,34,43,3,60,17,26,17,879,41,63,374,2,399
"E01011695",2011,"Leeds 019D","Total",1533,278,96,182,1132,54,482,78,111,215,78,4,4,0,0,0,215,46,49,89,31,377,133,152,92,123,27,37,0,12,47
"E01011696",2011,"Leeds 006B","Total",1498,182,126,56,1248,224,856,232,142,372,110,0,0,0,0,0,91,38,18,32,3,77,17,27,33,68,12,15,0,9,32
"E01011697",2011,"Leeds 002A","Total",1278,151,78,73,1064,118,696,194,126,282,94,2,2,0,0,0,121,56,15,34,16,127,39,44,44,63,12,16,0,2,33
"E01011698",2011,"Leeds 001A","Total",1501,158,74,84,1251,150,828,240,127,321,140,0,0,0,0,0,102,42,33,24,3,171,38,71,62,92,18,22,0,5,47
"E01011699",2011,"Leeds 001B","Total",1341,138,71,67,1153,184,771,226,130,294,121,0,0,0,0,0,119,66,31,13,9,79,21,19,39,50,0,13,0,2,35
"E01011700",2011,"Leeds 002B","Total",1108,154,89,65,884,158,549,148,106,177,118,0,0,0,0,0,99,28,40,28,3,78,15,33,30,70,10,10,0,0,50
"E01011701",2011,"Leeds 001C","Total",1287,125,73,52,1127,128,790,200,111,366,113,0,0,0,0,0,90,32,17,41,0,119,31,41,47,35,10,0,0,0,25
"E01011702",2011,"Leeds 001D","Total",1184,84,58,26,1059,188,765,220,123,311,111,0,0,0,0,0,45,20,12,13,0,61,13,22,26,41,5,15,0,0,21
"E01011703",2011,"Leeds 001E","Total",1279,123,81,42,1103,244,783,252,98,301,132,0,0,0,0,0,43,24,9,4,6,33,4,14,15,53,29,8,0,0,16
"E01011704",2011,"Leeds 002C","Total",1746,488,281,207,1100,198,538,212,102,154,70,2,2,0,0,0,189,102,54,26,7,173,63,65,45,158,19,25,0,7,107
"E01011705",2011,"Leeds 002D","Total",1375,221,144,77,1082,116,533,128,107,211,87,0,0,0,0,0,209,66,63,70,10,224,70,87,67,72,10,10,0,0,52
"E01011706",2011,"Leeds 006C","Total",1526,140,75,65,1330,200,936,202,139,460,135,2,2,0,0,0,107,48,27,22,10,85,25,42,18,56,9,30,0,0,17
"E01011707",2011,"Leeds 005A","Total",1359,194,136,58,1095,174,718,216,121,279,102,0,0,0,0,0,101,40,18,43,0,102,33,32,37,70,17,19,0,0,34
"E01011708",2011,"Leeds 006D","Total",1468,144,72,72,1274,148,891,234,178,347,132,4,4,0,0,0,125,52,43,24,6,106,27,48,31,50,10,13,0,7,20
"E01011709",2011,"Leeds 005B","Total",1555,176,110,66,1321,220,900,228,101,465,106,0,0,0,0,0,142,52,31,59,0,59,14,13,32,58,29,14,0,2,13
"E01011710",2011,"Leeds 005C","Total",1421,197,99,98,1161,100,807,232,126,343,106,0,0,0,0,0,153,88,15,47,3,101,36,31,34,63,17,20,0,0,26
"E01011711",2011,"Leeds 005D","Total",1389,228,136,92,1110,180,698,212,100,283,103,2,2,0,0,0,124,58,15,48,3,106,34,38,34,51,14,11,0,0,26
"E01011712",2011,"Leeds 005E","Total",1359,145,68,77,1094,112,704,248,89,249,118,2,2,0,0,0,162,70,36,35,21,114,40,33,41,120,41,26,0,2,51
"E01011713",2011,"Leeds 006E","Total",1843,153,66,87,1579,206,1081,264,205,447,165,6,6,0,0,0,166,48,37,74,7,120,35,60,25,111,23,44,0,7,37
"E01011714",2011,"Leeds 029A","Total",1474,142,81,61,1203,120,762,194,136,258,174,0,0,0,0,0,157,46,38,51,22,164,58,64,42,129,23,33,5,4,64
"E01011715",2011,"Leeds 022C","Total",1277,130,65,65,1060,128,673,182,105,269,117,0,0,0,0,0,146,46,32,59,9,113,44,36,33,87,30,12,7,0,38
"E01011716",2011,"Leeds 029B","Total",1481,152,73,79,1158,190,739,178,138,252,171,0,0,0,0,0,112,44,38,27,3,117,26,51,40,171,64,53,0,7,47
"E01011717",2011,"Leeds 029C","Total",1495,204,109,95,1149,94,627,156,97,219,155,0,0,0,0,0,164,64,35,56,9,264,99,101,64,142,45,48,0,5,44
"E01011718",2011,"Leeds 029D","Total",1393,201,66,135,1073,60,571,138,117,212,104,0,0,0,0,0,195,38,74,83,0,247,63,111,73,119,13,50,0,3,53
"E01011719",2011,"Leeds 022D","Total",1420,151,103,48,1212,226,734,220,120,233,161,0,0,0,0,0,132,52,19,50,11,120,37,39,44,57,14,19,0,4,20
"E01011720",2011,"Leeds 029E","Total",1498,258,130,128,1114,116,563,146,112,195,110,2,2,0,0,0,193,80,34,69,10,240,44,121,75,126,41,34,0,5,46
"E01011721",2011,"Leeds 041A","Total",1522,178,78,100,1220,74,556,120,95,226,115,4,0,0,4,0,245,38,64,116,27,341,122,144,75,124,41,39,0,2,42
"E01011722",2011,"Leeds 041B","Total",1860,276,108,168,1400,72,599,162,153,217,67,0,0,0,0,0,392,108,95,167,22,337,127,114,96,184,31,71,0,2,80
"E01011723",2011,"Leeds 041C","Total",1417,212,133,79,1057,70,430,118,91,127,94,0,0,0,0,0,175,36,57,72,10,382,95,221,66,148,17,84,9,4,34
"E01011724",2011,"Leeds 041D","Total",1821,305,110,195,1368,86,572,140,94,236,102,0,0,0,0,0,317,84,94,126,13,393,113,165,115,148,46,33,2,2,65
"E01011725",2011,"Leeds 078A","Total",1557,283,79,204,1137,50,424,72,73,232,47,4,0,4,0,0,285,48,76,148,13,374,131,170,73,137,50,41,2,0,44
"E01011726",2011,"Leeds 080A","Total",1428,218,62,156,1063,78,446,98,98,160,90,2,2,0,0,0,264,80,52,120,12,273,93,108,72,147,37,55,0,6,49
"E01011727",2011,"Leeds 080B","Total",1547,169,55,114,1255,118,689,192,175,203,119,0,0,0,0,0,285,126,66,83,10,163,72,41,50,123,33,35,0,0,55
"E01011728",2011,"Leeds 080C","Total",1414,183,100,83,1120,182,609,176,127,190,116,4,4,0,0,0,188,72,45,61,10,137,45,65,27,111,26,45,0,4,36
"E01011729",2011,"Leeds 078B","Total",1498,331,78,253,957,52,381,82,102,109,88,4,4,0,0,0,288,112,63,95,18,232,98,90,44,210,37,42,6,2,123
"E01011730",2011,"Leeds 078C","Total",1559,199,51,148,1237,44,498,122,129,170,77,2,2,0,0,0,343,86,76,163,18,350,122,169,59,123,38,47,0,0,38
"E01011731",2011,"Leeds 081B","Total",1418,166,88,78,1170,106,716,214,142,208,152,2,2,0,0,0,198,70,49,60,19,148,45,49,54,82,22,31,0,0,29
"E01011732",2011,"Leeds 081C","Total",1812,211,93,118,1458,118,885,224,201,299,161,2,2,0,0,0,280,110,88,69,13,173,46,65,62,143,14,39,0,0,90
"E01011733",2011,"Leeds 081D","Total",1459,238,113,125,1130,114,673,210,134,179,150,0,0,0,0,0,203,100,46,38,19,140,48,59,33,91,30,19,0,2,40
"E01011734",2011,"Leeds 083A","Total",2315,291,81,210,1872,142,1015,262,225,370,158,0,0,0,0,0,466,226,90,117,33,249,87,114,48,152,41,46,2,0,63
"E01011735",2011,"Leeds 078D","Total",1659,278,109,169,1221,67,473,92,91,197,93,3,0,3,0,0,327,86,94,133,14,351,111,160,80,160,34,40,0,2,84
"E01011736",2011,"Leeds 083B","Total",1485,173,66,107,1206,130,659,170,129,210,150,2,2,0,0,0,257,102,77,71,7,158,47,65,46,106,20,22,0,0,64
"E01011737",2011,"Leeds 083C","Total",1563,301,95,206,1126,58,456,138,101,126,91,0,0,0,0,0,284,114,64,91,15,328,130,146,52,136,15,38,0,2,81
"E01011738",2011,"Leeds 083D","Total",1428,191,72,119,1168,92,817,210,180,308,119,0,0,0,0,0,143,74,30,33,6,116,51,28,37,69,22,14,0,0,33
"E01011739",2011,"Leeds 080D","Total",1530,256,66,190,1132,114,500,120,88,194,98,2,2,0,0,0,231,78,48,74,31,285,104,114,67,142,20,44,0,5,73
"E01032487",2011,"Leeds 097F","Total",1013,145,97,48,774,90,366,94,72,136,64,0,0,0,0,0,117,42,33,14,28,201,57,96,48,94,25,31,0,0,38
"E01032488",2011,"Leeds 097G","Total",1824,154,91,63,1522,180,1053,244,187,436,186,2,2,0,0,0,149,72,21,44,12,138,33,55,50,148,19,75,0,5,49
"E01032489",2011,"Leeds 102F","Total",1923,297,73,224,1418,70,758,220,140,262,136,4,4,0,0,0,390,226,66,95,3,196,78,66,52,208,40,43,0,4,121
"E01032490",2011,"Leeds 102G","Total",1396,142,23,119,1204,44,790,180,140,383,87,0,0,0,0,0,256,114,71,57,14,114,41,50,23,50,6,6,0,0,38
"E01032491",2011,"Leeds 102H","Total",1230,89,20,69,1078,40,704,196,127,282,99,2,2,0,0,0,226,92,58,66,10,106,43,49,14,63,8,17,0,3,35
"E01032492",2011,"Leeds 102I","Total",1967,420,89,331,1363,68,471,160,108,141,62,0,0,0,0,0,451,194,97,150,10,373,156,112,105,184,55,42,4,2,81
"E01032493",2011,"Leeds 033F","Total",1343,203,68,135,984,100,550,144,133,171,102,0,0,0,0,0,231,126,30,69,6,103,38,34,31,156,17,33,4,3,99
"E01032494",2011,"Leeds 033G","Total",1727,212,72,140,1283,56,503,100,113,169,121,0,0,0,0,0,295,104,61,104,26,429,121,207,101,232,45,76,4,2,105
"E01032495",2011,"Leeds 105E","Total",2399,174,44,130,2043,36,1132,262,264,496,110,4,4,0,0,0,549,228,97,209,15,322,122,155,45,182,69,58,0,0,55
"E01032496",2011,"Leeds 105F","Total",2044,236,74,162,1698,88,1029,240,201,436,152,0,0,0,0,0,375,158,94,95,28,206,77,81,48,110,23,19,0,2,66
"E01032497",2011,"Leeds 099E","Total",1496,203,60,143,1202,46,477,124,84,197,72,2,2,0,0,0,284,86,46,141,11,393,136,187,70,91,8,49,3,2,29
"E01032498",2011,"Leeds 099F","Total",1524,214,112,102,1177,202,631,192,157,141,141,0,0,0,0,0,163,62,38,54,9,181,47,76,58,133,28,36,0,11,58
"E01032499",2011,"Leeds 067G","Total",1725,180,76,104,1374,134,934,208,195,330,201,2,2,0,0,0,200,86,42,60,12,104,27,26,51,171,41,52,2,4,72
"E01032500",2011,"Leeds 067H","Total",1144,262,55,207,616,34,246,74,44,96,32,4,4,0,0,0,200,102,42,50,6,132,61,45,26,266,54,48,0,2,162
"E01032501",2011,"Leeds 017E","Total",1173,120,62,58,1009,124,642,184,89,269,100,6,2,4,0,0,142,60,18,46,18,95,32,39,24,44,9,11,2,2,20
"E01032502",2011,"Leeds 017F","Total",1842,265,77,188,1408,68,633,118,125,259,131,7,4,3,0,0,279,98,59,100,22,421,138,205,78,169,45,21,0,0,103
"E01032503",2011,"Leeds 007E","Total",1462,157,73,84,1221,144,883,204,116,444,119,3,0,3,0,0,96,52,21,23,0,95,18,38,39,84,17,27,0,2,38
"E01032504",2011,"Leeds 007F","Total",1584,177,136,41,1310,234,903,220,155,404,124,2,2,0,0,0,85,24,23,32,6,86,22,37,27,97,26,28,0,6,37
"E01032606",2011,"Leeds 067I","Total",1982,326,87,239,1503,104,836,188,200,304,144,0,0,0,0,0,268,98,47,102,21,295,107,90,98,153,27,27,2,2,95
"E01032607",2011,"Leeds 067J","Total",1057,255,84,171,665,38,333,90,53,134,56,4,4,0,0,0,164,102,42,16,4,126,51,57,18,137,21,22,0,2,92
"E01032608",2011,"Leeds 067K","Total",1147,177,40,137,733,28,439,90,67,205,77,0,0,0,0,0,137,88,18,31,0,129,52,55,22,237,29,59,4,2,143
"E01032876",2011,"Leeds 109G","Total",1339,127,39,88,898,120,588,146,112,247,83,4,4,0,0,0,128,88,15,25,0,58,14,21,23,314,34,28,175,7,70
"E01032945",2011,"Leeds 044F","Total",3161,172,34,138,391,30,220,62,51,66,41,2,2,0,0,0,96,56,12,25,3,43,8,3,32,2598,42,38,1921,5,592
"E01032946",2011,"Leeds 110G","Total",1866,302,128,174,508,48,214,66,47,72,29,2,2,0,0,0,191,160,19,9,3,53,18,20,15,1056,29,31,651,8,337
"E01033002",2011,"Leeds 055F","Total",1310,414,102,312,581,22,313,80,99,131,3,0,0,0,0,0,142,100,15,21,6,104,41,38,25,315,23,15,114,2,161
"E01033003",2011,"Leeds 055G","Total",1783,697,35,662,782,4,466,102,160,191,13,0,0,0,0,0,181,146,21,14,0,131,79,26,26,304,43,44,68,0,149
"E01033005",2011,"Leeds 055H","Total",1993,395,50,345,689,12,340,66,53,198,23,0,0,0,0,0,126,90,10,19,7,211,89,76,46,909,32,71,542,2,262
"E01033006",2011,"Leeds 063E","Total",2218,457,19,438,538,14,283,74,60,136,13,0,0,0,0,0,150,132,12,0,6,91,39,27,25,1223,26,25,690,0,482
"E01033008",2011,"Leeds 111A","Total",1092,364,4,360,376,0,129,64,33,26,6,4,4,0,0,0,230,214,12,4,0,13,6,0,7,352,0,5,67,0,280
"E01033010",2011,"Leeds 111B","Total",1047,400,3,397,343,0,107,62,24,21,0,2,2,0,0,0,230,220,6,4,0,4,0,0,4,304,4,4,117,0,179
"E01033011",2011,"Leeds 111C","Total",1172,415,12,403,420,0,83,70,6,0,7,0,0,0,0,0,321,306,12,0,3,16,14,0,2,337,0,13,87,0,237
"E01033013",2011,"Leeds 082E","Total",1164,298,63,235,605,42,227,80,49,88,10,6,0,0,6,0,200,136,31,30,3,130,54,46,30,261,12,22,35,6,186
"E01033015",2011,"Leeds 111D","Total",1167,299,4,295,437,0,137,74,33,24,6,7,4,3,0,0,278,266,12,0,0,15,6,3,6,431,11,0,58,0,362
"E01033016",2011,"Leeds 111E","Total",1015,441,5,436,373,6,129,72,36,12,9,2,2,0,0,0,232,222,6,4,0,4,2,0,2,201,5,0,18,0,178
"E01033018",2011,"Leeds 112D","Total",1136,363,1,362,423,0,137,82,42,13,0,2,2,0,0,0,270,258,12,0,0,14,12,0,2,350,0,4,30,0,316
"E01033019",2011,"Leeds 112E","Total",1214,365,3,362,449,2,121,70,39,12,0,8,8,0,0,0,297,288,9,0,0,21,14,3,4,400,2,4,79,0,315
"E01033021",2011,"Leeds 075E","Total",1244,391,124,267,718,50,264,86,33,107,38,0,0,0,0,0,194,86,23,63,22,210,74,92,44,135,30,49,7,2,47
"E01033031",2011,"Leeds 064E","Total",1269,450,59,391,591,34,300,78,99,110,13,0,0,0,0,0,179,164,15,0,0,78,27,26,25,228,16,6,22,4,180
"E01033032",2011,"Leeds 082F","Total",1278,417,37,380,582,12,258,110,78,57,13,0,0,0,0,0,232,202,22,8,0,80,28,29,23,279,3,0,20,0,256
"E01033033",2011,"Leeds 075F","Total",1185,381,43,338,444,18,160,84,40,8,28,2,2,0,0,0,197,190,0,4,3,67,29,14,24,360,9,8,71,2,270
"E01033034",2011,"Leeds 075G","Total",1025,316,10,306,464,0,124,82,30,12,0,4,4,0,0,0,330,318,9,0,3,6,4,0,2,245,5,0,35,0,205
"E01033035",2011,"Leeds 064F","Total",1407,436,29,407,845,4,537,62,153,295,27,0,0,0,0,0,96,32,25,36,3,208,103,81,24,126,17,16,2,7,84
