"lsoa11cd","date","lsoa11nm","Rural Urban","Ethnic Group: All usual residents; measures: Value","Ethnic Group: White; measures: Value","Ethnic Group: White: English/Welsh/Scottish/Northern Irish/British; measures: Value","Ethnic Group: White: Irish; measures: Value","Ethnic Group: White: Gypsy or Irish Traveller; measures: Value","Ethnic Group: White: Other White; measures: Value","Ethnic Group: Mixed/multiple ethnic groups; measures: Value","Ethnic Group: Mixed/multiple ethnic groups: White and Black Caribbean; measures: Value","Ethnic Group: Mixed/multiple ethnic groups: White and Black African; measures: Value","Ethnic Group: Mixed/multiple ethnic groups: White and Asian; measures: Value","Ethnic Group: Mixed/multiple ethnic groups: Other Mixed; measures: Value","Ethnic Group: Asian/Asian British; measures: Value","Ethnic Group: Asian/Asian British: Indian; measures: Value","Ethnic Group: Asian/Asian British: Pakistani; measures: Value","Ethnic Group: Asian/Asian British: Bangladeshi; measures: Value","Ethnic Group: Asian/Asian British: Chinese; measures: Value","Ethnic Group: Asian/Asian British: Other Asian; measures: Value","Ethnic Group: Black/African/Caribbean/Black British; measures: Value","Ethnic Group: Black/African/Caribbean/Black British: African; measures: Value","Ethnic Group: Black/African/Caribbean/Black British: Caribbean; measures: Value","Ethnic Group: Black/African/Caribbean/Black British: Other Black; measures: Value","Ethnic Group: Other ethnic group; measures: Value","Ethnic Group: Other ethnic group: Arab; measures: Value","Ethnic Group: Other ethnic group: Any other ethnic group; measures: Value"
"E01011264",2011,"Leeds 011A","Total",1279,1267,1253,4,1,9,5,4,0,1,0,6,0,0,0,5,1,0,0,0,0,1,0,1
"E01011265",2011,"Leeds 009A","Total",1625,1580,1547,7,0,26,24,6,2,5,11,15,0,2,0,6,7,0,0,0,0,6,0,6
"E01011266",2011,"Leeds 008A","Total",2027,1932,1888,9,2,33,18,8,0,7,3,54,18,15,0,13,8,12,2,2,8,11,6,5
"E01011267",2011,"Leeds 009B","Total",1496,1441,1412,5,0,24,23,8,4,6,5,25,13,8,0,2,2,6,4,2,0,1,0,1
"E01011268",2011,"Leeds 010A","Total",1394,1358,1327,8,1,22,8,5,0,3,0,21,2,10,0,5,4,3,0,2,1,4,2,2
"E01011269",2011,"Leeds 011B","Total",1552,1509,1490,6,2,11,17,5,4,7,1,23,4,8,1,8,2,2,0,1,1,1,0,1
"E01011270",2011,"Leeds 008B","Total",1616,1550,1518,8,0,24,16,3,4,5,4,39,17,17,1,3,1,6,1,0,5,5,1,4
"E01011271",2011,"Leeds 009C","Total",2158,2089,2045,20,0,24,24,5,5,10,4,24,10,1,0,4,9,4,0,4,0,17,13,4
"E01011272",2011,"Leeds 009D","Total",1521,1482,1465,11,0,6,14,3,2,6,3,11,0,5,0,4,2,6,0,5,1,8,5,3
"E01011273",2011,"Leeds 010B","Total",1487,1439,1404,12,0,23,11,2,0,6,3,26,7,1,0,11,7,7,5,1,1,4,1,3
"E01011274",2011,"Leeds 010C","Total",1488,1447,1409,11,3,24,23,11,3,7,2,14,3,1,2,7,1,3,2,1,0,1,1,0
"E01011275",2011,"Leeds 010D","Total",1350,1326,1290,14,0,22,11,6,3,1,1,11,5,0,0,5,1,0,0,0,0,2,0,2
"E01011276",2011,"Leeds 011C","Total",1384,1334,1306,8,0,20,15,4,0,9,2,26,0,10,1,9,6,3,2,1,0,6,0,6
"E01011277",2011,"Leeds 014A","Total",1511,1448,1423,13,1,11,11,4,1,3,3,44,16,10,1,13,4,8,1,6,1,0,0,0
"E01011278",2011,"Leeds 014B","Total",1631,1560,1528,5,0,27,21,8,8,2,3,34,14,0,2,13,5,11,4,4,3,5,4,1
"E01011279",2011,"Leeds 008C","Total",1312,1284,1261,7,0,16,15,9,0,4,2,11,10,0,0,0,1,2,1,1,0,0,0,0
"E01011280",2011,"Leeds 008D","Total",1757,1715,1695,12,1,7,17,7,0,8,2,13,3,7,0,1,2,6,5,1,0,6,1,5
"E01011281",2011,"Leeds 059A","Total",1878,1532,1390,20,1,121,86,49,13,14,10,147,44,15,17,34,37,97,71,14,12,16,4,12
"E01011282",2011,"Leeds 059B","Total",1378,1319,1278,4,0,37,31,12,5,5,9,12,9,0,0,2,1,12,12,0,0,4,0,4
"E01011283",2011,"Leeds 059C","Total",1331,1182,1116,13,0,53,51,22,10,13,6,43,16,9,0,9,9,54,46,3,5,1,1,0
"E01011284",2011,"Leeds 071A","Total",1751,1585,1332,23,5,225,64,32,9,11,12,68,14,31,1,1,21,22,15,5,2,12,4,8
"E01011286",2011,"Leeds 059D","Total",1244,1110,1068,13,0,29,23,7,4,8,4,78,43,17,1,14,3,28,21,2,5,5,0,5
"E01011287",2011,"Leeds 067B","Total",1320,1242,1207,6,1,28,31,16,5,6,4,31,15,5,1,4,6,16,8,5,3,0,0,0
"E01011292",2011,"Leeds 071B","Total",1619,1248,1094,13,2,139,41,19,6,10,6,269,45,170,1,11,42,46,35,9,2,15,6,9
"E01011293",2011,"Leeds 071C","Total",1720,1240,1036,12,1,191,68,39,6,8,15,295,42,226,3,3,21,69,46,7,16,48,16,32
"E01011294",2011,"Leeds 071D","Total",1518,1219,1137,16,8,58,49,24,5,9,11,206,22,155,4,5,20,39,16,11,12,5,5,0
"E01011295",2011,"Leeds 059E","Total",1526,1422,1322,17,2,81,28,9,10,5,4,27,4,16,0,1,6,46,35,10,1,3,0,3
"E01011296",2011,"Leeds 030A","Total",1678,1667,1629,13,1,24,4,1,0,3,0,1,0,1,0,0,0,4,4,0,0,2,1,1
"E01011297",2011,"Leeds 030B","Total",1585,1526,1505,7,0,14,25,5,1,11,8,21,18,1,0,0,2,7,5,1,1,6,0,6
"E01011298",2011,"Leeds 088A","Total",1538,1491,1473,4,0,14,11,6,0,5,0,18,6,4,0,5,3,15,11,4,0,3,1,2
"E01011299",2011,"Leeds 088B","Total",2238,2193,2156,7,2,28,19,6,2,3,8,7,1,2,0,0,4,14,8,1,5,5,3,2
"E01011300",2011,"Leeds 089A","Total",1469,1435,1421,7,0,7,19,6,2,8,3,12,2,7,0,1,2,2,2,0,0,1,0,1
"E01011301",2011,"Leeds 089B","Total",1336,1321,1313,4,0,4,10,3,2,1,4,1,0,0,0,1,0,3,1,1,1,1,0,1
"E01011302",2011,"Leeds 088C","Total",1406,1392,1375,10,0,7,8,3,2,2,1,1,0,1,0,0,0,5,2,3,0,0,0,0
"E01011303",2011,"Leeds 088D","Total",1145,1127,1121,4,1,1,6,0,3,1,2,5,4,0,0,1,0,7,2,0,5,0,0,0
"E01011304",2011,"Leeds 089C","Total",1591,1544,1529,7,0,8,29,15,3,5,6,5,3,0,0,0,2,5,3,2,0,8,0,8
"E01011305",2011,"Leeds 089D","Total",1496,1454,1446,1,0,7,20,6,3,4,7,10,10,0,0,0,0,11,5,2,4,1,0,1
"E01011306",2011,"Leeds 089E","Total",1342,1322,1311,3,0,8,5,1,1,3,0,9,5,1,1,0,2,3,1,0,2,3,1,2
"E01011307",2011,"Leeds 103A","Total",1526,1511,1503,3,0,5,10,0,5,1,4,3,3,0,0,0,0,1,0,0,1,1,0,1
"E01011308",2011,"Leeds 103B","Total",1528,1510,1504,0,0,6,8,5,0,2,1,4,0,1,1,2,0,4,1,1,2,2,1,1
"E01011309",2011,"Leeds 030C","Total",1507,1477,1455,10,0,12,14,4,4,5,1,13,6,7,0,0,0,2,1,1,0,1,1,0
"E01011310",2011,"Leeds 030D","Total",1623,1557,1512,22,0,23,19,2,5,8,4,33,27,1,0,1,4,10,7,3,0,4,0,4
"E01011311",2011,"Leeds 022A","Total",1217,1058,1014,21,0,23,23,6,0,9,8,121,77,26,8,0,10,2,0,1,1,13,0,13
"E01011312",2011,"Leeds 086A","Total",1599,668,538,6,6,118,74,25,11,31,7,659,36,362,226,8,27,159,125,14,20,39,17,22
"E01011313",2011,"Leeds 091A","Total",1595,1342,1187,23,0,132,33,13,2,16,2,160,17,118,19,1,5,44,32,11,1,16,6,10
"E01011314",2011,"Leeds 091B","Total",1472,1180,1001,27,1,151,55,21,5,20,9,215,26,138,28,6,17,14,7,4,3,8,5,3
"E01011315",2011,"Leeds 090A","Total",1552,1369,1264,26,4,75,41,16,4,9,12,115,17,67,25,2,4,12,5,3,4,15,3,12
"E01011316",2011,"Leeds 086B","Total",1657,893,747,14,0,132,74,17,11,33,13,488,16,301,102,11,58,161,112,14,35,41,2,39
"E01011317",2011,"Leeds 090B","Total",1705,1436,1377,14,3,42,49,31,3,12,3,64,19,19,8,8,10,118,94,16,8,38,3,35
"E01011318",2011,"Leeds 090C","Total",1470,1176,1127,6,1,42,59,32,6,14,7,63,9,13,7,6,28,137,114,11,12,35,6,29
"E01011319",2011,"Leeds 091C","Total",1568,1154,1052,21,6,75,25,7,2,7,9,347,48,214,39,8,38,30,18,2,10,12,3,9
"E01011320",2011,"Leeds 091D","Total",1674,1341,1227,40,0,74,33,11,5,11,6,245,38,121,29,23,34,47,26,10,11,8,0,8
"E01011321",2011,"Leeds 090D","Total",1544,1250,1184,12,1,53,57,21,12,8,16,92,6,32,24,19,11,130,102,10,18,15,3,12
"E01011322",2011,"Leeds 091E","Total",1544,1339,1261,26,2,50,52,22,2,18,10,91,26,23,17,10,15,50,40,7,3,12,6,6
"E01011323",2011,"Leeds 051A","Total",1267,1235,1219,6,0,10,14,3,0,10,1,13,5,2,0,5,1,4,2,2,0,1,0,1
"E01011324",2011,"Leeds 046A","Total",2251,2030,1940,16,1,73,71,35,6,15,15,38,19,2,0,11,6,99,75,6,18,13,6,7
"E01011325",2011,"Leeds 046B","Total",1436,1349,1299,10,1,39,20,14,0,3,3,35,19,1,1,9,5,23,20,2,1,9,2,7
"E01011326",2011,"Leeds 046C","Total",1359,1277,1233,7,0,37,21,11,3,4,3,22,7,0,3,9,3,33,24,4,5,6,3,3
"E01011327",2011,"Leeds 052A","Total",1325,1252,1205,9,1,37,22,13,1,5,3,26,12,0,0,7,7,20,14,2,4,5,1,4
"E01011328",2011,"Leeds 052B","Total",1491,1426,1411,6,2,7,37,13,3,10,11,8,0,1,0,5,2,19,9,2,8,1,0,1
"E01011329",2011,"Leeds 051B","Total",1486,1443,1408,10,0,25,26,16,1,4,5,6,0,0,1,2,3,4,1,3,0,7,0,7
"E01011330",2011,"Leeds 051C","Total",1254,1198,1191,1,1,5,21,5,2,6,8,25,20,2,1,2,0,9,7,2,0,1,0,1
"E01011331",2011,"Leeds 058A","Total",1238,1196,1162,11,0,23,20,8,2,5,5,8,1,2,0,2,3,12,10,1,1,2,2,0
"E01011332",2011,"Leeds 046D","Total",1340,1228,1197,5,0,26,37,14,4,5,14,33,9,11,0,12,1,37,30,3,4,5,0,5
"E01011333",2011,"Leeds 051D","Total",1263,1197,1175,6,1,15,32,19,2,6,5,12,6,0,0,4,2,19,11,2,6,3,0,3
"E01011334",2011,"Leeds 058B","Total",1293,1231,1204,8,1,18,32,15,2,8,7,13,6,4,0,2,1,16,9,6,1,1,0,1
"E01011335",2011,"Leeds 052C","Total",1671,1584,1530,9,3,42,33,16,1,7,9,36,21,2,0,6,7,16,6,1,9,2,1,1
"E01011336",2011,"Leeds 058C","Total",1525,1476,1450,6,0,20,26,12,4,7,3,10,2,5,1,2,0,10,5,2,3,3,1,2
"E01011337",2011,"Leeds 058D","Total",1399,1285,1207,6,0,72,31,19,7,4,1,40,4,18,1,12,5,34,32,0,2,9,3,6
"E01011338",2011,"Leeds 064A","Total",1671,738,657,13,3,65,127,55,36,12,24,128,10,18,2,13,85,571,433,48,90,107,30,77
"E01011339",2011,"Leeds 060A","Total",1783,1283,1155,30,0,98,79,45,17,11,6,171,35,94,5,18,19,246,182,34,30,4,0,4
"E01011340",2011,"Leeds 060B","Total",1616,1118,1030,37,0,51,81,59,4,5,13,139,25,37,5,14,58,266,171,52,43,12,0,12
"E01011341",2011,"Leeds 061A","Total",1484,1362,1311,24,1,26,47,27,4,7,9,35,10,6,1,7,11,39,29,6,4,1,0,1
"E01011342",2011,"Leeds 060C","Total",1410,1041,955,12,0,74,48,30,10,5,3,71,12,31,2,5,21,240,161,39,40,10,0,10
"E01011343",2011,"Leeds 061B","Total",1663,1533,1482,18,1,32,53,30,12,3,8,35,11,9,0,7,8,37,7,15,15,5,1,4
"E01011344",2011,"Leeds 065A","Total",1764,1194,1038,27,7,122,142,79,30,23,10,207,41,105,5,29,27,191,135,27,29,30,8,22
"E01011345",2011,"Leeds 061C","Total",1418,1306,1245,24,1,36,39,22,2,9,6,45,9,1,0,10,25,13,3,4,6,15,9,6
"E01011346",2011,"Leeds 060D","Total",1791,1516,1455,18,1,42,74,38,12,8,16,49,6,26,4,6,7,142,90,36,16,10,0,10
"E01011347",2011,"Leeds 065B","Total",1671,1149,1036,16,3,94,109,67,19,17,6,122,28,38,5,21,30,274,193,38,43,17,3,14
"E01011348",2011,"Leeds 065C","Total",1622,1085,989,13,14,69,81,49,12,16,4,118,32,24,7,17,38,307,230,37,40,31,6,25
"E01011349",2011,"Leeds 065D","Total",1716,1152,1057,39,5,51,96,43,24,20,9,173,15,17,6,5,130,242,210,11,21,53,6,47
"E01011350",2011,"Leeds 034A","Total",1625,1264,1156,33,0,75,43,18,4,10,11,193,85,64,0,9,35,91,9,65,17,34,5,29
"E01011351",2011,"Leeds 034B","Total",1696,1533,1414,33,0,86,55,23,6,16,10,64,38,5,0,11,10,33,10,18,5,11,2,9
"E01011352",2011,"Leeds 034C","Total",1790,1478,1358,36,0,84,98,53,4,19,22,94,45,27,5,7,10,98,16,60,22,22,9,13
"E01011353",2011,"Leeds 034D","Total",1865,1514,1389,32,0,93,75,36,5,24,10,125,75,32,0,2,16,127,23,90,14,24,13,11
"E01011354",2011,"Leeds 038A","Total",1397,951,884,15,2,50,107,64,9,9,25,81,4,33,4,14,26,246,171,47,28,12,4,8
"E01011355",2011,"Leeds 038B","Total",1378,1091,1008,27,0,56,100,70,10,6,14,66,15,25,9,4,13,100,29,52,19,21,5,16
"E01011356",2011,"Leeds 042A","Total",1926,1009,850,23,5,131,129,80,13,19,17,400,201,114,7,15,63,330,46,213,71,58,4,54
"E01011357",2011,"Leeds 038C","Total",1914,710,595,23,2,90,183,122,15,12,34,350,69,145,50,23,63,614,210,280,124,57,11,46
"E01011358",2011,"Leeds 042B","Total",1453,841,742,39,0,60,130,88,11,23,8,185,76,71,5,11,22,282,72,157,53,15,2,13
"E01011359",2011,"Leeds 042C","Total",1682,806,714,14,0,78,118,62,15,22,19,394,77,152,121,13,31,346,98,172,76,18,5,13
"E01011360",2011,"Leeds 042D","Total",2075,273,169,9,13,82,165,105,30,5,25,962,83,635,149,16,79,645,148,342,155,30,6,24
"E01011361",2011,"Leeds 042E","Total",2478,391,285,16,4,86,276,180,46,22,28,549,47,249,122,31,100,1234,349,657,228,28,11,17
"E01011362",2011,"Leeds 081A","Total",1820,1509,1370,17,3,119,63,27,6,17,13,128,31,58,2,12,25,109,87,7,15,11,0,11
"E01011363",2011,"Leeds 071E","Total",1614,1293,1184,13,2,94,68,43,12,5,8,71,19,21,3,11,17,160,135,14,11,22,8,14
"E01011364",2011,"Leeds 085A","Total",1631,1210,1070,11,0,129,78,34,24,9,11,183,29,68,28,10,48,133,116,13,4,27,2,25
"E01011366",2011,"Leeds 082A","Total",1588,1076,926,10,2,138,77,32,17,24,4,250,30,143,20,17,40,166,132,12,22,19,3,16
"E01011368",2011,"Leeds 082C","Total",1275,892,804,12,3,73,49,21,11,12,5,176,31,95,25,0,25,140,114,11,15,18,5,13
"E01011369",2011,"Leeds 090E","Total",1561,1440,1334,19,6,81,38,29,2,5,2,62,15,34,9,0,4,15,12,2,1,6,2,4
"E01011370",2011,"Leeds 082D","Total",1724,1143,1003,16,1,123,35,19,8,3,5,420,39,253,49,7,72,106,72,6,28,20,16,4
"E01011371",2011,"Leeds 085B","Total",1460,1055,965,31,6,53,62,19,16,19,8,226,12,66,112,5,31,98,61,9,28,19,8,11
"E01011372",2011,"Leeds 086C","Total",1380,512,379,5,5,123,57,23,5,19,10,618,26,301,253,6,32,150,119,8,23,43,3,40
"E01011373",2011,"Leeds 085C","Total",1439,869,757,23,0,89,78,20,14,33,11,298,14,188,50,13,33,153,127,4,22,41,22,19
"E01011374",2011,"Leeds 085D","Total",1195,998,861,5,2,130,34,18,3,6,7,78,18,15,12,8,25,78,59,7,12,7,3,4
"E01011375",2011,"Leeds 086D","Total",1847,699,523,8,7,161,78,28,10,28,12,886,14,652,146,13,61,175,136,16,23,9,1,8
"E01011376",2011,"Leeds 013A","Total",1516,1479,1443,13,0,23,12,2,2,8,0,17,10,1,0,2,4,7,3,3,1,1,0,1
"E01011377",2011,"Leeds 013B","Total",1386,1323,1305,7,0,11,8,3,0,2,3,47,16,14,0,8,9,4,1,2,1,4,1,3
"E01011378",2011,"Leeds 013C","Total",1394,1147,1101,15,1,30,57,26,6,9,16,88,16,14,0,4,54,27,19,8,0,75,50,25
"E01011379",2011,"Leeds 017A","Total",1482,1304,1248,19,0,37,39,22,4,7,6,63,19,21,0,5,18,27,8,15,4,49,29,20
"E01011380",2011,"Leeds 016A","Total",1523,1355,1305,21,0,29,15,1,0,6,8,108,62,18,6,18,4,18,14,3,1,27,22,5
"E01011381",2011,"Leeds 016B","Total",1312,1038,1007,14,0,17,24,3,3,9,9,175,73,59,9,9,25,5,2,1,2,70,51,19
"E01011382",2011,"Leeds 013D","Total",1456,1382,1344,11,0,27,22,9,2,6,5,29,16,2,0,3,8,15,13,1,1,8,7,1
"E01011383",2011,"Leeds 019A","Total",1566,1275,1232,13,2,28,40,14,4,18,4,128,52,23,11,6,36,42,25,7,10,81,58,23
"E01011384",2011,"Leeds 017B","Total",1485,1364,1319,10,0,35,36,10,1,23,2,37,13,6,5,2,11,11,6,4,1,37,24,13
"E01011385",2011,"Leeds 016C","Total",1249,1009,951,6,5,47,24,4,2,11,7,158,95,32,0,8,23,35,22,3,10,23,14,9
"E01011386",2011,"Leeds 016D","Total",1419,1177,1119,21,0,37,39,12,3,20,4,150,81,30,5,7,27,15,7,6,2,38,29,9
"E01011388",2011,"Leeds 019B","Total",1407,1213,1158,12,0,43,38,20,2,11,5,87,32,9,7,19,20,8,6,0,2,61,45,16
"E01011390",2011,"Leeds 087A","Total",1443,1421,1405,5,1,10,6,4,0,2,0,12,6,2,0,0,4,3,3,0,0,1,0,1
"E01011391",2011,"Leeds 087B","Total",1645,1603,1587,9,0,7,19,5,8,5,1,15,7,0,0,1,7,6,1,5,0,2,2,0
"E01011392",2011,"Leeds 087C","Total",1463,1448,1431,7,0,10,7,4,0,2,1,7,0,6,0,0,1,1,1,0,0,0,0,0
"E01011393",2011,"Leeds 103C","Total",1725,1694,1686,1,0,7,12,2,1,4,5,6,5,0,0,1,0,1,0,1,0,12,5,7
"E01011394",2011,"Leeds 103D","Total",1237,1224,1201,15,0,8,3,2,0,1,0,7,7,0,0,0,0,2,1,0,1,1,0,1
"E01011395",2011,"Leeds 103E","Total",1184,1139,1122,4,0,13,17,11,0,5,1,9,3,5,0,0,1,18,17,0,1,1,0,1
"E01011396",2011,"Leeds 074A","Total",1766,1694,1652,8,1,33,25,5,10,6,4,34,12,7,0,5,10,8,4,0,4,5,0,5
"E01011397",2011,"Leeds 077A","Total",1506,1464,1454,4,0,6,16,4,0,3,9,19,6,0,1,10,2,4,0,0,4,3,1,2
"E01011398",2011,"Leeds 077B","Total",1257,1239,1223,7,4,5,6,1,1,2,2,11,10,0,1,0,0,1,0,0,1,0,0,0
"E01011399",2011,"Leeds 074B","Total",1481,1459,1439,10,0,10,8,3,1,3,1,10,1,1,3,3,2,4,1,3,0,0,0,0
"E01011400",2011,"Leeds 074C","Total",1428,1403,1373,7,0,23,14,10,2,2,0,8,1,3,0,2,2,2,0,2,0,1,0,1
"E01011401",2011,"Leeds 077C","Total",1509,1467,1446,9,0,12,5,4,0,1,0,22,7,0,0,15,0,15,9,5,1,0,0,0
"E01011402",2011,"Leeds 087D","Total",1768,1723,1701,16,1,5,15,4,0,2,9,16,2,7,4,0,3,8,5,1,2,6,4,2
"E01011403",2011,"Leeds 074D","Total",1396,1370,1345,12,0,13,4,2,0,2,0,15,11,1,0,0,3,5,1,3,1,2,0,2
"E01011404",2011,"Leeds 077D","Total",1321,1304,1291,4,0,9,5,1,0,4,0,9,7,0,0,0,2,3,0,3,0,0,0,0
"E01011405",2011,"Leeds 077E","Total",1425,1406,1386,8,0,12,14,8,3,2,1,1,0,0,0,0,1,4,1,3,0,0,0,0
"E01011406",2011,"Leeds 057A","Total",1403,1373,1316,24,0,33,10,3,5,0,2,7,2,2,1,0,2,13,7,2,4,0,0,0
"E01011407",2011,"Leeds 057B","Total",1448,1396,1360,14,1,21,24,14,2,4,4,17,11,2,0,2,2,9,3,6,0,2,0,2
"E01011408",2011,"Leeds 057C","Total",1451,1422,1393,16,3,10,11,4,0,4,3,10,3,0,0,3,4,7,3,4,0,1,0,1
"E01011409",2011,"Leeds 057D","Total",1397,1362,1319,20,0,23,12,2,0,7,3,12,8,0,0,1,3,7,4,0,3,4,1,3
"E01011410",2011,"Leeds 057E","Total",1274,1227,1181,12,0,34,11,6,1,2,2,20,12,1,0,5,2,16,8,7,1,0,0,0
"E01011411",2011,"Leeds 073A","Total",1591,1526,1489,18,0,19,18,8,3,1,6,28,7,2,1,13,5,9,7,1,1,10,7,3
"E01011412",2011,"Leeds 057F","Total",1370,1351,1305,25,1,20,7,2,0,2,3,8,4,2,1,1,0,1,0,1,0,3,0,3
"E01011413",2011,"Leeds 069A","Total",1562,1540,1501,20,0,19,9,3,3,0,3,5,0,0,1,3,1,8,8,0,0,0,0,0
"E01011414",2011,"Leeds 073B","Total",1484,1449,1422,12,0,15,12,4,3,1,4,14,6,1,0,1,6,6,4,1,1,3,1,2
"E01011415",2011,"Leeds 069B","Total",1594,1547,1511,21,0,15,26,13,2,5,6,11,5,1,0,3,2,7,1,1,5,3,1,2
"E01011416",2011,"Leeds 069C","Total",1498,1466,1439,18,0,9,20,12,4,0,4,5,0,2,1,0,2,6,4,1,1,1,1,0
"E01011417",2011,"Leeds 069D","Total",1496,1448,1417,9,0,22,11,8,1,1,1,26,9,14,1,2,0,10,0,6,4,1,0,1
"E01011418",2011,"Leeds 073C","Total",1476,1423,1397,17,0,9,11,6,2,1,2,30,12,8,0,9,1,10,10,0,0,2,1,1
"E01011419",2011,"Leeds 073D","Total",1223,1195,1165,21,0,9,9,2,0,6,1,14,7,2,0,2,3,2,0,1,1,3,0,3
"E01011420",2011,"Leeds 069E","Total",1293,1258,1240,15,0,3,16,7,4,3,2,12,7,0,1,4,0,5,3,2,0,2,1,1
"E01011421",2011,"Leeds 040A","Total",1486,1048,953,33,0,62,54,28,14,6,6,278,83,121,7,24,43,87,23,50,14,19,0,19
"E01011422",2011,"Leeds 048A","Total",1485,348,262,9,0,77,90,54,9,18,9,848,63,417,283,16,69,163,67,66,30,36,11,25
"E01011423",2011,"Leeds 047A","Total",1622,1061,980,36,1,44,75,44,10,12,9,333,44,199,36,6,48,143,80,60,3,10,0,10
"E01011424",2011,"Leeds 047B","Total",1600,792,666,35,2,89,79,50,11,7,11,541,55,292,47,8,139,174,68,64,42,14,4,10
"E01011425",2011,"Leeds 040B","Total",1561,1179,1070,42,1,66,44,27,5,7,5,208,85,69,2,12,40,123,51,53,19,7,0,7
"E01011426",2011,"Leeds 048B","Total",1705,167,128,2,0,37,114,64,12,14,24,1154,76,279,734,4,61,222,98,101,23,48,15,33
"E01011427",2011,"Leeds 047C","Total",1769,710,611,14,1,84,78,39,16,13,10,785,30,524,68,18,145,173,120,40,13,23,7,16
"E01011428",2011,"Leeds 048C","Total",1870,300,188,14,0,98,57,25,11,16,5,1242,137,770,144,42,149,191,115,54,22,80,22,58
"E01011429",2011,"Leeds 048D","Total",2007,303,212,14,8,69,181,93,10,49,29,1169,73,633,361,35,67,315,91,152,72,39,15,24
"E01011430",2011,"Leeds 053A","Total",1508,345,248,10,14,73,47,22,6,7,12,924,76,737,15,11,85,146,96,30,20,46,23,23
"E01011431",2011,"Leeds 047D","Total",1878,1202,1067,20,3,112,124,84,7,17,16,281,16,156,5,26,78,250,140,40,70,21,10,11
"E01011432",2011,"Leeds 053B","Total",1558,559,448,13,1,97,79,40,9,20,10,699,43,540,10,21,85,198,99,47,52,23,0,23
"E01011433",2011,"Leeds 053C","Total",1538,792,637,15,1,139,92,59,8,16,9,367,58,189,14,46,60,254,163,31,60,33,14,19
"E01011434",2011,"Leeds 053D","Total",1397,478,361,16,5,96,89,40,11,20,18,571,69,394,8,18,82,223,127,59,37,36,18,18
"E01011435",2011,"Leeds 044A","Total",1820,1676,1608,23,0,45,60,17,9,24,10,51,28,6,1,10,6,26,11,7,8,7,1,6
"E01011440",2011,"Leeds 044D","Total",1622,1515,1431,28,4,52,44,8,5,19,12,35,17,5,2,4,7,18,8,5,5,10,3,7
"E01011441",2011,"Leeds 044E","Total",1954,1644,1551,28,0,65,70,31,7,14,18,181,67,77,8,11,18,40,18,10,12,19,8,11
"E01011442",2011,"Leeds 110A","Total",1619,1415,1327,20,1,67,72,25,5,27,15,86,36,22,0,10,18,34,21,7,6,12,1,11
"E01011443",2011,"Leeds 110B","Total",1381,1188,1107,17,5,59,46,15,2,19,10,100,23,43,8,10,16,24,11,8,5,23,12,11
"E01011444",2011,"Leeds 110C","Total",1849,1559,1456,13,1,89,75,15,18,30,12,124,20,54,6,19,25,69,58,10,1,22,10,12
"E01011445",2011,"Leeds 054A","Total",1679,1444,1371,22,2,49,47,10,2,23,12,159,56,74,0,22,7,22,13,8,1,7,4,3
"E01011446",2011,"Leeds 054B","Total",1574,1197,1131,21,2,43,79,22,9,22,26,236,63,137,2,20,14,24,7,10,7,38,20,18
"E01011447",2011,"Leeds 054C","Total",1428,1105,1045,18,8,34,57,17,2,23,15,215,97,93,1,14,10,28,19,5,4,23,8,15
"E01011448",2011,"Leeds 054D","Total",1572,1185,1099,24,7,55,87,36,13,25,13,203,40,134,0,8,21,62,32,17,13,35,25,10
"E01011449",2011,"Leeds 054E","Total",1383,985,902,25,0,58,63,26,3,21,13,283,69,162,2,15,35,43,21,14,8,9,3,6
"E01011450",2011,"Leeds 038D","Total",1226,886,800,27,6,53,70,40,6,11,13,129,59,27,2,23,18,91,44,29,18,50,37,13
"E01011451",2011,"Leeds 110D","Total",2107,1899,1782,23,1,93,75,22,10,21,22,86,28,11,0,23,24,28,15,8,5,19,2,17
"E01011452",2011,"Leeds 027A","Total",1524,1472,1434,6,0,32,22,6,4,5,7,26,5,6,2,10,3,0,0,0,0,4,0,4
"E01011453",2011,"Leeds 028A","Total",1482,1416,1384,13,0,19,35,14,1,11,9,21,12,0,0,9,0,6,1,5,0,4,0,4
"E01011454",2011,"Leeds 027B","Total",1492,1400,1359,15,0,26,25,4,2,15,4,52,18,8,0,21,5,7,3,4,0,8,0,8
"E01011455",2011,"Leeds 021A","Total",1382,1332,1302,12,2,16,16,12,0,4,0,29,8,1,0,10,10,4,4,0,0,1,0,1
"E01011456",2011,"Leeds 021B","Total",1707,1662,1620,11,4,27,21,9,1,3,8,19,10,5,0,3,1,1,0,1,0,4,1,3
"E01011457",2011,"Leeds 027C","Total",1591,1472,1427,12,0,33,17,3,4,5,5,84,47,1,0,28,8,11,8,2,1,7,1,6
"E01011458",2011,"Leeds 027D","Total",1382,1334,1322,5,0,7,22,5,0,9,8,20,14,6,0,0,0,4,1,2,1,2,0,2
"E01011459",2011,"Leeds 021C","Total",1582,1520,1481,14,0,25,18,4,0,12,2,31,16,2,0,8,5,8,2,5,1,5,1,4
"E01011460",2011,"Leeds 028B","Total",1409,1317,1239,16,0,62,36,16,4,10,6,30,14,2,0,8,6,23,17,3,3,3,1,2
"E01011461",2011,"Leeds 021D","Total",1530,1503,1491,3,0,9,8,1,1,5,1,17,10,1,0,5,1,1,0,1,0,1,0,1
"E01011462",2011,"Leeds 028C","Total",1632,1494,1438,15,0,41,42,15,1,14,12,57,19,13,0,18,7,20,12,5,3,19,19,0
"E01011463",2011,"Leeds 028D","Total",1583,1474,1417,19,2,36,31,11,5,9,6,54,14,8,1,8,23,14,7,5,2,10,2,8
"E01011464",2011,"Leeds 028E","Total",1678,1576,1517,24,1,34,27,8,6,9,4,44,29,2,0,11,2,22,11,10,1,9,1,8
"E01011465",2011,"Leeds 027E","Total",1532,1453,1414,7,2,30,23,11,1,4,7,34,10,8,0,4,12,13,3,8,2,9,1,8
"E01011466",2011,"Leeds 094A","Total",1489,1414,1387,3,0,24,35,19,7,2,7,3,0,0,0,3,0,30,24,5,1,7,0,7
"E01011467",2011,"Leeds 112A","Total",1542,1236,1083,27,2,124,32,16,1,10,5,154,82,7,6,26,33,102,80,8,14,18,0,18
"E01011468",2011,"Leeds 112B","Total",1500,1333,1305,12,1,15,42,22,7,6,7,27,2,6,0,10,9,84,68,8,8,14,0,14
"E01011469",2011,"Leeds 094B","Total",1460,1393,1350,7,1,35,21,15,3,1,2,15,3,1,0,3,8,26,17,7,2,5,3,2
"E01011470",2011,"Leeds 112C","Total",1266,1179,1155,7,1,16,22,14,2,5,1,24,13,0,1,1,9,38,23,5,10,3,2,1
"E01011471",2011,"Leeds 092A","Total",1400,1259,1204,12,2,41,60,21,15,12,12,27,8,7,8,0,4,54,43,3,8,0,0,0
"E01011472",2011,"Leeds 092B","Total",1598,1511,1455,11,3,42,28,13,1,5,9,10,0,1,1,4,4,47,45,1,1,2,0,2
"E01011473",2011,"Leeds 092C","Total",1476,1248,1155,11,10,72,49,20,2,16,11,31,8,8,1,3,11,147,118,3,26,1,1,0
"E01011474",2011,"Leeds 092D","Total",1457,1313,1247,12,1,53,33,19,1,7,6,28,3,13,9,2,1,83,57,5,21,0,0,0
"E01011475",2011,"Leeds 094C","Total",1497,1377,1318,6,1,52,33,18,2,8,5,11,7,3,1,0,0,74,61,7,6,2,1,1
"E01011476",2011,"Leeds 094D","Total",1195,1125,1089,5,0,31,22,14,2,3,3,14,10,3,0,1,0,26,15,3,8,8,0,8
"E01011477",2011,"Leeds 045A","Total",1928,1276,1195,23,0,58,80,29,13,21,17,274,65,86,12,29,82,123,70,8,45,175,146,29
"E01011478",2011,"Leeds 056A","Total",1679,1401,1306,21,1,73,87,37,7,19,24,124,34,67,4,6,13,51,12,14,25,16,10,6
"E01011479",2011,"Leeds 056B","Total",1476,1306,1224,20,5,57,63,20,12,13,18,53,26,12,1,2,12,41,11,3,27,13,2,11
"E01011480",2011,"Leeds 045B","Total",1590,1246,1151,46,0,49,43,18,11,12,2,231,97,83,17,19,15,18,5,10,3,52,41,11
"E01011481",2011,"Leeds 056C","Total",1578,954,892,13,1,48,81,31,8,27,15,398,102,228,8,19,41,92,43,13,36,53,43,10
"E01011482",2011,"Leeds 056D","Total",1693,1466,1363,20,0,83,64,23,7,23,11,54,26,14,2,4,8,90,24,18,48,19,9,10
"E01011483",2011,"Leeds 056E","Total",1570,912,850,15,1,46,94,36,12,31,15,405,73,237,1,27,67,129,83,20,26,30,23,7
"E01011484",2011,"Leeds 033A","Total",1538,1291,1229,10,2,50,63,25,4,29,5,109,17,60,0,0,32,60,45,8,7,15,4,11
"E01011485",2011,"Leeds 033B","Total",1524,1232,1148,7,2,75,47,21,13,4,9,134,33,58,0,25,18,77,41,22,14,34,18,16
"E01011488",2011,"Leeds 045C","Total",1431,1289,1194,21,0,74,67,42,2,16,7,46,11,13,0,16,6,17,9,6,2,12,8,4
"E01011489",2011,"Leeds 045D","Total",1687,1513,1424,24,2,63,45,25,2,11,7,78,24,16,1,8,29,26,15,7,4,25,14,11
"E01011490",2011,"Leeds 099A","Total",2518,2303,2196,13,3,91,51,28,8,10,5,87,24,17,0,20,26,73,56,8,9,4,2,2
"E01011491",2011,"Leeds 101A","Total",1357,1286,1243,6,0,37,24,12,9,2,1,11,3,0,0,4,4,35,31,1,3,1,0,1
"E01011492",2011,"Leeds 101B","Total",1366,1233,1193,5,0,35,23,6,5,5,7,21,14,6,1,0,0,89,79,9,1,0,0,0
"E01011493",2011,"Leeds 101C","Total",1540,1453,1410,4,0,39,13,7,2,2,2,14,4,1,2,5,2,58,50,3,5,2,0,2
"E01011494",2011,"Leeds 101D","Total",1304,1212,1103,9,1,99,17,10,2,1,4,20,9,0,0,6,5,53,43,4,6,2,0,2
"E01011496",2011,"Leeds 100A","Total",1510,1446,1419,12,6,9,28,10,1,9,8,31,9,3,0,13,6,2,1,1,0,3,1,2
"E01011497",2011,"Leeds 101E","Total",1608,1427,1365,4,3,55,36,13,8,10,5,41,9,7,15,6,4,101,82,8,11,3,0,3
"E01011499",2011,"Leeds 105C","Total",2588,2461,2414,9,7,31,38,16,4,14,4,44,9,8,0,15,12,40,28,2,10,5,0,5
"E01011500",2011,"Leeds 105D","Total",1590,1554,1529,10,0,15,13,7,0,3,3,7,3,0,0,2,2,11,5,3,3,5,0,5
"E01011502",2011,"Leeds 099C","Total",1333,1282,1252,5,5,20,9,2,7,0,0,19,10,2,0,6,1,23,14,4,5,0,0,0
"E01011504",2011,"Leeds 032A","Total",1426,1090,1008,25,0,57,117,69,6,19,23,97,20,44,3,11,19,101,33,37,31,21,4,17
"E01011505",2011,"Leeds 025A","Total",1599,1021,950,19,4,48,43,18,3,13,9,403,176,149,3,25,50,58,22,15,21,74,14,60
"E01011506",2011,"Leeds 025B","Total",1439,760,689,28,3,40,40,22,4,9,5,552,237,269,3,13,30,52,8,25,19,35,17,18
"E01011507",2011,"Leeds 025C","Total",1580,1225,1159,19,0,47,36,16,2,11,7,241,119,80,7,19,16,43,14,25,4,35,11,24
"E01011508",2011,"Leeds 024A","Total",1414,931,865,16,0,50,37,7,3,19,8,371,162,159,5,18,27,31,11,14,6,44,2,42
"E01011509",2011,"Leeds 023A","Total",1351,1070,990,24,0,56,37,17,3,13,4,196,100,44,1,23,28,22,2,13,7,26,4,22
"E01011510",2011,"Leeds 025D","Total",1576,1277,1187,23,1,66,88,37,10,21,20,127,35,37,0,16,39,50,13,21,16,34,15,19
"E01011511",2011,"Leeds 023B","Total",1329,840,754,30,0,56,36,7,6,10,13,354,142,161,0,27,24,44,16,17,11,55,3,52
"E01011512",2011,"Leeds 023C","Total",1566,1126,1019,29,1,77,37,10,8,13,6,313,154,114,13,7,25,50,13,18,19,40,11,29
"E01011513",2011,"Leeds 031A","Total",2181,1786,1691,26,3,66,68,27,13,17,11,260,164,37,1,33,25,56,27,22,7,11,6,5
"E01011514",2011,"Leeds 025E","Total",1631,1094,968,53,0,73,50,21,7,16,6,389,146,166,0,19,58,39,17,15,7,59,33,26
"E01011515",2011,"Leeds 023D","Total",1421,1163,1076,43,0,44,46,14,4,16,12,174,93,62,1,11,7,21,3,13,5,17,10,7
"E01011516",2011,"Leeds 023E","Total",1704,1303,1208,34,0,61,46,18,2,17,9,243,93,116,5,14,15,66,19,41,6,46,5,41
"E01011517",2011,"Leeds 024B","Total",1638,1261,1179,32,0,50,87,45,9,19,14,186,71,78,1,15,21,76,24,35,17,28,1,27
"E01011518",2011,"Leeds 093A","Total",2187,1982,1927,24,0,31,46,19,4,16,7,128,103,11,1,11,2,14,9,2,3,17,2,15
"E01011519",2011,"Leeds 095A","Total",1488,1446,1433,1,1,11,11,4,2,3,2,19,11,6,0,1,1,8,7,0,1,4,4,0
"E01011520",2011,"Leeds 096A","Total",1491,1432,1415,4,0,13,18,4,3,5,6,35,25,2,0,4,4,6,3,2,1,0,0,0
"E01011521",2011,"Leeds 096B","Total",1968,1876,1856,4,5,11,17,6,0,10,1,63,42,12,1,7,1,9,2,5,2,3,1,2
"E01011522",2011,"Leeds 095B","Total",1396,1354,1338,2,0,14,16,7,2,2,5,17,8,3,0,2,4,3,0,2,1,6,0,6
"E01011523",2011,"Leeds 096C","Total",1782,1716,1679,10,6,21,14,3,3,6,2,40,27,5,2,6,0,5,2,3,0,7,1,6
"E01011524",2011,"Leeds 093B","Total",1241,1177,1158,9,0,10,18,4,3,3,8,40,27,6,0,2,5,5,1,2,2,1,0,1
"E01011525",2011,"Leeds 095C","Total",1576,1502,1470,12,0,20,25,8,2,9,6,36,16,9,0,4,7,12,2,6,4,1,0,1
"E01011526",2011,"Leeds 093C","Total",1291,1179,1146,4,1,28,27,10,5,4,8,63,32,11,0,7,13,12,5,5,2,10,3,7
"E01011527",2011,"Leeds 096D","Total",1773,1720,1705,7,0,8,11,7,0,2,2,31,19,3,0,7,2,4,2,1,1,7,7,0
"E01011528",2011,"Leeds 095D","Total",1596,1475,1439,15,1,20,25,18,0,3,4,87,44,3,4,26,10,8,2,2,4,1,1,0
"E01011529",2011,"Leeds 096E","Total",1434,1400,1370,7,4,19,17,9,1,4,3,15,5,1,0,2,7,2,1,1,0,0,0,0
"E01011530",2011,"Leeds 106A","Total",1460,1349,1312,5,0,32,33,22,4,5,2,50,31,3,1,10,5,16,12,2,2,12,12,0
"E01011531",2011,"Leeds 093D","Total",1461,1382,1349,10,0,23,23,9,4,3,7,44,16,6,0,8,14,9,5,4,0,3,0,3
"E01011532",2011,"Leeds 095E","Total",1556,1497,1471,10,2,14,29,18,4,2,5,10,5,1,0,1,3,14,3,8,3,6,0,6
"E01011533",2011,"Leeds 104A","Total",1294,1193,1163,6,0,24,21,6,3,7,5,65,35,10,3,11,6,14,5,2,7,1,1,0
"E01011534",2011,"Leeds 106B","Total",1421,1364,1319,14,0,31,23,11,2,5,5,21,10,3,0,6,2,13,11,2,0,0,0,0
"E01011535",2011,"Leeds 108A","Total",1664,1605,1580,10,0,15,16,8,1,1,6,32,18,3,0,4,7,7,1,4,2,4,0,4
"E01011536",2011,"Leeds 108B","Total",1587,1517,1500,5,0,12,19,8,1,6,4,48,28,12,0,0,8,2,0,0,2,1,0,1
"E01011537",2011,"Leeds 107A","Total",2066,1999,1959,6,4,30,24,11,1,9,3,25,0,13,0,10,2,10,0,4,6,8,0,8
"E01011538",2011,"Leeds 107B","Total",1507,1465,1432,7,12,14,19,12,0,3,4,17,7,4,0,4,2,1,0,0,1,5,1,4
"E01011540",2011,"Leeds 102B","Total",1439,1388,1360,6,0,22,17,11,3,1,2,24,6,5,0,12,1,9,4,5,0,1,1,0
"E01011541",2011,"Leeds 104B","Total",1714,1629,1560,9,3,57,17,5,4,3,5,45,31,5,1,6,2,10,6,3,1,13,1,12
"E01011545",2011,"Leeds 104C","Total",1388,1327,1293,13,1,20,14,8,1,2,3,41,5,8,0,13,15,6,4,1,1,0,0,0
"E01011546",2011,"Leeds 106C","Total",1664,1583,1550,7,0,26,28,9,7,8,4,39,26,7,0,5,1,13,3,6,4,1,0,1
"E01011547",2011,"Leeds 104D","Total",1781,1666,1618,13,8,27,29,12,5,5,7,70,45,6,0,5,14,14,12,1,1,2,0,2
"E01011548",2011,"Leeds 106D","Total",1445,1397,1378,6,0,13,16,10,0,3,3,25,10,1,0,8,6,7,2,3,2,0,0,0
"E01011549",2011,"Leeds 108C","Total",1503,1389,1369,8,0,12,17,9,0,5,3,75,34,18,0,13,10,4,1,3,0,18,6,12
"E01011550",2011,"Leeds 106E","Total",1404,1353,1325,10,0,18,7,4,0,1,2,18,13,3,0,2,0,8,3,4,1,18,9,9
"E01011551",2011,"Leeds 107C","Total",1565,1508,1477,12,0,19,19,2,4,11,2,30,12,11,1,0,6,8,7,1,0,0,0,0
"E01011552",2011,"Leeds 107D","Total",1467,1411,1379,3,4,25,27,11,8,6,2,18,0,7,1,8,2,6,0,2,4,5,4,1
"E01011553",2011,"Leeds 108D","Total",1436,1378,1366,4,0,8,16,5,2,4,5,33,15,10,0,5,3,8,6,1,1,1,0,1
"E01011554",2011,"Leeds 012A","Total",1446,1236,1153,37,0,46,34,12,1,17,4,119,58,26,4,14,17,25,13,10,2,32,14,18
"E01011555",2011,"Leeds 018A","Total",1362,1032,979,23,0,30,32,3,2,19,8,243,114,63,16,32,18,27,15,4,8,28,9,19
"E01011556",2011,"Leeds 015A","Total",1576,1159,1064,15,2,78,67,20,7,29,11,289,201,34,3,14,37,37,12,22,3,24,5,19
"E01011557",2011,"Leeds 015B","Total",1529,1226,1126,21,0,79,30,16,1,4,9,210,127,42,11,16,14,22,11,9,2,41,11,30
"E01011558",2011,"Leeds 018B","Total",1577,1106,1024,15,0,67,97,33,14,30,20,218,65,65,11,15,62,101,57,28,16,55,25,30
"E01011559",2011,"Leeds 018C","Total",1259,923,856,6,2,59,54,31,8,5,10,154,22,60,6,28,38,85,53,25,7,43,25,18
"E01011560",2011,"Leeds 018D","Total",1800,1277,1210,11,0,56,124,69,11,33,11,189,47,42,18,25,57,133,68,52,13,77,29,48
"E01011561",2011,"Leeds 006A","Total",1217,1045,1001,16,5,23,32,9,5,12,6,122,61,20,0,15,26,14,9,1,4,4,0,4
"E01011562",2011,"Leeds 012B","Total",1592,1257,1163,9,1,84,21,6,0,11,4,272,137,71,5,14,45,17,10,6,1,25,7,18
"E01011563",2011,"Leeds 012C","Total",1416,1186,1096,23,0,67,16,4,0,6,6,177,90,45,1,14,27,19,10,6,3,18,4,14
"E01011564",2011,"Leeds 012D","Total",1501,1297,1221,23,0,53,29,12,4,9,4,133,66,35,6,4,22,30,15,9,6,12,3,9
"E01011565",2011,"Leeds 015C","Total",1433,1098,1036,19,0,43,28,12,2,6,8,218,101,63,3,13,38,35,15,14,6,54,22,32
"E01011566",2011,"Leeds 015D","Total",1309,1000,939,16,1,44,19,3,2,10,4,241,131,46,2,25,37,16,8,7,1,33,13,20
"E01011567",2011,"Leeds 012E","Total",1393,1110,1030,26,0,54,26,9,1,10,6,208,81,57,5,24,41,28,8,15,5,21,1,20
"E01011568",2011,"Leeds 015E","Total",1831,1421,1328,36,1,56,27,4,4,13,6,311,166,67,4,49,25,20,12,7,1,52,4,48
"E01011569",2011,"Leeds 004A","Total",1662,1623,1565,17,1,40,17,4,5,5,3,13,4,0,0,4,5,8,0,5,3,1,0,1
"E01011570",2011,"Leeds 007A","Total",2284,2193,2111,23,1,58,34,9,3,10,12,36,23,4,0,8,1,15,9,4,2,6,3,3
"E01011571",2011,"Leeds 004B","Total",1597,1572,1536,18,1,17,11,1,2,4,4,10,4,0,0,3,3,2,0,2,0,2,0,2
"E01011572",2011,"Leeds 004C","Total",1763,1734,1687,10,0,37,11,2,1,3,5,15,9,0,3,0,3,3,1,2,0,0,0,0
"E01011573",2011,"Leeds 004D","Total",1341,1310,1276,3,0,31,13,7,0,3,3,11,4,2,0,1,4,1,0,1,0,6,4,2
"E01011574",2011,"Leeds 004E","Total",1456,1417,1375,17,0,25,26,14,0,10,2,4,0,0,1,0,3,4,0,3,1,5,4,1
"E01011576",2011,"Leeds 007C","Total",1432,1363,1343,6,2,12,17,3,0,11,3,30,22,0,0,2,6,7,2,3,2,15,8,7
"E01011578",2011,"Leeds 011D","Total",1321,1281,1257,6,0,18,15,3,1,9,2,17,4,2,0,11,0,7,5,2,0,1,0,1
"E01011579",2011,"Leeds 014C","Total",1245,1220,1199,1,0,20,13,5,0,6,2,8,7,0,0,0,1,3,0,3,0,1,1,0
"E01011580",2011,"Leeds 014D","Total",1342,1310,1288,10,0,12,9,6,0,3,0,23,13,1,2,0,7,0,0,0,0,0,0,0
"E01011581",2011,"Leeds 003A","Total",1469,1446,1411,9,0,26,14,6,2,3,3,7,1,1,3,2,0,2,1,1,0,0,0,0
"E01011582",2011,"Leeds 003B","Total",1651,1604,1563,9,1,31,21,13,3,4,1,23,8,0,2,5,8,3,1,2,0,0,0,0
"E01011583",2011,"Leeds 003C","Total",1479,1438,1413,10,0,15,18,2,6,10,0,15,4,8,0,1,2,6,5,0,1,2,0,2
"E01011584",2011,"Leeds 003D","Total",1250,1229,1191,19,0,19,11,0,0,3,8,8,8,0,0,0,0,1,0,0,1,1,0,1
"E01011585",2011,"Leeds 062A","Total",1435,1378,1351,4,0,23,22,12,3,3,4,28,13,1,1,7,6,6,5,1,0,1,0,1
"E01011586",2011,"Leeds 066A","Total",1494,1009,984,5,0,20,21,6,5,6,4,409,174,189,5,7,34,30,15,10,5,25,0,25
"E01011587",2011,"Leeds 062B","Total",1663,1599,1566,13,0,20,15,4,4,3,4,44,17,18,0,3,6,5,2,0,3,0,0,0
"E01011588",2011,"Leeds 039A","Total",1725,1630,1598,10,0,22,32,9,4,17,2,46,12,21,0,10,3,6,5,1,0,11,8,3
"E01011589",2011,"Leeds 039B","Total",1521,1439,1418,3,0,18,33,14,0,17,2,30,20,7,0,1,2,8,4,1,3,11,3,8
"E01011590",2011,"Leeds 039C","Total",1540,1472,1442,9,0,21,12,2,1,5,4,50,28,9,0,3,10,2,1,0,1,4,1,3
"E01011591",2011,"Leeds 052D","Total",1616,1555,1517,10,1,27,13,7,0,3,3,39,22,2,5,5,5,5,3,2,0,4,0,4
"E01011592",2011,"Leeds 039D","Total",1402,1377,1356,8,0,13,9,1,3,3,2,13,7,1,0,0,5,2,0,1,1,1,1,0
"E01011593",2011,"Leeds 039E","Total",1764,1672,1654,6,0,12,25,11,4,5,5,63,53,7,0,0,3,3,2,1,0,1,0,1
"E01011594",2011,"Leeds 062C","Total",1455,1413,1387,9,1,16,16,1,7,6,2,17,5,0,0,10,2,9,3,0,6,0,0,0
"E01011595",2011,"Leeds 066B","Total",1804,938,900,6,6,26,40,8,4,25,3,719,395,260,4,3,57,26,18,7,1,81,13,68
"E01011596",2011,"Leeds 062D","Total",1675,1611,1574,9,0,28,20,8,6,1,5,29,16,1,0,4,8,14,11,2,1,1,0,1
"E01011597",2011,"Leeds 066C","Total",1507,783,744,16,5,18,30,6,0,21,3,639,258,323,4,15,39,19,13,4,2,36,5,31
"E01011598",2011,"Leeds 062E","Total",1544,1482,1448,13,0,21,25,5,3,13,4,30,14,3,0,9,4,7,3,3,1,0,0,0
"E01011599",2011,"Leeds 066D","Total",1535,1299,1264,14,0,21,21,13,2,2,4,195,91,67,3,5,29,9,0,8,1,11,0,11
"E01011600",2011,"Leeds 079A","Total",1519,1473,1443,14,0,16,15,5,4,0,6,21,8,6,0,5,2,7,3,1,3,3,1,2
"E01011601",2011,"Leeds 079B","Total",1494,1423,1395,6,6,16,36,24,1,4,7,26,16,1,6,2,1,6,2,3,1,3,1,2
"E01011602",2011,"Leeds 076A","Total",1525,1452,1436,5,0,11,14,8,0,3,3,50,18,1,0,17,14,3,2,1,0,6,1,5
"E01011603",2011,"Leeds 076B","Total",1516,1443,1414,11,0,18,16,6,3,5,2,48,7,4,0,31,6,4,4,0,0,5,1,4
"E01011604",2011,"Leeds 079C","Total",1334,1271,1245,2,1,23,15,4,1,9,1,41,19,2,1,14,5,4,3,1,0,3,0,3
"E01011605",2011,"Leeds 076C","Total",1458,1426,1412,7,0,7,20,4,5,7,4,10,0,0,0,4,6,2,1,1,0,0,0,0
"E01011606",2011,"Leeds 076D","Total",1682,1340,1294,6,0,40,54,16,4,27,7,268,149,84,2,14,19,12,4,8,0,8,1,7
"E01011607",2011,"Leeds 079D","Total",1588,1511,1469,15,4,23,14,4,2,6,2,52,27,4,0,19,2,10,8,1,1,1,0,1
"E01011608",2011,"Leeds 068A","Total",1384,1341,1305,6,0,30,12,5,5,1,1,15,8,1,0,4,2,10,4,3,3,6,5,1
"E01011609",2011,"Leeds 068B","Total",1453,1396,1372,9,3,12,32,17,4,6,5,23,13,6,0,3,1,2,2,0,0,0,0,0
"E01011610",2011,"Leeds 068C","Total",1418,1355,1328,5,2,20,13,1,5,1,6,38,23,2,0,8,5,8,2,2,4,4,4,0
"E01011611",2011,"Leeds 068D","Total",1364,1316,1288,12,1,15,27,13,4,3,7,18,10,0,0,0,8,3,1,1,1,0,0,0
"E01011612",2011,"Leeds 079E","Total",1302,1263,1239,9,0,15,14,5,1,8,0,20,13,1,0,6,0,5,4,1,0,0,0,0
"E01011613",2011,"Leeds 076E","Total",1303,1230,1201,13,0,16,18,13,0,4,1,47,17,20,0,4,6,5,5,0,0,3,2,1
"E01011614",2011,"Leeds 068E","Total",1811,1722,1669,13,0,40,24,5,3,8,8,53,41,0,0,7,5,9,3,5,1,3,2,1
"E01011615",2011,"Leeds 070A","Total",1529,1394,1341,13,0,40,33,11,5,14,3,66,26,4,0,1,35,34,18,3,13,2,1,1
"E01011616",2011,"Leeds 072A","Total",1431,1316,1280,14,1,21,50,29,7,8,6,20,10,0,3,2,5,40,25,1,14,5,2,3
"E01011617",2011,"Leeds 070B","Total",1608,1404,1375,16,0,13,34,22,5,3,4,82,14,7,0,0,61,85,57,15,13,3,1,2
"E01011618",2011,"Leeds 070C","Total",1581,1374,1333,18,0,23,52,28,7,8,9,88,16,16,0,13,43,60,47,8,5,7,2,5
"E01011620",2011,"Leeds 072B","Total",1314,1141,1104,9,0,28,33,17,8,5,3,35,12,4,4,6,9,94,82,2,10,11,8,3
"E01011621",2011,"Leeds 070D","Total",1486,1232,1171,13,0,48,53,30,11,6,6,51,5,1,2,5,38,146,112,13,21,4,3,1
"E01011622",2011,"Leeds 072C","Total",1635,1270,1164,29,1,76,75,52,8,2,13,89,9,37,6,9,28,197,183,4,10,4,2,2
"E01011623",2011,"Leeds 075B","Total",1517,1118,1025,23,12,58,96,54,11,17,14,92,9,11,3,24,45,179,133,11,35,32,10,22
"E01011624",2011,"Leeds 072D","Total",1823,1452,1343,17,0,92,98,77,11,5,5,98,14,24,5,34,21,170,144,13,13,5,0,5
"E01011625",2011,"Leeds 075C","Total",1472,1228,1121,14,1,92,36,12,17,4,3,93,19,18,4,25,27,106,73,20,13,9,3,6
"E01011626",2011,"Leeds 075D","Total",1782,1369,1254,18,5,92,103,48,23,15,17,110,29,25,3,19,34,178,141,16,21,22,12,10
"E01011627",2011,"Leeds 098A","Total",1417,1365,1334,9,1,21,13,9,2,0,2,27,8,4,1,13,1,11,7,4,0,1,0,1
"E01011628",2011,"Leeds 098B","Total",1328,1290,1269,10,2,9,24,13,1,9,1,5,3,0,0,1,1,5,4,0,1,4,3,1
"E01011629",2011,"Leeds 098C","Total",1302,1266,1252,7,0,7,18,14,3,1,0,6,5,1,0,0,0,7,5,2,0,5,0,5
"E01011630",2011,"Leeds 100B","Total",2088,2007,1967,12,0,28,17,6,2,8,1,59,22,11,0,16,10,5,1,4,0,0,0,0
"E01011632",2011,"Leeds 098D","Total",1335,1264,1232,6,0,26,30,17,4,4,5,28,6,1,0,9,12,13,10,1,2,0,0,0
"E01011633",2011,"Leeds 098E","Total",1472,1421,1392,16,0,13,6,2,0,4,0,34,20,0,0,13,1,2,0,1,1,9,1,8
"E01011634",2011,"Leeds 100C","Total",1499,1476,1452,10,1,13,15,5,3,5,2,7,5,0,0,1,1,1,1,0,0,0,0,0
"E01011635",2011,"Leeds 097B","Total",1547,1479,1440,19,0,20,20,3,2,7,8,39,17,4,0,17,1,8,3,5,0,1,0,1
"E01011636",2011,"Leeds 100D","Total",1625,1576,1537,16,0,23,17,13,0,3,1,24,8,7,0,2,7,8,0,2,6,0,0,0
"E01011637",2011,"Leeds 097C","Total",1768,1703,1680,6,0,17,34,20,0,11,3,22,6,1,1,13,1,3,0,3,0,6,0,6
"E01011638",2011,"Leeds 097D","Total",1487,1456,1441,6,1,8,12,3,2,4,3,18,7,2,0,8,1,1,0,1,0,0,0,0
"E01011639",2011,"Leeds 100E","Total",1523,1467,1454,9,0,4,32,20,3,8,1,17,5,6,0,6,0,6,1,3,2,1,1,0
"E01011641",2011,"Leeds 032B","Total",1522,1307,1254,27,0,26,58,29,4,15,10,119,42,51,1,12,13,36,7,24,5,2,0,2
"E01011642",2011,"Leeds 032C","Total",1326,909,829,23,1,56,66,24,6,16,20,281,45,186,4,15,31,42,2,27,13,28,12,16
"E01011643",2011,"Leeds 037A","Total",1392,1134,1077,27,0,30,26,7,2,12,5,183,91,51,2,15,24,34,8,17,9,15,5,10
"E01011644",2011,"Leeds 037B","Total",1249,1039,986,16,0,37,47,19,7,7,14,117,54,43,2,7,11,38,21,14,3,8,2,6
"E01011645",2011,"Leeds 032D","Total",1472,1113,1027,21,0,65,86,21,18,37,10,216,44,142,0,9,21,54,24,22,8,3,0,3
"E01011646",2011,"Leeds 037C","Total",1666,1067,942,42,0,83,88,41,12,21,14,392,94,218,7,24,49,81,22,39,20,38,9,29
"E01011647",2011,"Leeds 037D","Total",1716,429,289,12,1,127,45,13,8,16,8,1094,174,671,74,31,144,115,28,65,22,33,1,32
"E01011648",2011,"Leeds 037E","Total",1744,684,540,71,0,73,38,11,2,13,12,825,159,460,79,26,101,150,39,89,22,47,14,33
"E01011649",2011,"Leeds 022B","Total",1466,1378,1350,17,0,11,23,1,2,18,2,61,31,3,1,9,17,2,0,1,1,2,0,2
"E01011650",2011,"Leeds 020A","Total",1443,1203,1144,24,0,35,22,2,2,13,5,164,55,73,3,6,27,20,4,10,6,34,7,27
"E01011651",2011,"Leeds 020B","Total",1446,1174,1102,11,3,58,72,32,9,20,11,123,51,51,1,9,11,56,29,20,7,21,5,16
"E01011652",2011,"Leeds 024C","Total",1331,1054,980,37,0,37,49,20,6,19,4,173,63,65,0,13,32,29,9,20,0,26,7,19
"E01011653",2011,"Leeds 020C","Total",1352,1141,1024,26,0,91,57,22,9,20,6,124,48,55,0,11,10,19,9,7,3,11,6,5
"E01011654",2011,"Leeds 024D","Total",1434,1231,1151,39,0,41,39,14,3,15,7,124,49,31,2,23,19,35,6,20,9,5,0,5
"E01011655",2011,"Leeds 020D","Total",1396,1252,1174,20,0,58,27,12,2,9,4,88,44,17,4,11,12,17,9,6,2,12,0,12
"E01011656",2011,"Leeds 035A","Total",1490,1347,1313,14,0,20,59,41,3,3,12,38,11,8,0,8,11,41,30,5,6,5,2,3
"E01011657",2011,"Leeds 035B","Total",1307,1225,1189,9,0,27,28,10,6,2,10,33,4,8,0,0,21,15,11,2,2,6,0,6
"E01011658",2011,"Leeds 040C","Total",1344,1205,1155,10,0,40,55,34,3,7,11,32,11,4,1,6,10,50,39,7,4,2,0,2
"E01011659",2011,"Leeds 035C","Total",1373,1310,1274,18,0,18,25,20,4,0,1,25,3,6,0,1,15,12,11,1,0,1,0,1
"E01011660",2011,"Leeds 040D","Total",1359,1255,1225,12,0,18,44,32,4,5,3,25,3,6,2,4,10,31,20,6,5,4,0,4
"E01011661",2011,"Leeds 035D","Total",1598,1525,1474,29,0,22,33,19,2,8,4,12,4,5,1,0,2,18,13,1,4,10,5,5
"E01011662",2011,"Leeds 040E","Total",1189,1056,1022,3,0,31,21,15,1,4,1,37,10,16,0,1,10,59,37,2,20,16,0,16
"E01011663",2011,"Leeds 050A","Total",1256,1103,1059,2,0,42,50,38,10,0,2,24,4,9,0,0,11,74,58,11,5,5,0,5
"E01011664",2011,"Leeds 050B","Total",1110,1035,1006,11,1,17,27,16,0,2,9,29,3,5,1,10,10,17,9,2,6,2,1,1
"E01011665",2011,"Leeds 050C","Total",1386,1310,1278,22,0,10,32,14,2,5,11,32,6,3,1,5,17,9,7,2,0,3,0,3
"E01011666",2011,"Leeds 061D","Total",1490,1420,1381,29,0,10,30,18,3,4,5,28,3,9,1,4,11,11,0,9,2,1,1,0
"E01011667",2011,"Leeds 050D","Total",1491,1344,1291,11,0,42,54,35,11,2,6,24,3,5,1,0,15,67,51,11,5,2,0,2
"E01011668",2011,"Leeds 110E","Total",1609,1285,1165,19,7,94,80,25,11,30,14,134,49,45,6,13,21,85,56,19,10,25,12,13
"E01011669",2011,"Leeds 110F","Total",1475,1211,1133,13,4,61,67,22,7,14,24,99,32,10,5,37,15,62,43,16,3,36,27,9
"E01011670",2011,"Leeds 055A","Total",2634,1542,1371,27,0,144,167,93,19,28,27,443,98,84,6,153,102,381,247,97,37,101,87,14
"E01011671",2011,"Leeds 055B","Total",1535,746,642,22,0,82,151,95,13,14,29,188,25,42,1,59,61,405,242,96,67,45,25,20
"E01011673",2011,"Leeds 064B","Total",1691,603,401,17,10,175,133,60,27,27,19,521,84,208,38,51,140,353,197,97,59,81,15,66
"E01011677",2011,"Leeds 064D","Total",1526,763,638,27,2,96,92,45,16,17,14,360,56,158,30,28,88,273,199,42,32,38,10,28
"E01011678",2011,"Leeds 063B","Total",4156,3301,3084,37,4,176,144,49,20,46,29,518,147,74,6,189,102,129,73,42,14,64,43,21
"E01011681",2011,"Leeds 063D","Total",1734,941,835,20,8,78,95,41,11,18,25,507,109,262,5,44,87,141,81,37,23,50,21,29
"E01011684",2011,"Leeds 019C","Total",1548,1293,1236,20,0,37,35,15,2,11,7,166,65,36,9,13,43,12,6,4,2,42,35,7
"E01011685",2011,"Leeds 109A","Total",2153,1899,1809,25,2,63,56,21,6,22,7,159,62,39,8,23,27,18,4,9,5,21,18,3
"E01011686",2011,"Leeds 033E","Total",1545,1305,1255,14,0,36,58,27,6,15,10,128,17,73,0,14,24,30,23,4,3,24,8,16
"E01011687",2011,"Leeds 109B","Total",1488,1137,1070,32,0,35,60,24,3,21,12,234,92,106,0,14,22,17,3,8,6,40,32,8
"E01011688",2011,"Leeds 031B","Total",1488,1024,960,12,0,52,102,65,4,19,14,219,87,50,0,56,26,115,42,53,20,28,19,9
"E01011689",2011,"Leeds 031C","Total",1552,1422,1333,32,0,57,35,8,7,8,12,46,22,0,0,9,15,32,13,16,3,17,11,6
"E01011690",2011,"Leeds 109C","Total",1356,1245,1188,13,0,44,31,8,4,11,8,65,25,17,1,15,7,6,1,2,3,9,4,5
"E01011691",2011,"Leeds 031D","Total",1527,1210,1124,37,5,44,127,85,10,16,16,80,22,28,8,7,15,100,35,40,25,10,4,6
"E01011692",2011,"Leeds 109D","Total",1404,1280,1183,22,1,74,43,14,5,13,11,59,20,14,1,12,12,15,5,5,5,7,1,6
"E01011693",2011,"Leeds 109E","Total",1521,1371,1279,23,1,68,65,31,3,19,12,54,16,10,3,10,15,18,6,8,4,13,8,5
"E01011694",2011,"Leeds 109F","Total",1804,1510,1427,14,5,64,53,9,7,26,11,205,48,115,0,28,14,23,10,6,7,13,5,8
"E01011695",2011,"Leeds 019D","Total",1590,1343,1290,13,0,40,82,27,9,29,17,82,26,28,1,4,23,18,6,5,7,65,37,28
"E01011696",2011,"Leeds 006B","Total",1498,1442,1409,1,0,32,10,0,4,4,2,30,16,3,0,6,5,11,2,4,5,5,0,5
"E01011697",2011,"Leeds 002A","Total",2091,1883,1836,9,16,22,70,49,1,12,8,113,24,68,12,1,8,23,3,16,4,2,2,0
"E01011698",2011,"Leeds 001A","Total",1503,1481,1448,5,1,27,8,2,1,1,4,12,0,3,1,6,2,2,1,0,1,0,0,0
"E01011699",2011,"Leeds 001B","Total",1345,1317,1280,8,0,29,7,3,1,2,1,19,5,5,0,7,2,1,0,1,0,1,0,1
"E01011700",2011,"Leeds 002B","Total",1353,1294,1262,11,2,19,24,10,4,7,3,21,3,7,1,1,9,8,3,4,1,6,0,6
"E01011701",2011,"Leeds 001C","Total",1287,1258,1243,9,0,6,14,2,10,1,1,10,1,5,0,4,0,5,1,2,2,0,0,0
"E01011702",2011,"Leeds 001D","Total",1184,1163,1143,9,0,11,6,2,0,4,0,9,4,0,2,3,0,4,0,4,0,2,0,2
"E01011703",2011,"Leeds 001E","Total",1279,1248,1232,6,0,10,13,3,0,10,0,12,3,2,5,0,2,3,1,1,1,3,0,3
"E01011704",2011,"Leeds 002C","Total",1770,1736,1642,22,1,71,8,2,1,4,1,19,4,4,2,4,5,3,2,0,1,4,1,3
"E01011705",2011,"Leeds 002D","Total",1378,1356,1327,6,1,22,12,3,0,6,3,7,4,1,0,2,0,2,0,2,0,1,0,1
"E01011706",2011,"Leeds 006C","Total",1526,1475,1440,15,0,20,28,5,2,13,8,19,9,9,0,1,0,2,0,1,1,2,2,0
"E01011707",2011,"Leeds 005A","Total",1359,1345,1321,10,0,14,7,3,0,1,3,3,0,0,0,2,1,0,0,0,0,4,3,1
"E01011708",2011,"Leeds 006D","Total",1468,1424,1385,8,0,31,16,2,5,8,1,17,8,7,0,0,2,3,2,1,0,8,1,7
"E01011709",2011,"Leeds 005B","Total",1588,1564,1532,13,0,19,10,1,2,2,5,5,2,0,0,1,2,1,1,0,0,8,1,7
"E01011710",2011,"Leeds 005C","Total",1421,1402,1380,6,0,16,10,4,1,4,1,7,4,2,0,1,0,2,0,1,1,0,0,0
"E01011711",2011,"Leeds 005D","Total",1389,1363,1346,9,1,7,11,1,2,6,2,13,4,0,0,0,9,1,0,1,0,1,0,1
"E01011712",2011,"Leeds 005E","Total",1359,1349,1318,10,1,20,2,0,1,1,0,7,6,0,0,0,1,0,0,0,0,1,0,1
"E01011713",2011,"Leeds 006E","Total",1843,1755,1705,8,1,41,23,9,0,2,12,35,4,16,0,5,10,14,6,1,7,16,1,15
"E01011714",2011,"Leeds 029A","Total",1474,1340,1310,11,0,19,26,16,7,2,1,88,49,25,0,4,10,19,6,11,2,1,0,1
"E01011715",2011,"Leeds 022C","Total",1289,1247,1211,16,0,20,18,3,1,10,4,20,12,5,0,1,2,2,0,1,1,2,1,1
"E01011716",2011,"Leeds 029B","Total",1486,1203,1152,32,0,19,15,4,2,5,4,233,74,119,0,11,29,27,14,10,3,8,4,4
"E01011717",2011,"Leeds 029C","Total",1495,1386,1349,17,0,20,19,7,1,8,3,61,10,29,1,4,17,24,11,5,8,5,0,5
"E01011718",2011,"Leeds 029D","Total",1400,1338,1303,17,0,18,31,13,2,12,4,18,0,12,0,1,5,13,12,0,1,0,0,0
"E01011719",2011,"Leeds 022D","Total",1427,1399,1383,5,0,11,7,3,3,0,1,18,10,0,0,0,8,1,0,1,0,2,0,2
"E01011720",2011,"Leeds 029E","Total",1498,1442,1420,7,0,15,20,16,3,1,0,15,1,10,1,2,1,20,7,4,9,1,0,1
"E01011721",2011,"Leeds 041A","Total",1522,1456,1444,0,0,12,25,13,7,4,1,13,2,1,6,0,4,26,23,2,1,2,1,1
"E01011722",2011,"Leeds 041B","Total",1893,1771,1716,11,2,42,55,33,3,12,7,27,14,1,4,3,5,39,32,7,0,1,1,0
"E01011723",2011,"Leeds 041C","Total",1417,1332,1316,11,0,5,44,37,2,4,1,21,7,3,0,3,8,8,2,5,1,12,6,6
"E01011724",2011,"Leeds 041D","Total",1821,1727,1692,5,0,30,42,31,1,6,4,22,3,9,1,0,9,25,22,3,0,5,1,4
"E01011725",2011,"Leeds 078A","Total",1557,1391,1326,11,1,53,61,35,8,9,9,48,5,12,0,14,17,55,48,3,4,2,1,1
"E01011726",2011,"Leeds 080A","Total",1449,1367,1325,3,0,39,23,4,7,7,5,12,7,2,1,0,2,42,27,9,6,5,3,2
"E01011727",2011,"Leeds 080B","Total",1547,1463,1418,17,0,28,26,8,5,9,4,31,20,8,1,0,2,13,10,3,0,14,0,14
"E01011728",2011,"Leeds 080C","Total",1414,1363,1330,11,0,22,15,10,1,3,1,25,3,20,0,0,2,10,7,1,2,1,0,1
"E01011729",2011,"Leeds 078B","Total",1614,1440,1328,10,1,101,42,26,4,6,6,92,36,40,0,6,10,37,19,9,9,3,0,3
"E01011730",2011,"Leeds 078C","Total",1559,1467,1429,3,0,35,36,31,1,3,1,28,18,7,0,1,2,25,20,5,0,3,1,2
"E01011731",2011,"Leeds 081B","Total",1418,1363,1331,16,2,14,12,7,3,1,1,31,23,8,0,0,0,7,1,6,0,5,0,5
"E01011732",2011,"Leeds 081C","Total",1861,1683,1625,16,0,42,33,20,0,7,6,112,55,30,2,13,12,30,13,14,3,3,0,3
"E01011733",2011,"Leeds 081D","Total",1492,1440,1398,14,1,27,19,7,0,6,6,18,5,8,0,1,4,12,6,6,0,3,0,3
"E01011734",2011,"Leeds 083A","Total",2315,2073,1950,20,41,62,51,17,12,11,11,117,64,28,6,3,16,65,43,16,6,9,0,9
"E01011735",2011,"Leeds 078D","Total",1659,1561,1518,11,2,30,25,16,1,4,4,35,16,2,2,5,10,38,27,8,3,0,0,0
"E01011736",2011,"Leeds 083B","Total",1485,1417,1369,11,9,28,19,7,4,5,3,42,30,2,0,4,6,5,1,4,0,2,0,2
"E01011737",2011,"Leeds 083C","Total",1563,1483,1442,20,7,14,37,10,6,15,6,36,15,5,0,7,9,6,4,2,0,1,0,1
"E01011738",2011,"Leeds 083D","Total",1435,1373,1333,18,3,19,14,6,0,3,5,41,32,1,0,2,6,7,4,2,1,0,0,0
"E01011739",2011,"Leeds 080D","Total",1530,1436,1394,7,0,35,41,19,1,12,9,26,9,7,6,4,0,27,19,6,2,0,0,0
"E01032487",2011,"Leeds 097F","Total",1013,979,955,7,1,16,15,9,0,1,5,11,1,4,0,5,1,5,3,1,1,3,0,3
"E01032488",2011,"Leeds 097G","Total",1846,1802,1772,8,0,22,21,3,4,9,5,16,3,5,1,3,4,6,5,0,1,1,0,1
"E01032489",2011,"Leeds 102F","Total",1936,1854,1804,11,0,39,34,24,0,7,3,31,22,2,0,2,5,13,5,4,4,4,0,4
"E01032490",2011,"Leeds 102G","Total",1396,1283,1246,4,0,33,28,15,2,7,4,69,35,12,0,17,5,10,1,7,2,6,1,5
"E01032491",2011,"Leeds 102H","Total",1230,1166,1141,4,2,19,5,4,0,1,0,41,31,2,0,4,4,4,0,2,2,14,4,10
"E01032492",2011,"Leeds 102I","Total",1991,1894,1834,13,0,47,38,14,10,9,5,44,21,1,1,11,10,13,4,5,4,2,0,2
"E01032493",2011,"Leeds 033F","Total",1343,1179,1126,19,2,32,48,13,11,20,4,71,19,20,0,15,17,26,12,13,1,19,11,8
"E01032494",2011,"Leeds 033G","Total",1745,1467,1362,32,0,73,87,34,21,28,4,96,28,39,0,4,25,72,47,6,19,23,8,15
"E01032495",2011,"Leeds 105E","Total",2399,2144,2058,10,0,76,47,17,4,18,8,120,53,25,0,31,11,80,58,18,4,8,3,5
"E01032496",2011,"Leeds 105F","Total",2044,1967,1936,14,3,14,25,9,0,11,5,34,8,1,0,14,11,12,10,2,0,6,5,1
"E01032497",2011,"Leeds 099E","Total",1496,1271,1224,1,1,45,49,20,9,9,11,54,13,14,0,14,13,122,105,4,13,0,0,0
"E01032498",2011,"Leeds 099F","Total",1531,1493,1467,7,2,17,22,7,6,8,1,9,3,2,0,4,0,7,1,4,2,0,0,0
"E01032499",2011,"Leeds 067G","Total",1749,1497,1429,20,2,46,20,5,5,4,6,183,86,64,0,9,24,24,22,2,0,25,19,6
"E01032500",2011,"Leeds 067H","Total",1144,965,804,9,6,146,34,12,1,15,6,123,8,93,1,3,18,19,15,2,2,3,0,3
"E01032501",2011,"Leeds 017E","Total",1173,1108,1080,11,0,17,24,12,4,6,2,23,2,10,0,0,11,10,7,0,3,8,8,0
"E01032502",2011,"Leeds 017F","Total",1842,1584,1499,30,0,55,76,45,8,19,4,68,16,16,2,14,20,19,12,2,5,95,47,48
"E01032503",2011,"Leeds 007E","Total",1465,1427,1397,4,1,25,11,5,4,1,1,21,17,1,0,0,3,1,0,1,0,5,1,4
"E01032504",2011,"Leeds 007F","Total",1584,1496,1446,16,5,29,33,10,6,12,5,44,39,1,0,1,3,4,2,1,1,7,7,0
"E01032606",2011,"Leeds 067I","Total",1982,1880,1809,17,1,53,39,17,3,11,8,46,10,11,1,7,17,10,6,2,2,7,5,2
"E01032607",2011,"Leeds 067J","Total",1101,989,893,8,1,87,27,9,0,11,7,60,13,32,1,7,7,17,10,3,4,8,8,0
"E01032608",2011,"Leeds 067K","Total",1170,965,861,13,0,91,24,6,1,15,2,150,22,103,1,7,17,21,18,1,2,10,5,5
"E01032876",2011,"Leeds 109G","Total",2691,2408,2289,29,1,89,83,22,6,32,23,153,72,35,2,30,14,26,17,4,5,21,10,11
"E01032945",2011,"Leeds 044F","Total",3163,2907,2791,50,3,63,90,32,8,27,23,136,38,51,2,28,17,24,16,5,3,6,6,0
"E01032946",2011,"Leeds 110G","Total",2472,2122,1959,42,3,118,82,17,6,40,19,176,62,51,1,35,27,54,42,7,5,38,19,19
"E01033002",2011,"Leeds 055F","Total",1310,671,556,10,2,103,52,13,13,14,12,198,65,10,4,52,67,172,98,39,35,217,199,18
"E01033003",2011,"Leeds 055G","Total",1783,734,556,9,2,167,114,50,16,26,22,305,70,20,11,61,143,459,330,66,63,171,88,83
"E01033005",2011,"Leeds 055H","Total",3530,1994,1793,37,0,164,161,67,29,41,24,832,144,106,12,353,217,362,258,62,42,181,139,42
"E01033006",2011,"Leeds 063E","Total",3385,2109,1841,21,2,245,152,29,17,78,28,773,190,106,7,254,216,166,105,36,25,185,137,48
"E01033008",2011,"Leeds 111A","Total",1120,798,697,11,0,90,44,12,2,14,16,143,49,14,3,32,45,20,13,3,4,115,102,13
"E01033010",2011,"Leeds 111B","Total",2807,1737,1361,14,2,360,90,14,6,36,34,620,158,50,14,282,116,69,32,31,6,291,254,37
"E01033011",2011,"Leeds 111C","Total",1373,1142,1000,18,0,124,48,10,5,18,15,109,25,9,16,38,21,28,17,8,3,46,32,14
"E01033013",2011,"Leeds 082E","Total",1189,904,783,15,3,103,36,12,7,6,11,113,43,25,10,20,15,111,87,9,15,25,19,6
"E01033015",2011,"Leeds 111D","Total",1167,906,786,6,0,114,48,9,8,17,14,150,92,16,1,23,18,16,9,1,6,47,40,7
"E01033016",2011,"Leeds 111E","Total",1017,776,674,17,1,84,44,12,6,18,8,119,70,8,1,16,24,25,14,5,6,53,39,14
"E01033018",2011,"Leeds 112D","Total",1137,874,742,17,2,113,35,17,5,7,6,177,123,8,1,26,19,9,6,1,2,42,33,9
"E01033019",2011,"Leeds 112E","Total",1700,1390,1253,19,1,117,54,11,10,22,11,170,114,7,3,33,13,26,14,8,4,60,48,12
"E01033021",2011,"Leeds 075E","Total",1300,988,912,18,7,51,74,43,12,7,12,78,18,2,9,24,25,145,113,12,20,15,9,6
"E01033031",2011,"Leeds 064E","Total",1289,812,648,13,4,147,67,16,23,17,11,203,52,27,7,23,94,140,119,9,12,67,20,47
"E01033032",2011,"Leeds 082F","Total",1278,890,791,11,2,86,35,10,1,20,4,253,170,17,0,38,28,52,49,3,0,48,33,15
"E01033033",2011,"Leeds 075F","Total",1580,1293,1176,17,4,96,51,16,8,11,16,145,79,8,1,34,23,39,20,8,11,52,45,7
"E01033034",2011,"Leeds 075G","Total",1025,842,757,10,1,74,43,11,12,15,5,81,41,5,0,16,19,31,19,3,9,28,23,5
"E01033035",2011,"Leeds 064F","Total",1412,398,315,0,0,83,125,44,30,30,21,281,16,36,2,27,200,447,390,17,40,161,8,153
