"lsoa11cd","date","lsoa11nm","Rural Urban","Welsh Language Skills: All categories: Welsh language skills; measures: Value","Welsh Language Skills: No skills in Welsh; measures: Value","Welsh Language Skills: Can understand spoken Welsh only; measures: Value","Welsh Language Skills: Can speak Welsh: Total; measures: Value","Welsh Language Skills: Can speak but cannot read or write Welsh; measures: Value","Welsh Language Skills: Can speak and read but cannot write Welsh; measures: Value","Welsh Language Skills: Can speak, read and write Welsh; measures: Value","Welsh Language Skills: Can speak and other combinations of skills in Welsh; measures: Value","Welsh Language Skills: Can read but cannot speak or write Welsh; measures: Value","Welsh Language Skills: Can read and write but cannot speak Welsh; measures: Value","Welsh Language Skills: Can write but cannot speak or read Welsh; measures: Value"
"E01011264",NA,NA,NA,NA,NA,NA,NA,NA,NA,NA,NA,NA,NA,NA
"E01011265",NA,NA,NA,NA,NA,NA,NA,NA,NA,NA,NA,NA,NA,NA
"E01011266",NA,NA,NA,NA,NA,NA,NA,NA,NA,NA,NA,NA,NA,NA
"E01011267",NA,NA,NA,NA,NA,NA,NA,NA,NA,NA,NA,NA,NA,NA
"E01011268",NA,NA,NA,NA,NA,NA,NA,NA,NA,NA,NA,NA,NA,NA
"E01011269",NA,NA,NA,NA,NA,NA,NA,NA,NA,NA,NA,NA,NA,NA
"E01011270",NA,NA,NA,NA,NA,NA,NA,NA,NA,NA,NA,NA,NA,NA
"E01011271",NA,NA,NA,NA,NA,NA,NA,NA,NA,NA,NA,NA,NA,NA
"E01011272",NA,NA,NA,NA,NA,NA,NA,NA,NA,NA,NA,NA,NA,NA
"E01011273",NA,NA,NA,NA,NA,NA,NA,NA,NA,NA,NA,NA,NA,NA
"E01011274",NA,NA,NA,NA,NA,NA,NA,NA,NA,NA,NA,NA,NA,NA
"E01011275",NA,NA,NA,NA,NA,NA,NA,NA,NA,NA,NA,NA,NA,NA
"E01011276",NA,NA,NA,NA,NA,NA,NA,NA,NA,NA,NA,NA,NA,NA
"E01011277",NA,NA,NA,NA,NA,NA,NA,NA,NA,NA,NA,NA,NA,NA
"E01011278",NA,NA,NA,NA,NA,NA,NA,NA,NA,NA,NA,NA,NA,NA
"E01011279",NA,NA,NA,NA,NA,NA,NA,NA,NA,NA,NA,NA,NA,NA
"E01011280",NA,NA,NA,NA,NA,NA,NA,NA,NA,NA,NA,NA,NA,NA
"E01011281",NA,NA,NA,NA,NA,NA,NA,NA,NA,NA,NA,NA,NA,NA
"E01011282",NA,NA,NA,NA,NA,NA,NA,NA,NA,NA,NA,NA,NA,NA
"E01011283",NA,NA,NA,NA,NA,NA,NA,NA,NA,NA,NA,NA,NA,NA
"E01011284",NA,NA,NA,NA,NA,NA,NA,NA,NA,NA,NA,NA,NA,NA
"E01011286",NA,NA,NA,NA,NA,NA,NA,NA,NA,NA,NA,NA,NA,NA
"E01011287",NA,NA,NA,NA,NA,NA,NA,NA,NA,NA,NA,NA,NA,NA
"E01011292",NA,NA,NA,NA,NA,NA,NA,NA,NA,NA,NA,NA,NA,NA
"E01011293",NA,NA,NA,NA,NA,NA,NA,NA,NA,NA,NA,NA,NA,NA
"E01011294",NA,NA,NA,NA,NA,NA,NA,NA,NA,NA,NA,NA,NA,NA
"E01011295",NA,NA,NA,NA,NA,NA,NA,NA,NA,NA,NA,NA,NA,NA
"E01011296",NA,NA,NA,NA,NA,NA,NA,NA,NA,NA,NA,NA,NA,NA
"E01011297",NA,NA,NA,NA,NA,NA,NA,NA,NA,NA,NA,NA,NA,NA
"E01011298",NA,NA,NA,NA,NA,NA,NA,NA,NA,NA,NA,NA,NA,NA
"E01011299",NA,NA,NA,NA,NA,NA,NA,NA,NA,NA,NA,NA,NA,NA
"E01011300",NA,NA,NA,NA,NA,NA,NA,NA,NA,NA,NA,NA,NA,NA
"E01011301",NA,NA,NA,NA,NA,NA,NA,NA,NA,NA,NA,NA,NA,NA
"E01011302",NA,NA,NA,NA,NA,NA,NA,NA,NA,NA,NA,NA,NA,NA
"E01011303",NA,NA,NA,NA,NA,NA,NA,NA,NA,NA,NA,NA,NA,NA
"E01011304",NA,NA,NA,NA,NA,NA,NA,NA,NA,NA,NA,NA,NA,NA
"E01011305",NA,NA,NA,NA,NA,NA,NA,NA,NA,NA,NA,NA,NA,NA
"E01011306",NA,NA,NA,NA,NA,NA,NA,NA,NA,NA,NA,NA,NA,NA
"E01011307",NA,NA,NA,NA,NA,NA,NA,NA,NA,NA,NA,NA,NA,NA
"E01011308",NA,NA,NA,NA,NA,NA,NA,NA,NA,NA,NA,NA,NA,NA
"E01011309",NA,NA,NA,NA,NA,NA,NA,NA,NA,NA,NA,NA,NA,NA
"E01011310",NA,NA,NA,NA,NA,NA,NA,NA,NA,NA,NA,NA,NA,NA
"E01011311",NA,NA,NA,NA,NA,NA,NA,NA,NA,NA,NA,NA,NA,NA
"E01011312",NA,NA,NA,NA,NA,NA,NA,NA,NA,NA,NA,NA,NA,NA
"E01011313",NA,NA,NA,NA,NA,NA,NA,NA,NA,NA,NA,NA,NA,NA
"E01011314",NA,NA,NA,NA,NA,NA,NA,NA,NA,NA,NA,NA,NA,NA
"E01011315",NA,NA,NA,NA,NA,NA,NA,NA,NA,NA,NA,NA,NA,NA
"E01011316",NA,NA,NA,NA,NA,NA,NA,NA,NA,NA,NA,NA,NA,NA
"E01011317",NA,NA,NA,NA,NA,NA,NA,NA,NA,NA,NA,NA,NA,NA
"E01011318",NA,NA,NA,NA,NA,NA,NA,NA,NA,NA,NA,NA,NA,NA
"E01011319",NA,NA,NA,NA,NA,NA,NA,NA,NA,NA,NA,NA,NA,NA
"E01011320",NA,NA,NA,NA,NA,NA,NA,NA,NA,NA,NA,NA,NA,NA
"E01011321",NA,NA,NA,NA,NA,NA,NA,NA,NA,NA,NA,NA,NA,NA
"E01011322",NA,NA,NA,NA,NA,NA,NA,NA,NA,NA,NA,NA,NA,NA
"E01011323",NA,NA,NA,NA,NA,NA,NA,NA,NA,NA,NA,NA,NA,NA
"E01011324",NA,NA,NA,NA,NA,NA,NA,NA,NA,NA,NA,NA,NA,NA
"E01011325",NA,NA,NA,NA,NA,NA,NA,NA,NA,NA,NA,NA,NA,NA
"E01011326",NA,NA,NA,NA,NA,NA,NA,NA,NA,NA,NA,NA,NA,NA
"E01011327",NA,NA,NA,NA,NA,NA,NA,NA,NA,NA,NA,NA,NA,NA
"E01011328",NA,NA,NA,NA,NA,NA,NA,NA,NA,NA,NA,NA,NA,NA
"E01011329",NA,NA,NA,NA,NA,NA,NA,NA,NA,NA,NA,NA,NA,NA
"E01011330",NA,NA,NA,NA,NA,NA,NA,NA,NA,NA,NA,NA,NA,NA
"E01011331",NA,NA,NA,NA,NA,NA,NA,NA,NA,NA,NA,NA,NA,NA
"E01011332",NA,NA,NA,NA,NA,NA,NA,NA,NA,NA,NA,NA,NA,NA
"E01011333",NA,NA,NA,NA,NA,NA,NA,NA,NA,NA,NA,NA,NA,NA
"E01011334",NA,NA,NA,NA,NA,NA,NA,NA,NA,NA,NA,NA,NA,NA
"E01011335",NA,NA,NA,NA,NA,NA,NA,NA,NA,NA,NA,NA,NA,NA
"E01011336",NA,NA,NA,NA,NA,NA,NA,NA,NA,NA,NA,NA,NA,NA
"E01011337",NA,NA,NA,NA,NA,NA,NA,NA,NA,NA,NA,NA,NA,NA
"E01011338",NA,NA,NA,NA,NA,NA,NA,NA,NA,NA,NA,NA,NA,NA
"E01011339",NA,NA,NA,NA,NA,NA,NA,NA,NA,NA,NA,NA,NA,NA
"E01011340",NA,NA,NA,NA,NA,NA,NA,NA,NA,NA,NA,NA,NA,NA
"E01011341",NA,NA,NA,NA,NA,NA,NA,NA,NA,NA,NA,NA,NA,NA
"E01011342",NA,NA,NA,NA,NA,NA,NA,NA,NA,NA,NA,NA,NA,NA
"E01011343",NA,NA,NA,NA,NA,NA,NA,NA,NA,NA,NA,NA,NA,NA
"E01011344",NA,NA,NA,NA,NA,NA,NA,NA,NA,NA,NA,NA,NA,NA
"E01011345",NA,NA,NA,NA,NA,NA,NA,NA,NA,NA,NA,NA,NA,NA
"E01011346",NA,NA,NA,NA,NA,NA,NA,NA,NA,NA,NA,NA,NA,NA
"E01011347",NA,NA,NA,NA,NA,NA,NA,NA,NA,NA,NA,NA,NA,NA
"E01011348",NA,NA,NA,NA,NA,NA,NA,NA,NA,NA,NA,NA,NA,NA
"E01011349",NA,NA,NA,NA,NA,NA,NA,NA,NA,NA,NA,NA,NA,NA
"E01011350",NA,NA,NA,NA,NA,NA,NA,NA,NA,NA,NA,NA,NA,NA
"E01011351",NA,NA,NA,NA,NA,NA,NA,NA,NA,NA,NA,NA,NA,NA
"E01011352",NA,NA,NA,NA,NA,NA,NA,NA,NA,NA,NA,NA,NA,NA
"E01011353",NA,NA,NA,NA,NA,NA,NA,NA,NA,NA,NA,NA,NA,NA
"E01011354",NA,NA,NA,NA,NA,NA,NA,NA,NA,NA,NA,NA,NA,NA
"E01011355",NA,NA,NA,NA,NA,NA,NA,NA,NA,NA,NA,NA,NA,NA
"E01011356",NA,NA,NA,NA,NA,NA,NA,NA,NA,NA,NA,NA,NA,NA
"E01011357",NA,NA,NA,NA,NA,NA,NA,NA,NA,NA,NA,NA,NA,NA
"E01011358",NA,NA,NA,NA,NA,NA,NA,NA,NA,NA,NA,NA,NA,NA
"E01011359",NA,NA,NA,NA,NA,NA,NA,NA,NA,NA,NA,NA,NA,NA
"E01011360",NA,NA,NA,NA,NA,NA,NA,NA,NA,NA,NA,NA,NA,NA
"E01011361",NA,NA,NA,NA,NA,NA,NA,NA,NA,NA,NA,NA,NA,NA
"E01011362",NA,NA,NA,NA,NA,NA,NA,NA,NA,NA,NA,NA,NA,NA
"E01011363",NA,NA,NA,NA,NA,NA,NA,NA,NA,NA,NA,NA,NA,NA
"E01011364",NA,NA,NA,NA,NA,NA,NA,NA,NA,NA,NA,NA,NA,NA
"E01011366",NA,NA,NA,NA,NA,NA,NA,NA,NA,NA,NA,NA,NA,NA
"E01011368",NA,NA,NA,NA,NA,NA,NA,NA,NA,NA,NA,NA,NA,NA
"E01011369",NA,NA,NA,NA,NA,NA,NA,NA,NA,NA,NA,NA,NA,NA
"E01011370",NA,NA,NA,NA,NA,NA,NA,NA,NA,NA,NA,NA,NA,NA
"E01011371",NA,NA,NA,NA,NA,NA,NA,NA,NA,NA,NA,NA,NA,NA
"E01011372",NA,NA,NA,NA,NA,NA,NA,NA,NA,NA,NA,NA,NA,NA
"E01011373",NA,NA,NA,NA,NA,NA,NA,NA,NA,NA,NA,NA,NA,NA
"E01011374",NA,NA,NA,NA,NA,NA,NA,NA,NA,NA,NA,NA,NA,NA
"E01011375",NA,NA,NA,NA,NA,NA,NA,NA,NA,NA,NA,NA,NA,NA
"E01011376",NA,NA,NA,NA,NA,NA,NA,NA,NA,NA,NA,NA,NA,NA
"E01011377",NA,NA,NA,NA,NA,NA,NA,NA,NA,NA,NA,NA,NA,NA
"E01011378",NA,NA,NA,NA,NA,NA,NA,NA,NA,NA,NA,NA,NA,NA
"E01011379",NA,NA,NA,NA,NA,NA,NA,NA,NA,NA,NA,NA,NA,NA
"E01011380",NA,NA,NA,NA,NA,NA,NA,NA,NA,NA,NA,NA,NA,NA
"E01011381",NA,NA,NA,NA,NA,NA,NA,NA,NA,NA,NA,NA,NA,NA
"E01011382",NA,NA,NA,NA,NA,NA,NA,NA,NA,NA,NA,NA,NA,NA
"E01011383",NA,NA,NA,NA,NA,NA,NA,NA,NA,NA,NA,NA,NA,NA
"E01011384",NA,NA,NA,NA,NA,NA,NA,NA,NA,NA,NA,NA,NA,NA
"E01011385",NA,NA,NA,NA,NA,NA,NA,NA,NA,NA,NA,NA,NA,NA
"E01011386",NA,NA,NA,NA,NA,NA,NA,NA,NA,NA,NA,NA,NA,NA
"E01011388",NA,NA,NA,NA,NA,NA,NA,NA,NA,NA,NA,NA,NA,NA
"E01011390",NA,NA,NA,NA,NA,NA,NA,NA,NA,NA,NA,NA,NA,NA
"E01011391",NA,NA,NA,NA,NA,NA,NA,NA,NA,NA,NA,NA,NA,NA
"E01011392",NA,NA,NA,NA,NA,NA,NA,NA,NA,NA,NA,NA,NA,NA
"E01011393",NA,NA,NA,NA,NA,NA,NA,NA,NA,NA,NA,NA,NA,NA
"E01011394",NA,NA,NA,NA,NA,NA,NA,NA,NA,NA,NA,NA,NA,NA
"E01011395",NA,NA,NA,NA,NA,NA,NA,NA,NA,NA,NA,NA,NA,NA
"E01011396",NA,NA,NA,NA,NA,NA,NA,NA,NA,NA,NA,NA,NA,NA
"E01011397",NA,NA,NA,NA,NA,NA,NA,NA,NA,NA,NA,NA,NA,NA
"E01011398",NA,NA,NA,NA,NA,NA,NA,NA,NA,NA,NA,NA,NA,NA
"E01011399",NA,NA,NA,NA,NA,NA,NA,NA,NA,NA,NA,NA,NA,NA
"E01011400",NA,NA,NA,NA,NA,NA,NA,NA,NA,NA,NA,NA,NA,NA
"E01011401",NA,NA,NA,NA,NA,NA,NA,NA,NA,NA,NA,NA,NA,NA
"E01011402",NA,NA,NA,NA,NA,NA,NA,NA,NA,NA,NA,NA,NA,NA
"E01011403",NA,NA,NA,NA,NA,NA,NA,NA,NA,NA,NA,NA,NA,NA
"E01011404",NA,NA,NA,NA,NA,NA,NA,NA,NA,NA,NA,NA,NA,NA
"E01011405",NA,NA,NA,NA,NA,NA,NA,NA,NA,NA,NA,NA,NA,NA
"E01011406",NA,NA,NA,NA,NA,NA,NA,NA,NA,NA,NA,NA,NA,NA
"E01011407",NA,NA,NA,NA,NA,NA,NA,NA,NA,NA,NA,NA,NA,NA
"E01011408",NA,NA,NA,NA,NA,NA,NA,NA,NA,NA,NA,NA,NA,NA
"E01011409",NA,NA,NA,NA,NA,NA,NA,NA,NA,NA,NA,NA,NA,NA
"E01011410",NA,NA,NA,NA,NA,NA,NA,NA,NA,NA,NA,NA,NA,NA
"E01011411",NA,NA,NA,NA,NA,NA,NA,NA,NA,NA,NA,NA,NA,NA
"E01011412",NA,NA,NA,NA,NA,NA,NA,NA,NA,NA,NA,NA,NA,NA
"E01011413",NA,NA,NA,NA,NA,NA,NA,NA,NA,NA,NA,NA,NA,NA
"E01011414",NA,NA,NA,NA,NA,NA,NA,NA,NA,NA,NA,NA,NA,NA
"E01011415",NA,NA,NA,NA,NA,NA,NA,NA,NA,NA,NA,NA,NA,NA
"E01011416",NA,NA,NA,NA,NA,NA,NA,NA,NA,NA,NA,NA,NA,NA
"E01011417",NA,NA,NA,NA,NA,NA,NA,NA,NA,NA,NA,NA,NA,NA
"E01011418",NA,NA,NA,NA,NA,NA,NA,NA,NA,NA,NA,NA,NA,NA
"E01011419",NA,NA,NA,NA,NA,NA,NA,NA,NA,NA,NA,NA,NA,NA
"E01011420",NA,NA,NA,NA,NA,NA,NA,NA,NA,NA,NA,NA,NA,NA
"E01011421",NA,NA,NA,NA,NA,NA,NA,NA,NA,NA,NA,NA,NA,NA
"E01011422",NA,NA,NA,NA,NA,NA,NA,NA,NA,NA,NA,NA,NA,NA
"E01011423",NA,NA,NA,NA,NA,NA,NA,NA,NA,NA,NA,NA,NA,NA
"E01011424",NA,NA,NA,NA,NA,NA,NA,NA,NA,NA,NA,NA,NA,NA
"E01011425",NA,NA,NA,NA,NA,NA,NA,NA,NA,NA,NA,NA,NA,NA
"E01011426",NA,NA,NA,NA,NA,NA,NA,NA,NA,NA,NA,NA,NA,NA
"E01011427",NA,NA,NA,NA,NA,NA,NA,NA,NA,NA,NA,NA,NA,NA
"E01011428",NA,NA,NA,NA,NA,NA,NA,NA,NA,NA,NA,NA,NA,NA
"E01011429",NA,NA,NA,NA,NA,NA,NA,NA,NA,NA,NA,NA,NA,NA
"E01011430",NA,NA,NA,NA,NA,NA,NA,NA,NA,NA,NA,NA,NA,NA
"E01011431",NA,NA,NA,NA,NA,NA,NA,NA,NA,NA,NA,NA,NA,NA
"E01011432",NA,NA,NA,NA,NA,NA,NA,NA,NA,NA,NA,NA,NA,NA
"E01011433",NA,NA,NA,NA,NA,NA,NA,NA,NA,NA,NA,NA,NA,NA
"E01011434",NA,NA,NA,NA,NA,NA,NA,NA,NA,NA,NA,NA,NA,NA
"E01011435",NA,NA,NA,NA,NA,NA,NA,NA,NA,NA,NA,NA,NA,NA
"E01011440",NA,NA,NA,NA,NA,NA,NA,NA,NA,NA,NA,NA,NA,NA
"E01011441",NA,NA,NA,NA,NA,NA,NA,NA,NA,NA,NA,NA,NA,NA
"E01011442",NA,NA,NA,NA,NA,NA,NA,NA,NA,NA,NA,NA,NA,NA
"E01011443",NA,NA,NA,NA,NA,NA,NA,NA,NA,NA,NA,NA,NA,NA
"E01011444",NA,NA,NA,NA,NA,NA,NA,NA,NA,NA,NA,NA,NA,NA
"E01011445",NA,NA,NA,NA,NA,NA,NA,NA,NA,NA,NA,NA,NA,NA
"E01011446",NA,NA,NA,NA,NA,NA,NA,NA,NA,NA,NA,NA,NA,NA
"E01011447",NA,NA,NA,NA,NA,NA,NA,NA,NA,NA,NA,NA,NA,NA
"E01011448",NA,NA,NA,NA,NA,NA,NA,NA,NA,NA,NA,NA,NA,NA
"E01011449",NA,NA,NA,NA,NA,NA,NA,NA,NA,NA,NA,NA,NA,NA
"E01011450",NA,NA,NA,NA,NA,NA,NA,NA,NA,NA,NA,NA,NA,NA
"E01011451",NA,NA,NA,NA,NA,NA,NA,NA,NA,NA,NA,NA,NA,NA
"E01011452",NA,NA,NA,NA,NA,NA,NA,NA,NA,NA,NA,NA,NA,NA
"E01011453",NA,NA,NA,NA,NA,NA,NA,NA,NA,NA,NA,NA,NA,NA
"E01011454",NA,NA,NA,NA,NA,NA,NA,NA,NA,NA,NA,NA,NA,NA
"E01011455",NA,NA,NA,NA,NA,NA,NA,NA,NA,NA,NA,NA,NA,NA
"E01011456",NA,NA,NA,NA,NA,NA,NA,NA,NA,NA,NA,NA,NA,NA
"E01011457",NA,NA,NA,NA,NA,NA,NA,NA,NA,NA,NA,NA,NA,NA
"E01011458",NA,NA,NA,NA,NA,NA,NA,NA,NA,NA,NA,NA,NA,NA
"E01011459",NA,NA,NA,NA,NA,NA,NA,NA,NA,NA,NA,NA,NA,NA
"E01011460",NA,NA,NA,NA,NA,NA,NA,NA,NA,NA,NA,NA,NA,NA
"E01011461",NA,NA,NA,NA,NA,NA,NA,NA,NA,NA,NA,NA,NA,NA
"E01011462",NA,NA,NA,NA,NA,NA,NA,NA,NA,NA,NA,NA,NA,NA
"E01011463",NA,NA,NA,NA,NA,NA,NA,NA,NA,NA,NA,NA,NA,NA
"E01011464",NA,NA,NA,NA,NA,NA,NA,NA,NA,NA,NA,NA,NA,NA
"E01011465",NA,NA,NA,NA,NA,NA,NA,NA,NA,NA,NA,NA,NA,NA
"E01011466",NA,NA,NA,NA,NA,NA,NA,NA,NA,NA,NA,NA,NA,NA
"E01011467",NA,NA,NA,NA,NA,NA,NA,NA,NA,NA,NA,NA,NA,NA
"E01011468",NA,NA,NA,NA,NA,NA,NA,NA,NA,NA,NA,NA,NA,NA
"E01011469",NA,NA,NA,NA,NA,NA,NA,NA,NA,NA,NA,NA,NA,NA
"E01011470",NA,NA,NA,NA,NA,NA,NA,NA,NA,NA,NA,NA,NA,NA
"E01011471",NA,NA,NA,NA,NA,NA,NA,NA,NA,NA,NA,NA,NA,NA
"E01011472",NA,NA,NA,NA,NA,NA,NA,NA,NA,NA,NA,NA,NA,NA
"E01011473",NA,NA,NA,NA,NA,NA,NA,NA,NA,NA,NA,NA,NA,NA
"E01011474",NA,NA,NA,NA,NA,NA,NA,NA,NA,NA,NA,NA,NA,NA
"E01011475",NA,NA,NA,NA,NA,NA,NA,NA,NA,NA,NA,NA,NA,NA
"E01011476",NA,NA,NA,NA,NA,NA,NA,NA,NA,NA,NA,NA,NA,NA
"E01011477",NA,NA,NA,NA,NA,NA,NA,NA,NA,NA,NA,NA,NA,NA
"E01011478",NA,NA,NA,NA,NA,NA,NA,NA,NA,NA,NA,NA,NA,NA
"E01011479",NA,NA,NA,NA,NA,NA,NA,NA,NA,NA,NA,NA,NA,NA
"E01011480",NA,NA,NA,NA,NA,NA,NA,NA,NA,NA,NA,NA,NA,NA
"E01011481",NA,NA,NA,NA,NA,NA,NA,NA,NA,NA,NA,NA,NA,NA
"E01011482",NA,NA,NA,NA,NA,NA,NA,NA,NA,NA,NA,NA,NA,NA
"E01011483",NA,NA,NA,NA,NA,NA,NA,NA,NA,NA,NA,NA,NA,NA
"E01011484",NA,NA,NA,NA,NA,NA,NA,NA,NA,NA,NA,NA,NA,NA
"E01011485",NA,NA,NA,NA,NA,NA,NA,NA,NA,NA,NA,NA,NA,NA
"E01011488",NA,NA,NA,NA,NA,NA,NA,NA,NA,NA,NA,NA,NA,NA
"E01011489",NA,NA,NA,NA,NA,NA,NA,NA,NA,NA,NA,NA,NA,NA
"E01011490",NA,NA,NA,NA,NA,NA,NA,NA,NA,NA,NA,NA,NA,NA
"E01011491",NA,NA,NA,NA,NA,NA,NA,NA,NA,NA,NA,NA,NA,NA
"E01011492",NA,NA,NA,NA,NA,NA,NA,NA,NA,NA,NA,NA,NA,NA
"E01011493",NA,NA,NA,NA,NA,NA,NA,NA,NA,NA,NA,NA,NA,NA
"E01011494",NA,NA,NA,NA,NA,NA,NA,NA,NA,NA,NA,NA,NA,NA
"E01011496",NA,NA,NA,NA,NA,NA,NA,NA,NA,NA,NA,NA,NA,NA
"E01011497",NA,NA,NA,NA,NA,NA,NA,NA,NA,NA,NA,NA,NA,NA
"E01011499",NA,NA,NA,NA,NA,NA,NA,NA,NA,NA,NA,NA,NA,NA
"E01011500",NA,NA,NA,NA,NA,NA,NA,NA,NA,NA,NA,NA,NA,NA
"E01011502",NA,NA,NA,NA,NA,NA,NA,NA,NA,NA,NA,NA,NA,NA
"E01011504",NA,NA,NA,NA,NA,NA,NA,NA,NA,NA,NA,NA,NA,NA
"E01011505",NA,NA,NA,NA,NA,NA,NA,NA,NA,NA,NA,NA,NA,NA
"E01011506",NA,NA,NA,NA,NA,NA,NA,NA,NA,NA,NA,NA,NA,NA
"E01011507",NA,NA,NA,NA,NA,NA,NA,NA,NA,NA,NA,NA,NA,NA
"E01011508",NA,NA,NA,NA,NA,NA,NA,NA,NA,NA,NA,NA,NA,NA
"E01011509",NA,NA,NA,NA,NA,NA,NA,NA,NA,NA,NA,NA,NA,NA
"E01011510",NA,NA,NA,NA,NA,NA,NA,NA,NA,NA,NA,NA,NA,NA
"E01011511",NA,NA,NA,NA,NA,NA,NA,NA,NA,NA,NA,NA,NA,NA
"E01011512",NA,NA,NA,NA,NA,NA,NA,NA,NA,NA,NA,NA,NA,NA
"E01011513",NA,NA,NA,NA,NA,NA,NA,NA,NA,NA,NA,NA,NA,NA
"E01011514",NA,NA,NA,NA,NA,NA,NA,NA,NA,NA,NA,NA,NA,NA
"E01011515",NA,NA,NA,NA,NA,NA,NA,NA,NA,NA,NA,NA,NA,NA
"E01011516",NA,NA,NA,NA,NA,NA,NA,NA,NA,NA,NA,NA,NA,NA
"E01011517",NA,NA,NA,NA,NA,NA,NA,NA,NA,NA,NA,NA,NA,NA
"E01011518",NA,NA,NA,NA,NA,NA,NA,NA,NA,NA,NA,NA,NA,NA
"E01011519",NA,NA,NA,NA,NA,NA,NA,NA,NA,NA,NA,NA,NA,NA
"E01011520",NA,NA,NA,NA,NA,NA,NA,NA,NA,NA,NA,NA,NA,NA
"E01011521",NA,NA,NA,NA,NA,NA,NA,NA,NA,NA,NA,NA,NA,NA
"E01011522",NA,NA,NA,NA,NA,NA,NA,NA,NA,NA,NA,NA,NA,NA
"E01011523",NA,NA,NA,NA,NA,NA,NA,NA,NA,NA,NA,NA,NA,NA
"E01011524",NA,NA,NA,NA,NA,NA,NA,NA,NA,NA,NA,NA,NA,NA
"E01011525",NA,NA,NA,NA,NA,NA,NA,NA,NA,NA,NA,NA,NA,NA
"E01011526",NA,NA,NA,NA,NA,NA,NA,NA,NA,NA,NA,NA,NA,NA
"E01011527",NA,NA,NA,NA,NA,NA,NA,NA,NA,NA,NA,NA,NA,NA
"E01011528",NA,NA,NA,NA,NA,NA,NA,NA,NA,NA,NA,NA,NA,NA
"E01011529",NA,NA,NA,NA,NA,NA,NA,NA,NA,NA,NA,NA,NA,NA
"E01011530",NA,NA,NA,NA,NA,NA,NA,NA,NA,NA,NA,NA,NA,NA
"E01011531",NA,NA,NA,NA,NA,NA,NA,NA,NA,NA,NA,NA,NA,NA
"E01011532",NA,NA,NA,NA,NA,NA,NA,NA,NA,NA,NA,NA,NA,NA
"E01011533",NA,NA,NA,NA,NA,NA,NA,NA,NA,NA,NA,NA,NA,NA
"E01011534",NA,NA,NA,NA,NA,NA,NA,NA,NA,NA,NA,NA,NA,NA
"E01011535",NA,NA,NA,NA,NA,NA,NA,NA,NA,NA,NA,NA,NA,NA
"E01011536",NA,NA,NA,NA,NA,NA,NA,NA,NA,NA,NA,NA,NA,NA
"E01011537",NA,NA,NA,NA,NA,NA,NA,NA,NA,NA,NA,NA,NA,NA
"E01011538",NA,NA,NA,NA,NA,NA,NA,NA,NA,NA,NA,NA,NA,NA
"E01011540",NA,NA,NA,NA,NA,NA,NA,NA,NA,NA,NA,NA,NA,NA
"E01011541",NA,NA,NA,NA,NA,NA,NA,NA,NA,NA,NA,NA,NA,NA
"E01011545",NA,NA,NA,NA,NA,NA,NA,NA,NA,NA,NA,NA,NA,NA
"E01011546",NA,NA,NA,NA,NA,NA,NA,NA,NA,NA,NA,NA,NA,NA
"E01011547",NA,NA,NA,NA,NA,NA,NA,NA,NA,NA,NA,NA,NA,NA
"E01011548",NA,NA,NA,NA,NA,NA,NA,NA,NA,NA,NA,NA,NA,NA
"E01011549",NA,NA,NA,NA,NA,NA,NA,NA,NA,NA,NA,NA,NA,NA
"E01011550",NA,NA,NA,NA,NA,NA,NA,NA,NA,NA,NA,NA,NA,NA
"E01011551",NA,NA,NA,NA,NA,NA,NA,NA,NA,NA,NA,NA,NA,NA
"E01011552",NA,NA,NA,NA,NA,NA,NA,NA,NA,NA,NA,NA,NA,NA
"E01011553",NA,NA,NA,NA,NA,NA,NA,NA,NA,NA,NA,NA,NA,NA
"E01011554",NA,NA,NA,NA,NA,NA,NA,NA,NA,NA,NA,NA,NA,NA
"E01011555",NA,NA,NA,NA,NA,NA,NA,NA,NA,NA,NA,NA,NA,NA
"E01011556",NA,NA,NA,NA,NA,NA,NA,NA,NA,NA,NA,NA,NA,NA
"E01011557",NA,NA,NA,NA,NA,NA,NA,NA,NA,NA,NA,NA,NA,NA
"E01011558",NA,NA,NA,NA,NA,NA,NA,NA,NA,NA,NA,NA,NA,NA
"E01011559",NA,NA,NA,NA,NA,NA,NA,NA,NA,NA,NA,NA,NA,NA
"E01011560",NA,NA,NA,NA,NA,NA,NA,NA,NA,NA,NA,NA,NA,NA
"E01011561",NA,NA,NA,NA,NA,NA,NA,NA,NA,NA,NA,NA,NA,NA
"E01011562",NA,NA,NA,NA,NA,NA,NA,NA,NA,NA,NA,NA,NA,NA
"E01011563",NA,NA,NA,NA,NA,NA,NA,NA,NA,NA,NA,NA,NA,NA
"E01011564",NA,NA,NA,NA,NA,NA,NA,NA,NA,NA,NA,NA,NA,NA
"E01011565",NA,NA,NA,NA,NA,NA,NA,NA,NA,NA,NA,NA,NA,NA
"E01011566",NA,NA,NA,NA,NA,NA,NA,NA,NA,NA,NA,NA,NA,NA
"E01011567",NA,NA,NA,NA,NA,NA,NA,NA,NA,NA,NA,NA,NA,NA
"E01011568",NA,NA,NA,NA,NA,NA,NA,NA,NA,NA,NA,NA,NA,NA
"E01011569",NA,NA,NA,NA,NA,NA,NA,NA,NA,NA,NA,NA,NA,NA
"E01011570",NA,NA,NA,NA,NA,NA,NA,NA,NA,NA,NA,NA,NA,NA
"E01011571",NA,NA,NA,NA,NA,NA,NA,NA,NA,NA,NA,NA,NA,NA
"E01011572",NA,NA,NA,NA,NA,NA,NA,NA,NA,NA,NA,NA,NA,NA
"E01011573",NA,NA,NA,NA,NA,NA,NA,NA,NA,NA,NA,NA,NA,NA
"E01011574",NA,NA,NA,NA,NA,NA,NA,NA,NA,NA,NA,NA,NA,NA
"E01011576",NA,NA,NA,NA,NA,NA,NA,NA,NA,NA,NA,NA,NA,NA
"E01011578",NA,NA,NA,NA,NA,NA,NA,NA,NA,NA,NA,NA,NA,NA
"E01011579",NA,NA,NA,NA,NA,NA,NA,NA,NA,NA,NA,NA,NA,NA
"E01011580",NA,NA,NA,NA,NA,NA,NA,NA,NA,NA,NA,NA,NA,NA
"E01011581",NA,NA,NA,NA,NA,NA,NA,NA,NA,NA,NA,NA,NA,NA
"E01011582",NA,NA,NA,NA,NA,NA,NA,NA,NA,NA,NA,NA,NA,NA
"E01011583",NA,NA,NA,NA,NA,NA,NA,NA,NA,NA,NA,NA,NA,NA
"E01011584",NA,NA,NA,NA,NA,NA,NA,NA,NA,NA,NA,NA,NA,NA
"E01011585",NA,NA,NA,NA,NA,NA,NA,NA,NA,NA,NA,NA,NA,NA
"E01011586",NA,NA,NA,NA,NA,NA,NA,NA,NA,NA,NA,NA,NA,NA
"E01011587",NA,NA,NA,NA,NA,NA,NA,NA,NA,NA,NA,NA,NA,NA
"E01011588",NA,NA,NA,NA,NA,NA,NA,NA,NA,NA,NA,NA,NA,NA
"E01011589",NA,NA,NA,NA,NA,NA,NA,NA,NA,NA,NA,NA,NA,NA
"E01011590",NA,NA,NA,NA,NA,NA,NA,NA,NA,NA,NA,NA,NA,NA
"E01011591",NA,NA,NA,NA,NA,NA,NA,NA,NA,NA,NA,NA,NA,NA
"E01011592",NA,NA,NA,NA,NA,NA,NA,NA,NA,NA,NA,NA,NA,NA
"E01011593",NA,NA,NA,NA,NA,NA,NA,NA,NA,NA,NA,NA,NA,NA
"E01011594",NA,NA,NA,NA,NA,NA,NA,NA,NA,NA,NA,NA,NA,NA
"E01011595",NA,NA,NA,NA,NA,NA,NA,NA,NA,NA,NA,NA,NA,NA
"E01011596",NA,NA,NA,NA,NA,NA,NA,NA,NA,NA,NA,NA,NA,NA
"E01011597",NA,NA,NA,NA,NA,NA,NA,NA,NA,NA,NA,NA,NA,NA
"E01011598",NA,NA,NA,NA,NA,NA,NA,NA,NA,NA,NA,NA,NA,NA
"E01011599",NA,NA,NA,NA,NA,NA,NA,NA,NA,NA,NA,NA,NA,NA
"E01011600",NA,NA,NA,NA,NA,NA,NA,NA,NA,NA,NA,NA,NA,NA
"E01011601",NA,NA,NA,NA,NA,NA,NA,NA,NA,NA,NA,NA,NA,NA
"E01011602",NA,NA,NA,NA,NA,NA,NA,NA,NA,NA,NA,NA,NA,NA
"E01011603",NA,NA,NA,NA,NA,NA,NA,NA,NA,NA,NA,NA,NA,NA
"E01011604",NA,NA,NA,NA,NA,NA,NA,NA,NA,NA,NA,NA,NA,NA
"E01011605",NA,NA,NA,NA,NA,NA,NA,NA,NA,NA,NA,NA,NA,NA
"E01011606",NA,NA,NA,NA,NA,NA,NA,NA,NA,NA,NA,NA,NA,NA
"E01011607",NA,NA,NA,NA,NA,NA,NA,NA,NA,NA,NA,NA,NA,NA
"E01011608",NA,NA,NA,NA,NA,NA,NA,NA,NA,NA,NA,NA,NA,NA
"E01011609",NA,NA,NA,NA,NA,NA,NA,NA,NA,NA,NA,NA,NA,NA
"E01011610",NA,NA,NA,NA,NA,NA,NA,NA,NA,NA,NA,NA,NA,NA
"E01011611",NA,NA,NA,NA,NA,NA,NA,NA,NA,NA,NA,NA,NA,NA
"E01011612",NA,NA,NA,NA,NA,NA,NA,NA,NA,NA,NA,NA,NA,NA
"E01011613",NA,NA,NA,NA,NA,NA,NA,NA,NA,NA,NA,NA,NA,NA
"E01011614",NA,NA,NA,NA,NA,NA,NA,NA,NA,NA,NA,NA,NA,NA
"E01011615",NA,NA,NA,NA,NA,NA,NA,NA,NA,NA,NA,NA,NA,NA
"E01011616",NA,NA,NA,NA,NA,NA,NA,NA,NA,NA,NA,NA,NA,NA
"E01011617",NA,NA,NA,NA,NA,NA,NA,NA,NA,NA,NA,NA,NA,NA
"E01011618",NA,NA,NA,NA,NA,NA,NA,NA,NA,NA,NA,NA,NA,NA
"E01011620",NA,NA,NA,NA,NA,NA,NA,NA,NA,NA,NA,NA,NA,NA
"E01011621",NA,NA,NA,NA,NA,NA,NA,NA,NA,NA,NA,NA,NA,NA
"E01011622",NA,NA,NA,NA,NA,NA,NA,NA,NA,NA,NA,NA,NA,NA
"E01011623",NA,NA,NA,NA,NA,NA,NA,NA,NA,NA,NA,NA,NA,NA
"E01011624",NA,NA,NA,NA,NA,NA,NA,NA,NA,NA,NA,NA,NA,NA
"E01011625",NA,NA,NA,NA,NA,NA,NA,NA,NA,NA,NA,NA,NA,NA
"E01011626",NA,NA,NA,NA,NA,NA,NA,NA,NA,NA,NA,NA,NA,NA
"E01011627",NA,NA,NA,NA,NA,NA,NA,NA,NA,NA,NA,NA,NA,NA
"E01011628",NA,NA,NA,NA,NA,NA,NA,NA,NA,NA,NA,NA,NA,NA
"E01011629",NA,NA,NA,NA,NA,NA,NA,NA,NA,NA,NA,NA,NA,NA
"E01011630",NA,NA,NA,NA,NA,NA,NA,NA,NA,NA,NA,NA,NA,NA
"E01011632",NA,NA,NA,NA,NA,NA,NA,NA,NA,NA,NA,NA,NA,NA
"E01011633",NA,NA,NA,NA,NA,NA,NA,NA,NA,NA,NA,NA,NA,NA
"E01011634",NA,NA,NA,NA,NA,NA,NA,NA,NA,NA,NA,NA,NA,NA
"E01011635",NA,NA,NA,NA,NA,NA,NA,NA,NA,NA,NA,NA,NA,NA
"E01011636",NA,NA,NA,NA,NA,NA,NA,NA,NA,NA,NA,NA,NA,NA
"E01011637",NA,NA,NA,NA,NA,NA,NA,NA,NA,NA,NA,NA,NA,NA
"E01011638",NA,NA,NA,NA,NA,NA,NA,NA,NA,NA,NA,NA,NA,NA
"E01011639",NA,NA,NA,NA,NA,NA,NA,NA,NA,NA,NA,NA,NA,NA
"E01011641",NA,NA,NA,NA,NA,NA,NA,NA,NA,NA,NA,NA,NA,NA
"E01011642",NA,NA,NA,NA,NA,NA,NA,NA,NA,NA,NA,NA,NA,NA
"E01011643",NA,NA,NA,NA,NA,NA,NA,NA,NA,NA,NA,NA,NA,NA
"E01011644",NA,NA,NA,NA,NA,NA,NA,NA,NA,NA,NA,NA,NA,NA
"E01011645",NA,NA,NA,NA,NA,NA,NA,NA,NA,NA,NA,NA,NA,NA
"E01011646",NA,NA,NA,NA,NA,NA,NA,NA,NA,NA,NA,NA,NA,NA
"E01011647",NA,NA,NA,NA,NA,NA,NA,NA,NA,NA,NA,NA,NA,NA
"E01011648",NA,NA,NA,NA,NA,NA,NA,NA,NA,NA,NA,NA,NA,NA
"E01011649",NA,NA,NA,NA,NA,NA,NA,NA,NA,NA,NA,NA,NA,NA
"E01011650",NA,NA,NA,NA,NA,NA,NA,NA,NA,NA,NA,NA,NA,NA
"E01011651",NA,NA,NA,NA,NA,NA,NA,NA,NA,NA,NA,NA,NA,NA
"E01011652",NA,NA,NA,NA,NA,NA,NA,NA,NA,NA,NA,NA,NA,NA
"E01011653",NA,NA,NA,NA,NA,NA,NA,NA,NA,NA,NA,NA,NA,NA
"E01011654",NA,NA,NA,NA,NA,NA,NA,NA,NA,NA,NA,NA,NA,NA
"E01011655",NA,NA,NA,NA,NA,NA,NA,NA,NA,NA,NA,NA,NA,NA
"E01011656",NA,NA,NA,NA,NA,NA,NA,NA,NA,NA,NA,NA,NA,NA
"E01011657",NA,NA,NA,NA,NA,NA,NA,NA,NA,NA,NA,NA,NA,NA
"E01011658",NA,NA,NA,NA,NA,NA,NA,NA,NA,NA,NA,NA,NA,NA
"E01011659",NA,NA,NA,NA,NA,NA,NA,NA,NA,NA,NA,NA,NA,NA
"E01011660",NA,NA,NA,NA,NA,NA,NA,NA,NA,NA,NA,NA,NA,NA
"E01011661",NA,NA,NA,NA,NA,NA,NA,NA,NA,NA,NA,NA,NA,NA
"E01011662",NA,NA,NA,NA,NA,NA,NA,NA,NA,NA,NA,NA,NA,NA
"E01011663",NA,NA,NA,NA,NA,NA,NA,NA,NA,NA,NA,NA,NA,NA
"E01011664",NA,NA,NA,NA,NA,NA,NA,NA,NA,NA,NA,NA,NA,NA
"E01011665",NA,NA,NA,NA,NA,NA,NA,NA,NA,NA,NA,NA,NA,NA
"E01011666",NA,NA,NA,NA,NA,NA,NA,NA,NA,NA,NA,NA,NA,NA
"E01011667",NA,NA,NA,NA,NA,NA,NA,NA,NA,NA,NA,NA,NA,NA
"E01011668",NA,NA,NA,NA,NA,NA,NA,NA,NA,NA,NA,NA,NA,NA
"E01011669",NA,NA,NA,NA,NA,NA,NA,NA,NA,NA,NA,NA,NA,NA
"E01011670",NA,NA,NA,NA,NA,NA,NA,NA,NA,NA,NA,NA,NA,NA
"E01011671",NA,NA,NA,NA,NA,NA,NA,NA,NA,NA,NA,NA,NA,NA
"E01011673",NA,NA,NA,NA,NA,NA,NA,NA,NA,NA,NA,NA,NA,NA
"E01011677",NA,NA,NA,NA,NA,NA,NA,NA,NA,NA,NA,NA,NA,NA
"E01011678",NA,NA,NA,NA,NA,NA,NA,NA,NA,NA,NA,NA,NA,NA
"E01011681",NA,NA,NA,NA,NA,NA,NA,NA,NA,NA,NA,NA,NA,NA
"E01011684",NA,NA,NA,NA,NA,NA,NA,NA,NA,NA,NA,NA,NA,NA
"E01011685",NA,NA,NA,NA,NA,NA,NA,NA,NA,NA,NA,NA,NA,NA
"E01011686",NA,NA,NA,NA,NA,NA,NA,NA,NA,NA,NA,NA,NA,NA
"E01011687",NA,NA,NA,NA,NA,NA,NA,NA,NA,NA,NA,NA,NA,NA
"E01011688",NA,NA,NA,NA,NA,NA,NA,NA,NA,NA,NA,NA,NA,NA
"E01011689",NA,NA,NA,NA,NA,NA,NA,NA,NA,NA,NA,NA,NA,NA
"E01011690",NA,NA,NA,NA,NA,NA,NA,NA,NA,NA,NA,NA,NA,NA
"E01011691",NA,NA,NA,NA,NA,NA,NA,NA,NA,NA,NA,NA,NA,NA
"E01011692",NA,NA,NA,NA,NA,NA,NA,NA,NA,NA,NA,NA,NA,NA
"E01011693",NA,NA,NA,NA,NA,NA,NA,NA,NA,NA,NA,NA,NA,NA
"E01011694",NA,NA,NA,NA,NA,NA,NA,NA,NA,NA,NA,NA,NA,NA
"E01011695",NA,NA,NA,NA,NA,NA,NA,NA,NA,NA,NA,NA,NA,NA
"E01011696",NA,NA,NA,NA,NA,NA,NA,NA,NA,NA,NA,NA,NA,NA
"E01011697",NA,NA,NA,NA,NA,NA,NA,NA,NA,NA,NA,NA,NA,NA
"E01011698",NA,NA,NA,NA,NA,NA,NA,NA,NA,NA,NA,NA,NA,NA
"E01011699",NA,NA,NA,NA,NA,NA,NA,NA,NA,NA,NA,NA,NA,NA
"E01011700",NA,NA,NA,NA,NA,NA,NA,NA,NA,NA,NA,NA,NA,NA
"E01011701",NA,NA,NA,NA,NA,NA,NA,NA,NA,NA,NA,NA,NA,NA
"E01011702",NA,NA,NA,NA,NA,NA,NA,NA,NA,NA,NA,NA,NA,NA
"E01011703",NA,NA,NA,NA,NA,NA,NA,NA,NA,NA,NA,NA,NA,NA
"E01011704",NA,NA,NA,NA,NA,NA,NA,NA,NA,NA,NA,NA,NA,NA
"E01011705",NA,NA,NA,NA,NA,NA,NA,NA,NA,NA,NA,NA,NA,NA
"E01011706",NA,NA,NA,NA,NA,NA,NA,NA,NA,NA,NA,NA,NA,NA
"E01011707",NA,NA,NA,NA,NA,NA,NA,NA,NA,NA,NA,NA,NA,NA
"E01011708",NA,NA,NA,NA,NA,NA,NA,NA,NA,NA,NA,NA,NA,NA
"E01011709",NA,NA,NA,NA,NA,NA,NA,NA,NA,NA,NA,NA,NA,NA
"E01011710",NA,NA,NA,NA,NA,NA,NA,NA,NA,NA,NA,NA,NA,NA
"E01011711",NA,NA,NA,NA,NA,NA,NA,NA,NA,NA,NA,NA,NA,NA
"E01011712",NA,NA,NA,NA,NA,NA,NA,NA,NA,NA,NA,NA,NA,NA
"E01011713",NA,NA,NA,NA,NA,NA,NA,NA,NA,NA,NA,NA,NA,NA
"E01011714",NA,NA,NA,NA,NA,NA,NA,NA,NA,NA,NA,NA,NA,NA
"E01011715",NA,NA,NA,NA,NA,NA,NA,NA,NA,NA,NA,NA,NA,NA
"E01011716",NA,NA,NA,NA,NA,NA,NA,NA,NA,NA,NA,NA,NA,NA
"E01011717",NA,NA,NA,NA,NA,NA,NA,NA,NA,NA,NA,NA,NA,NA
"E01011718",NA,NA,NA,NA,NA,NA,NA,NA,NA,NA,NA,NA,NA,NA
"E01011719",NA,NA,NA,NA,NA,NA,NA,NA,NA,NA,NA,NA,NA,NA
"E01011720",NA,NA,NA,NA,NA,NA,NA,NA,NA,NA,NA,NA,NA,NA
"E01011721",NA,NA,NA,NA,NA,NA,NA,NA,NA,NA,NA,NA,NA,NA
"E01011722",NA,NA,NA,NA,NA,NA,NA,NA,NA,NA,NA,NA,NA,NA
"E01011723",NA,NA,NA,NA,NA,NA,NA,NA,NA,NA,NA,NA,NA,NA
"E01011724",NA,NA,NA,NA,NA,NA,NA,NA,NA,NA,NA,NA,NA,NA
"E01011725",NA,NA,NA,NA,NA,NA,NA,NA,NA,NA,NA,NA,NA,NA
"E01011726",NA,NA,NA,NA,NA,NA,NA,NA,NA,NA,NA,NA,NA,NA
"E01011727",NA,NA,NA,NA,NA,NA,NA,NA,NA,NA,NA,NA,NA,NA
"E01011728",NA,NA,NA,NA,NA,NA,NA,NA,NA,NA,NA,NA,NA,NA
"E01011729",NA,NA,NA,NA,NA,NA,NA,NA,NA,NA,NA,NA,NA,NA
"E01011730",NA,NA,NA,NA,NA,NA,NA,NA,NA,NA,NA,NA,NA,NA
"E01011731",NA,NA,NA,NA,NA,NA,NA,NA,NA,NA,NA,NA,NA,NA
"E01011732",NA,NA,NA,NA,NA,NA,NA,NA,NA,NA,NA,NA,NA,NA
"E01011733",NA,NA,NA,NA,NA,NA,NA,NA,NA,NA,NA,NA,NA,NA
"E01011734",NA,NA,NA,NA,NA,NA,NA,NA,NA,NA,NA,NA,NA,NA
"E01011735",NA,NA,NA,NA,NA,NA,NA,NA,NA,NA,NA,NA,NA,NA
"E01011736",NA,NA,NA,NA,NA,NA,NA,NA,NA,NA,NA,NA,NA,NA
"E01011737",NA,NA,NA,NA,NA,NA,NA,NA,NA,NA,NA,NA,NA,NA
"E01011738",NA,NA,NA,NA,NA,NA,NA,NA,NA,NA,NA,NA,NA,NA
"E01011739",NA,NA,NA,NA,NA,NA,NA,NA,NA,NA,NA,NA,NA,NA
"E01032487",NA,NA,NA,NA,NA,NA,NA,NA,NA,NA,NA,NA,NA,NA
"E01032488",NA,NA,NA,NA,NA,NA,NA,NA,NA,NA,NA,NA,NA,NA
"E01032489",NA,NA,NA,NA,NA,NA,NA,NA,NA,NA,NA,NA,NA,NA
"E01032490",NA,NA,NA,NA,NA,NA,NA,NA,NA,NA,NA,NA,NA,NA
"E01032491",NA,NA,NA,NA,NA,NA,NA,NA,NA,NA,NA,NA,NA,NA
"E01032492",NA,NA,NA,NA,NA,NA,NA,NA,NA,NA,NA,NA,NA,NA
"E01032493",NA,NA,NA,NA,NA,NA,NA,NA,NA,NA,NA,NA,NA,NA
"E01032494",NA,NA,NA,NA,NA,NA,NA,NA,NA,NA,NA,NA,NA,NA
"E01032495",NA,NA,NA,NA,NA,NA,NA,NA,NA,NA,NA,NA,NA,NA
"E01032496",NA,NA,NA,NA,NA,NA,NA,NA,NA,NA,NA,NA,NA,NA
"E01032497",NA,NA,NA,NA,NA,NA,NA,NA,NA,NA,NA,NA,NA,NA
"E01032498",NA,NA,NA,NA,NA,NA,NA,NA,NA,NA,NA,NA,NA,NA
"E01032499",NA,NA,NA,NA,NA,NA,NA,NA,NA,NA,NA,NA,NA,NA
"E01032500",NA,NA,NA,NA,NA,NA,NA,NA,NA,NA,NA,NA,NA,NA
"E01032501",NA,NA,NA,NA,NA,NA,NA,NA,NA,NA,NA,NA,NA,NA
"E01032502",NA,NA,NA,NA,NA,NA,NA,NA,NA,NA,NA,NA,NA,NA
"E01032503",NA,NA,NA,NA,NA,NA,NA,NA,NA,NA,NA,NA,NA,NA
"E01032504",NA,NA,NA,NA,NA,NA,NA,NA,NA,NA,NA,NA,NA,NA
"E01032606",NA,NA,NA,NA,NA,NA,NA,NA,NA,NA,NA,NA,NA,NA
"E01032607",NA,NA,NA,NA,NA,NA,NA,NA,NA,NA,NA,NA,NA,NA
"E01032608",NA,NA,NA,NA,NA,NA,NA,NA,NA,NA,NA,NA,NA,NA
"E01032876",NA,NA,NA,NA,NA,NA,NA,NA,NA,NA,NA,NA,NA,NA
"E01032945",NA,NA,NA,NA,NA,NA,NA,NA,NA,NA,NA,NA,NA,NA
"E01032946",NA,NA,NA,NA,NA,NA,NA,NA,NA,NA,NA,NA,NA,NA
"E01033002",NA,NA,NA,NA,NA,NA,NA,NA,NA,NA,NA,NA,NA,NA
"E01033003",NA,NA,NA,NA,NA,NA,NA,NA,NA,NA,NA,NA,NA,NA
"E01033005",NA,NA,NA,NA,NA,NA,NA,NA,NA,NA,NA,NA,NA,NA
"E01033006",NA,NA,NA,NA,NA,NA,NA,NA,NA,NA,NA,NA,NA,NA
"E01033008",NA,NA,NA,NA,NA,NA,NA,NA,NA,NA,NA,NA,NA,NA
"E01033010",NA,NA,NA,NA,NA,NA,NA,NA,NA,NA,NA,NA,NA,NA
"E01033011",NA,NA,NA,NA,NA,NA,NA,NA,NA,NA,NA,NA,NA,NA
"E01033013",NA,NA,NA,NA,NA,NA,NA,NA,NA,NA,NA,NA,NA,NA
"E01033015",NA,NA,NA,NA,NA,NA,NA,NA,NA,NA,NA,NA,NA,NA
"E01033016",NA,NA,NA,NA,NA,NA,NA,NA,NA,NA,NA,NA,NA,NA
"E01033018",NA,NA,NA,NA,NA,NA,NA,NA,NA,NA,NA,NA,NA,NA
"E01033019",NA,NA,NA,NA,NA,NA,NA,NA,NA,NA,NA,NA,NA,NA
"E01033021",NA,NA,NA,NA,NA,NA,NA,NA,NA,NA,NA,NA,NA,NA
"E01033031",NA,NA,NA,NA,NA,NA,NA,NA,NA,NA,NA,NA,NA,NA
"E01033032",NA,NA,NA,NA,NA,NA,NA,NA,NA,NA,NA,NA,NA,NA
"E01033033",NA,NA,NA,NA,NA,NA,NA,NA,NA,NA,NA,NA,NA,NA
"E01033034",NA,NA,NA,NA,NA,NA,NA,NA,NA,NA,NA,NA,NA,NA
"E01033035",NA,NA,NA,NA,NA,NA,NA,NA,NA,NA,NA,NA,NA,NA
