"lsoa11cd","date","lsoa11nm","Rural Urban","Household Composition: All categories: Household composition; measures: Value","Household Composition: One person household; measures: Value","Household Composition: One person household: Aged 65 and over; measures: Value","Household Composition: One person household: Other; measures: Value","Household Composition: One family household; measures: Value","Household Composition: One family only: All aged 65 and over; measures: Value","Household Composition: One family only: Married or same-sex civil partnership couple; measures: Value","Household Composition: One family only: Married or same-sex civil partnership couple: No children; measures: Value","Household Composition: One family only: Married or same-sex civil partnership couple: Dependent children; measures: Value","Household Composition: One family only: Married or same-sex civil partnership couple: All children non-dependent; measures: Value","Household Composition: One family only: Cohabiting couple; measures: Value","Household Composition: One family only: Cohabiting couple: No children; measures: Value","Household Composition: One family only: Cohabiting couple: Dependent children; measures: Value","Household Composition: One family only: Cohabiting couple: All children non-dependent; measures: Value","Household Composition: One family only: Lone parent; measures: Value","Household Composition: One family only: Lone parent: Dependent children; measures: Value","Household Composition: One family only: Lone parent: All children non-dependent; measures: Value","Household Composition: Other household types; measures: Value","Household Composition: Other household types: With dependent children; measures: Value","Household Composition: Other household types: All full-time students; measures: Value","Household Composition: Other household types: All aged 65 and over; measures: Value","Household Composition: Other household types: Other; measures: Value"
"E01011264",2011,"Leeds 011A","Total",565,159,91,68,384,64,211,87,75,49,47,27,18,2,62,31,31,22,10,0,3,9
"E01011265",2011,"Leeds 009A","Total",748,303,168,135,398,44,211,81,101,29,91,64,25,2,52,31,21,47,9,0,0,38
"E01011266",2011,"Leeds 008A","Total",893,255,52,203,611,68,375,136,195,44,121,90,28,3,47,32,15,27,0,3,1,23
"E01011267",2011,"Leeds 009B","Total",666,218,116,102,422,63,205,75,93,37,74,39,33,2,80,45,35,26,11,0,3,12
"E01011268",2011,"Leeds 010A","Total",615,214,76,138,366,38,157,56,75,26,76,35,38,3,95,58,37,35,19,0,0,16
"E01011269",2011,"Leeds 011B","Total",735,265,133,132,445,78,215,88,88,39,83,53,28,2,69,47,22,25,9,1,2,13
"E01011270",2011,"Leeds 008B","Total",649,118,66,52,514,129,337,137,156,44,26,12,14,0,22,13,9,17,8,0,0,9
"E01011271",2011,"Leeds 009C","Total",903,234,103,131,639,80,407,137,214,56,78,46,30,2,74,48,26,30,13,1,1,15
"E01011272",2011,"Leeds 009D","Total",571,81,39,42,472,51,313,110,149,54,56,32,21,3,52,29,23,18,9,0,1,8
"E01011273",2011,"Leeds 010B","Total",700,265,87,178,405,46,207,87,91,29,100,67,29,4,52,36,16,30,9,0,2,19
"E01011274",2011,"Leeds 010C","Total",680,274,128,146,379,49,148,59,63,26,95,39,51,5,87,59,28,27,9,1,2,15
"E01011275",2011,"Leeds 010D","Total",602,188,85,103,388,61,205,86,81,38,62,42,17,3,60,45,15,26,16,1,2,7
"E01011276",2011,"Leeds 011C","Total",611,182,66,116,399,43,224,95,97,32,78,47,28,3,54,40,14,30,9,2,4,15
"E01011277",2011,"Leeds 014A","Total",607,136,39,97,447,27,283,97,143,43,72,40,31,1,65,43,22,24,10,0,0,14
"E01011278",2011,"Leeds 014B","Total",716,204,91,113,487,55,292,113,128,51,83,47,30,6,57,41,16,25,3,0,2,20
"E01011279",2011,"Leeds 008C","Total",573,169,86,83,384,62,224,82,108,34,56,35,19,2,42,29,13,20,8,0,0,12
"E01011280",2011,"Leeds 008D","Total",715,151,59,92,534,75,314,109,158,47,87,60,24,3,58,39,19,30,11,0,0,19
"E01011281",2011,"Leeds 059A","Total",824,288,64,224,444,25,209,99,86,24,107,70,34,3,103,83,20,92,15,1,2,74
"E01011282",2011,"Leeds 059B","Total",610,209,72,137,352,25,157,56,77,24,80,43,32,5,90,63,27,49,21,0,1,27
"E01011283",2011,"Leeds 059C","Total",538,156,55,101,342,30,142,43,77,22,61,24,35,2,109,82,27,40,20,0,0,20
"E01011284",2011,"Leeds 071A","Total",878,376,50,326,375,15,119,56,50,13,126,87,36,3,115,95,20,127,23,5,2,97
"E01011286",2011,"Leeds 059D","Total",538,157,50,107,336,37,186,76,72,38,70,38,30,2,43,28,15,45,16,0,2,27
"E01011287",2011,"Leeds 067B","Total",599,198,75,123,369,40,188,82,75,31,81,44,34,3,60,39,21,32,13,0,2,17
"E01011292",2011,"Leeds 071B","Total",823,415,148,267,338,36,126,46,53,27,69,42,21,6,107,82,25,70,26,2,1,41
"E01011293",2011,"Leeds 071C","Total",743,270,68,202,382,25,159,57,87,15,93,54,33,6,105,74,31,91,34,0,3,54
"E01011294",2011,"Leeds 071D","Total",462,181,55,126,242,16,86,31,43,12,56,26,27,3,84,63,21,39,15,0,3,21
"E01011295",2011,"Leeds 059E","Total",686,245,39,206,401,25,181,63,87,31,97,49,44,4,98,73,25,40,15,1,1,23
"E01011296",2011,"Leeds 030A","Total",771,207,140,67,540,125,309,148,112,49,56,35,20,1,50,28,22,24,4,0,6,14
"E01011297",2011,"Leeds 030B","Total",632,149,71,78,465,59,304,106,152,46,60,35,23,2,42,29,13,18,9,0,0,9
"E01011298",2011,"Leeds 088A","Total",675,202,89,113,443,41,205,88,82,35,105,53,45,7,92,64,28,30,10,0,1,19
"E01011299",2011,"Leeds 088B","Total",947,236,87,149,660,79,336,134,155,47,162,94,66,2,83,65,18,51,22,0,1,28
"E01011300",2011,"Leeds 089A","Total",614,165,83,82,421,50,216,75,109,32,65,24,39,2,90,68,22,28,10,0,2,16
"E01011301",2011,"Leeds 089B","Total",547,96,45,51,436,66,274,116,110,48,44,28,14,2,52,29,23,15,6,0,2,7
"E01011302",2011,"Leeds 088C","Total",619,142,81,61,456,97,288,149,69,70,36,22,13,1,35,15,20,21,7,0,2,12
"E01011303",2011,"Leeds 088D","Total",486,120,69,51,352,55,197,82,79,36,46,13,30,3,54,35,19,14,5,1,1,7
"E01011304",2011,"Leeds 089C","Total",699,246,131,115,415,38,222,86,97,39,75,31,41,3,80,53,27,38,18,0,4,16
"E01011305",2011,"Leeds 089D","Total",634,158,52,106,450,42,282,113,123,46,72,43,29,0,54,36,18,26,11,0,2,13
"E01011306",2011,"Leeds 089E","Total",544,101,49,52,419,57,256,108,107,41,54,30,22,2,52,27,25,24,12,0,1,11
"E01011307",2011,"Leeds 103A","Total",610,148,63,85,440,51,224,92,88,44,75,32,41,2,90,55,35,22,8,0,0,14
"E01011308",2011,"Leeds 103B","Total",655,181,107,74,454,85,239,90,103,46,65,27,35,3,65,49,16,20,10,0,1,9
"E01011309",2011,"Leeds 030C","Total",654,171,81,90,458,83,263,118,102,43,57,31,22,4,55,35,20,25,11,0,3,11
"E01011310",2011,"Leeds 030D","Total",716,230,116,114,452,86,261,100,125,36,71,49,17,5,34,22,12,34,15,1,2,16
"E01011311",2011,"Leeds 022A","Total",463,68,40,28,370,65,239,85,115,39,32,16,16,0,34,15,19,25,10,0,0,15
"E01011312",2011,"Leeds 086A","Total",669,311,39,272,280,4,132,24,96,12,43,22,18,3,101,78,23,78,35,2,2,39
"E01011313",2011,"Leeds 091A","Total",649,202,60,142,369,23,170,51,86,33,78,39,35,4,98,69,29,78,27,1,3,47
"E01011314",2011,"Leeds 091B","Total",674,247,81,166,355,30,162,69,77,16,89,54,34,1,74,55,19,72,20,2,0,50
"E01011315",2011,"Leeds 090A","Total",646,196,79,117,384,50,186,74,77,35,79,31,44,4,69,42,27,66,27,0,2,37
"E01011316",2011,"Leeds 086B","Total",720,325,41,284,296,12,118,36,69,13,62,30,28,4,104,83,21,99,35,2,2,60
"E01011317",2011,"Leeds 090B","Total",856,398,131,267,424,32,163,71,74,18,101,44,56,1,128,96,32,34,20,1,1,12
"E01011318",2011,"Leeds 090C","Total",637,218,51,167,370,13,132,45,72,15,73,26,40,7,152,109,43,49,25,1,1,22
"E01011319",2011,"Leeds 091C","Total",624,203,78,125,364,46,206,69,100,37,47,18,26,3,65,41,24,57,31,1,0,25
"E01011320",2011,"Leeds 091D","Total",679,184,75,109,442,66,240,91,107,42,62,20,34,8,74,56,18,53,22,4,3,24
"E01011321",2011,"Leeds 090D","Total",637,201,64,137,388,25,166,48,86,32,69,18,45,6,128,99,29,48,17,3,2,26
"E01011322",2011,"Leeds 091E","Total",673,205,97,108,438,53,222,85,94,43,61,28,29,4,102,65,37,30,10,0,7,13
"E01011323",2011,"Leeds 051A","Total",576,200,123,77,351,64,171,54,80,37,63,40,18,5,53,30,23,25,8,0,1,16
"E01011324",2011,"Leeds 046A","Total",510,177,38,139,268,8,104,36,56,12,58,13,40,5,98,85,13,65,23,31,0,11
"E01011325",2011,"Leeds 046B","Total",653,210,58,152,402,29,198,88,83,27,102,62,34,6,73,56,17,41,14,1,2,24
"E01011326",2011,"Leeds 046C","Total",575,155,69,86,384,31,162,64,66,32,82,35,45,2,109,78,31,36,12,0,2,22
"E01011327",2011,"Leeds 052A","Total",624,245,55,190,354,25,162,67,61,34,89,54,32,3,78,61,17,25,13,2,1,9
"E01011328",2011,"Leeds 052B","Total",665,204,92,112,419,37,199,72,85,42,80,44,36,0,103,75,28,42,12,1,2,27
"E01011329",2011,"Leeds 051B","Total",662,180,72,108,456,59,251,111,100,40,86,58,23,5,60,38,22,26,5,0,0,21
"E01011330",2011,"Leeds 051C","Total",556,164,62,102,360,46,171,67,78,26,66,36,27,3,77,49,28,32,10,0,2,20
"E01011331",2011,"Leeds 058A","Total",591,217,104,113,328,34,158,66,69,23,81,56,22,3,55,40,15,46,10,0,0,36
"E01011332",2011,"Leeds 046D","Total",558,195,57,138,321,33,124,43,60,21,72,33,36,3,92,65,27,42,21,0,3,18
"E01011333",2011,"Leeds 051D","Total",559,160,63,97,358,43,177,73,75,29,64,30,29,5,74,53,21,41,10,0,1,30
"E01011334",2011,"Leeds 058B","Total",598,226,49,177,313,25,139,63,49,27,97,55,39,3,52,42,10,59,21,1,2,35
"E01011335",2011,"Leeds 052C","Total",792,263,79,184,480,40,221,95,92,34,119,85,33,1,100,75,25,49,15,1,2,31
"E01011336",2011,"Leeds 058C","Total",777,379,184,195,354,29,163,71,64,28,79,37,39,3,83,56,27,44,9,0,5,30
"E01011337",2011,"Leeds 058D","Total",469,104,26,78,320,7,114,28,69,17,73,12,55,6,126,102,24,45,33,0,0,12
"E01011338",2011,"Leeds 064A","Total",740,352,77,275,336,14,150,30,107,13,41,21,17,3,131,102,29,52,25,1,1,25
"E01011339",2011,"Leeds 060A","Total",823,358,113,245,411,53,170,54,92,24,70,27,37,6,118,81,37,54,27,0,2,25
"E01011340",2011,"Leeds 060B","Total",693,217,103,114,426,36,183,63,85,35,54,26,23,5,153,111,42,50,24,0,4,22
"E01011341",2011,"Leeds 061A","Total",637,196,83,113,411,50,179,60,84,35,80,33,42,5,102,69,33,30,11,0,1,18
"E01011342",2011,"Leeds 060C","Total",569,176,54,122,353,25,139,47,71,21,58,15,38,5,131,104,27,40,19,1,1,19
"E01011343",2011,"Leeds 061B","Total",807,322,91,231,435,36,195,89,70,36,114,72,39,3,90,58,32,50,20,0,0,30
"E01011344",2011,"Leeds 065A","Total",824,346,68,278,405,19,136,42,76,18,86,41,39,6,164,138,26,73,24,2,0,47
"E01011345",2011,"Leeds 061C","Total",627,221,106,115,354,32,137,55,59,23,57,21,31,5,128,87,41,52,25,1,0,26
"E01011346",2011,"Leeds 060D","Total",821,331,128,203,439,55,170,71,67,32,74,31,38,5,140,111,29,51,32,0,4,15
"E01011347",2011,"Leeds 065B","Total",776,304,59,245,413,21,137,39,79,19,75,33,37,5,180,153,27,59,16,3,1,39
"E01011348",2011,"Leeds 065C","Total",636,207,48,159,370,29,150,36,93,21,38,12,24,2,153,116,37,59,29,2,1,27
"E01011349",2011,"Leeds 065D","Total",962,544,159,385,357,28,175,67,79,29,50,29,18,3,104,72,32,61,17,1,4,39
"E01011350",2011,"Leeds 034A","Total",713,223,77,146,424,46,243,86,120,37,87,62,24,1,48,26,22,66,21,0,3,42
"E01011351",2011,"Leeds 034B","Total",878,350,103,247,416,41,184,85,74,25,143,126,11,6,48,28,20,112,8,0,0,104
"E01011352",2011,"Leeds 034C","Total",887,397,117,280,326,26,106,42,48,16,139,113,25,1,55,29,26,164,11,3,0,150
"E01011353",2011,"Leeds 034D","Total",822,235,70,165,507,32,265,106,116,43,146,107,39,0,64,41,23,80,10,0,1,69
"E01011354",2011,"Leeds 038A","Total",624,228,40,188,337,21,110,29,60,21,55,26,24,5,151,118,33,59,27,1,0,31
"E01011355",2011,"Leeds 038B","Total",576,174,77,97,333,21,134,52,53,29,64,28,32,4,114,85,29,69,29,2,0,38
"E01011356",2011,"Leeds 042A","Total",897,385,71,314,404,29,192,62,85,45,88,60,24,4,95,62,33,108,37,1,3,67
"E01011357",2011,"Leeds 038C","Total",880,397,101,296,399,19,131,36,76,19,66,25,37,4,183,147,36,84,38,1,0,45
"E01011358",2011,"Leeds 042B","Total",695,304,126,178,326,25,117,44,56,17,50,19,28,3,134,85,49,65,22,1,1,41
"E01011359",2011,"Leeds 042C","Total",745,311,51,260,330,12,147,54,75,18,66,45,21,0,105,69,36,104,32,5,0,67
"E01011360",2011,"Leeds 042D","Total",722,241,71,170,346,21,135,12,104,19,25,9,16,0,165,121,44,135,73,15,2,45
"E01011361",2011,"Leeds 042E","Total",1090,510,98,412,460,15,160,41,95,24,52,28,24,0,233,161,72,120,51,13,2,54
"E01011362",2011,"Leeds 081A","Total",974,493,105,388,409,15,163,80,62,21,137,76,57,4,94,78,16,72,10,2,1,59
"E01011363",2011,"Leeds 071E","Total",735,307,81,226,369,26,129,46,64,19,59,19,35,5,155,115,40,59,24,0,2,33
"E01011364",2011,"Leeds 085A","Total",785,345,69,276,356,24,153,59,71,23,67,40,24,3,112,86,26,84,29,6,0,49
"E01011366",2011,"Leeds 082A","Total",757,339,82,257,351,17,138,52,70,16,72,33,38,1,124,92,32,67,29,2,2,34
"E01011368",2011,"Leeds 082C","Total",611,295,38,257,268,7,103,38,56,9,73,34,36,3,85,61,24,48,16,1,0,31
"E01011369",2011,"Leeds 090E","Total",727,265,137,128,422,65,171,76,57,38,86,43,42,1,100,67,33,40,21,0,0,19
"E01011370",2011,"Leeds 082D","Total",698,294,43,251,326,16,159,45,82,32,93,56,34,3,58,41,17,78,37,0,0,41
"E01011371",2011,"Leeds 085B","Total",728,384,183,201,298,40,114,36,52,26,51,28,18,5,93,59,34,46,15,0,2,29
"E01011372",2011,"Leeds 086C","Total",521,220,33,187,224,6,111,16,84,11,33,18,13,2,74,55,19,77,47,6,0,24
"E01011373",2011,"Leeds 085C","Total",574,196,52,144,305,14,131,33,84,14,54,17,34,3,106,84,22,73,22,4,1,46
"E01011374",2011,"Leeds 085D","Total",595,256,45,211,287,14,108,50,42,16,86,49,34,3,79,62,17,52,12,1,0,39
"E01011375",2011,"Leeds 086D","Total",689,288,39,249,307,9,160,25,125,10,51,26,25,0,87,73,14,94,44,6,0,44
"E01011376",2011,"Leeds 013A","Total",623,127,77,50,480,94,311,119,128,64,45,20,23,2,30,15,15,16,5,0,3,8
"E01011377",2011,"Leeds 013B","Total",607,173,124,49,422,115,244,79,114,51,34,19,15,0,29,13,16,12,2,1,1,8
"E01011378",2011,"Leeds 013C","Total",685,306,74,232,344,30,174,87,59,28,58,28,29,1,82,57,25,35,23,1,0,11
"E01011379",2011,"Leeds 017A","Total",768,342,133,209,401,54,178,76,82,20,68,45,23,0,101,62,39,25,11,1,1,12
"E01011380",2011,"Leeds 016A","Total",679,204,96,108,452,83,291,131,122,38,36,23,11,2,42,21,21,23,11,0,3,9
"E01011381",2011,"Leeds 016B","Total",509,113,68,45,373,63,245,92,106,47,25,14,9,2,40,26,14,23,13,0,0,10
"E01011382",2011,"Leeds 013D","Total",662,201,121,80,441,88,253,103,116,34,56,30,21,5,44,31,13,20,6,0,2,12
"E01011383",2011,"Leeds 019A","Total",742,283,160,123,421,71,217,80,100,37,80,55,20,5,53,32,21,38,13,0,3,22
"E01011384",2011,"Leeds 017B","Total",660,210,88,122,422,65,226,75,108,43,57,30,25,2,74,37,37,28,9,0,0,19
"E01011385",2011,"Leeds 016C","Total",525,152,84,68,343,51,230,94,101,35,30,22,5,3,32,18,14,30,9,0,3,18
"E01011386",2011,"Leeds 016D","Total",621,188,85,103,399,68,254,90,119,45,42,24,17,1,35,17,18,34,10,1,3,20
"E01011388",2011,"Leeds 019B","Total",643,240,136,104,373,59,212,75,102,35,56,34,20,2,46,26,20,30,13,0,2,15
"E01011390",2011,"Leeds 087A","Total",612,176,101,75,409,58,206,84,84,38,65,33,27,5,80,58,22,27,17,0,1,9
"E01011391",2011,"Leeds 087B","Total",726,214,141,73,476,120,242,101,91,50,51,31,18,2,63,35,28,36,12,2,4,18
"E01011392",2011,"Leeds 087C","Total",643,165,93,72,463,88,269,129,87,53,50,23,24,3,56,40,16,15,9,0,0,6
"E01011393",2011,"Leeds 103C","Total",693,184,99,85,487,61,302,94,170,38,68,28,37,3,56,33,23,22,12,0,0,10
"E01011394",2011,"Leeds 103D","Total",497,133,72,61,346,49,200,79,87,34,56,24,30,2,41,24,17,18,11,0,0,7
"E01011395",2011,"Leeds 103E","Total",464,102,18,84,344,18,199,62,117,20,76,41,30,5,51,41,10,18,10,0,0,8
"E01011396",2011,"Leeds 074A","Total",800,265,103,162,466,55,240,94,108,38,87,54,31,2,84,56,28,69,17,26,4,22
"E01011397",2011,"Leeds 077A","Total",602,136,68,68,445,48,285,98,119,68,45,24,19,2,67,47,20,21,7,0,3,11
"E01011398",2011,"Leeds 077B","Total",498,95,33,62,387,39,256,85,111,60,51,34,14,3,41,31,10,16,6,0,1,9
"E01011399",2011,"Leeds 074B","Total",623,166,86,80,424,60,222,84,96,42,66,29,31,6,76,53,23,33,14,1,3,15
"E01011400",2011,"Leeds 074C","Total",597,161,84,77,402,63,227,72,99,56,49,24,24,1,63,36,27,34,18,2,1,13
"E01011401",2011,"Leeds 077C","Total",601,115,65,50,470,83,281,94,137,50,61,29,32,0,45,26,19,16,8,0,0,8
"E01011402",2011,"Leeds 087D","Total",813,253,154,99,533,141,284,112,113,59,67,37,27,3,41,25,16,27,12,0,1,14
"E01011403",2011,"Leeds 074D","Total",613,210,154,56,387,102,215,83,96,36,37,15,21,1,33,17,16,16,6,1,0,9
"E01011404",2011,"Leeds 077D","Total",522,109,54,55,402,60,265,94,124,47,39,19,17,3,38,30,8,11,6,1,0,4
"E01011405",2011,"Leeds 077E","Total",627,155,117,38,458,135,251,110,90,51,39,20,16,3,33,20,13,14,6,0,0,8
"E01011406",2011,"Leeds 057A","Total",590,156,92,64,404,76,222,76,93,53,57,30,24,3,49,25,24,30,14,0,4,12
"E01011407",2011,"Leeds 057B","Total",653,221,112,109,404,68,197,77,78,42,55,24,29,2,84,58,26,28,10,0,1,17
"E01011408",2011,"Leeds 057C","Total",735,265,177,88,447,133,218,105,69,44,50,39,11,0,46,24,22,23,9,0,3,11
"E01011409",2011,"Leeds 057D","Total",635,220,70,150,374,47,199,90,73,36,79,52,23,4,49,33,16,41,15,0,1,25
"E01011410",2011,"Leeds 057E","Total",616,217,95,122,381,63,237,128,66,43,41,27,14,0,40,23,17,18,7,1,1,9
"E01011411",2011,"Leeds 073A","Total",665,167,74,93,471,68,266,90,132,44,82,47,31,4,55,37,18,27,9,0,1,17
"E01011412",2011,"Leeds 057F","Total",624,187,114,73,418,105,218,87,87,44,53,29,23,1,42,18,24,19,11,0,2,6
"E01011413",2011,"Leeds 069A","Total",584,112,68,44,441,51,281,84,134,63,44,21,21,2,65,34,31,31,11,1,1,18
"E01011414",2011,"Leeds 073B","Total",623,166,69,97,421,74,259,99,113,47,57,27,29,1,31,20,11,36,14,1,3,18
"E01011415",2011,"Leeds 069B","Total",718,228,79,149,447,69,224,88,91,45,91,48,38,5,63,40,23,43,11,0,1,31
"E01011416",2011,"Leeds 069C","Total",606,136,65,71,449,63,253,80,123,50,59,22,33,4,74,48,26,21,4,1,1,15
"E01011417",2011,"Leeds 069D","Total",724,278,163,115,430,109,222,88,86,48,55,27,20,8,44,25,19,16,4,0,2,10
"E01011418",2011,"Leeds 073C","Total",612,154,59,95,440,39,288,110,132,46,65,36,25,4,48,36,12,18,5,0,0,13
"E01011419",2011,"Leeds 073D","Total",496,88,36,52,394,81,257,106,93,58,28,12,16,0,28,13,15,14,7,0,1,6
"E01011420",2011,"Leeds 069E","Total",624,198,143,55,410,137,224,108,70,46,22,12,8,2,27,12,15,16,4,1,0,11
"E01011421",2011,"Leeds 040A","Total",607,203,103,100,349,37,160,45,83,32,61,33,21,7,91,59,32,55,34,0,4,17
"E01011422",2011,"Leeds 048A","Total",495,186,21,165,208,7,128,19,94,15,16,9,7,0,57,41,16,101,54,3,1,43
"E01011423",2011,"Leeds 047A","Total",607,169,70,99,378,25,181,48,100,33,58,19,32,7,114,95,19,60,39,0,0,21
"E01011424",2011,"Leeds 047B","Total",516,99,32,67,357,26,183,38,128,17,42,14,24,4,106,92,14,60,45,2,2,11
"E01011425",2011,"Leeds 040B","Total",606,157,64,93,397,53,234,64,119,51,43,17,23,3,67,40,27,52,23,0,2,27
"E01011426",2011,"Leeds 048B","Total",493,140,38,102,252,10,161,21,131,9,18,6,12,0,63,48,15,101,69,4,1,27
"E01011427",2011,"Leeds 047C","Total",563,142,47,95,351,9,166,31,114,21,42,11,27,4,134,109,25,70,48,1,2,19
"E01011428",2011,"Leeds 048C","Total",601,168,39,129,316,9,216,41,155,20,25,13,12,0,66,50,16,117,56,1,2,58
"E01011429",2011,"Leeds 048D","Total",693,277,65,212,302,8,144,23,100,21,29,17,10,2,121,79,42,114,71,8,1,34
"E01011430",2011,"Leeds 053A","Total",451,106,26,80,249,12,144,20,104,20,21,7,13,1,72,52,20,96,56,4,1,35
"E01011431",2011,"Leeds 047D","Total",769,280,82,198,426,21,144,40,90,14,71,25,39,7,190,156,34,63,31,0,3,29
"E01011432",2011,"Leeds 053B","Total",571,203,35,168,297,6,141,21,107,13,42,16,26,0,108,83,25,71,42,4,0,25
"E01011433",2011,"Leeds 053C","Total",668,268,36,232,340,8,124,34,76,14,57,30,27,0,151,128,23,60,26,5,0,29
"E01011434",2011,"Leeds 053D","Total",612,234,30,204,307,8,138,22,108,8,55,36,18,1,106,91,15,71,18,7,1,45
"E01011435",2011,"Leeds 044A","Total",562,130,23,107,65,6,21,6,7,8,31,27,4,0,7,3,4,367,9,249,0,109
"E01011440",2011,"Leeds 044D","Total",611,210,68,142,119,9,39,20,10,9,58,54,2,2,13,5,8,282,5,177,4,96
"E01011441",2011,"Leeds 044E","Total",649,191,30,161,140,6,68,22,29,17,48,28,19,1,18,10,8,318,10,195,1,112
"E01011442",2011,"Leeds 110A","Total",543,154,18,136,109,4,35,18,13,4,55,52,3,0,15,8,7,280,13,157,0,110
"E01011443",2011,"Leeds 110B","Total",479,193,22,171,85,1,28,17,7,4,45,41,4,0,11,8,3,201,8,131,0,62
"E01011444",2011,"Leeds 110C","Total",586,196,16,180,82,2,27,12,8,7,42,39,3,0,11,9,2,308,15,229,0,64
"E01011445",2011,"Leeds 054A","Total",436,48,1,47,42,0,21,7,11,3,15,15,0,0,6,4,2,346,8,266,0,72
"E01011446",2011,"Leeds 054B","Total",465,117,5,112,78,3,40,8,21,11,20,16,3,1,15,7,8,270,13,176,1,80
"E01011447",2011,"Leeds 054C","Total",405,84,14,70,62,6,30,12,12,6,12,7,5,0,14,10,4,259,13,144,0,102
"E01011448",2011,"Leeds 054D","Total",460,113,21,92,109,2,43,21,15,7,25,17,6,2,39,30,9,238,18,164,0,56
"E01011449",2011,"Leeds 054E","Total",566,140,19,121,138,4,43,16,25,2,39,34,5,0,52,36,16,288,8,136,2,142
"E01011450",2011,"Leeds 038D","Total",523,163,49,114,290,23,135,55,61,19,58,38,15,5,74,45,29,70,25,3,3,39
"E01011451",2011,"Leeds 110D","Total",466,208,43,165,161,10,56,25,24,7,78,67,10,1,17,12,5,97,3,37,3,54
"E01011452",2011,"Leeds 027A","Total",616,136,53,83,460,65,307,115,150,42,61,40,20,1,27,17,10,20,4,0,0,16
"E01011453",2011,"Leeds 028A","Total",661,189,89,100,438,76,260,112,110,38,64,44,19,1,38,25,13,34,8,1,2,23
"E01011454",2011,"Leeds 027B","Total",669,184,68,116,445,45,254,100,117,37,104,84,20,0,42,28,14,40,6,2,0,32
"E01011455",2011,"Leeds 021A","Total",481,102,65,37,370,76,243,88,121,34,26,18,8,0,25,17,8,9,4,0,0,5
"E01011456",2011,"Leeds 021B","Total",728,226,95,131,484,113,282,88,150,44,49,25,19,5,40,22,18,18,7,0,4,7
"E01011457",2011,"Leeds 027C","Total",591,141,71,70,425,65,289,103,149,37,47,30,15,2,24,18,6,25,12,0,0,13
"E01011458",2011,"Leeds 027D","Total",556,120,66,54,422,81,280,98,143,39,35,19,15,1,26,16,10,14,5,0,1,8
"E01011459",2011,"Leeds 021C","Total",743,247,116,131,449,91,213,93,94,26,93,70,18,5,52,29,23,47,9,1,2,35
"E01011460",2011,"Leeds 028B","Total",655,247,84,163,366,32,184,73,87,24,83,63,17,3,67,43,24,42,15,0,0,27
"E01011461",2011,"Leeds 021D","Total",611,125,85,40,466,112,299,97,151,51,28,13,15,0,27,18,9,20,4,0,4,12
"E01011462",2011,"Leeds 028C","Total",699,207,97,110,443,36,223,81,101,41,87,50,35,2,97,56,41,49,15,3,2,29
"E01011463",2011,"Leeds 028D","Total",749,273,145,128,440,54,201,82,84,35,82,50,30,2,103,64,39,36,12,0,1,23
"E01011464",2011,"Leeds 028E","Total",821,270,68,202,459,54,209,94,87,28,147,119,27,1,49,31,18,92,11,3,0,78
"E01011465",2011,"Leeds 027E","Total",785,335,172,163,408,54,204,98,80,26,96,75,15,6,54,35,19,42,8,1,2,31
"E01011466",2011,"Leeds 094A","Total",654,230,96,134,392,42,200,76,73,51,50,18,27,5,100,69,31,32,10,0,5,17
"E01011467",2011,"Leeds 112A","Total",647,252,54,198,336,15,142,54,74,14,82,51,25,6,97,74,23,59,16,0,5,38
"E01011468",2011,"Leeds 112B","Total",743,338,108,230,350,42,124,53,39,32,64,27,35,2,120,90,30,55,30,0,1,24
"E01011469",2011,"Leeds 094B","Total",641,182,58,124,437,45,256,121,89,46,81,43,33,5,55,35,20,22,12,0,3,7
"E01011470",2011,"Leeds 112C","Total",607,222,80,142,357,34,181,86,61,34,71,43,23,5,71,54,17,28,13,0,3,12
"E01011471",2011,"Leeds 092A","Total",636,224,79,145,373,28,144,63,46,35,55,20,28,7,146,101,45,39,18,1,3,17
"E01011472",2011,"Leeds 092B","Total",700,271,121,150,389,51,143,55,61,27,66,21,39,6,129,99,30,40,15,0,2,23
"E01011473",2011,"Leeds 092C","Total",632,246,55,191,351,8,110,22,67,21,75,29,43,3,158,125,33,35,23,1,0,11
"E01011474",2011,"Leeds 092D","Total",641,262,83,179,345,22,137,50,60,27,72,28,41,3,114,94,20,34,20,0,1,13
"E01011475",2011,"Leeds 094C","Total",690,258,62,196,384,21,142,51,55,36,80,27,47,6,141,109,32,48,18,0,1,29
"E01011476",2011,"Leeds 094D","Total",497,138,72,66,323,31,120,51,42,27,64,24,35,5,108,89,19,36,15,0,2,19
"E01011477",2011,"Leeds 045A","Total",866,355,81,274,389,30,186,63,104,19,82,63,17,2,91,66,25,122,8,24,5,85
"E01011478",2011,"Leeds 056A","Total",752,280,64,216,236,11,70,35,25,10,95,75,20,0,60,39,21,236,9,74,3,150
"E01011479",2011,"Leeds 056B","Total",543,154,25,129,110,0,22,12,7,3,62,53,9,0,26,20,6,279,7,131,0,141
"E01011480",2011,"Leeds 045B","Total",624,149,75,74,370,64,208,82,83,43,65,45,19,1,33,15,18,105,20,25,3,57
"E01011481",2011,"Leeds 056C","Total",639,219,28,191,195,12,88,26,55,7,54,42,9,3,41,34,7,225,10,94,2,119
"E01011482",2011,"Leeds 056D","Total",820,308,68,240,328,15,99,46,41,12,152,127,25,0,62,47,15,184,6,25,2,151
"E01011483",2011,"Leeds 056E","Total",665,280,75,205,216,14,78,21,49,8,45,31,13,1,79,51,28,169,23,60,0,86
"E01011484",2011,"Leeds 033A","Total",671,236,94,142,387,24,164,45,89,30,67,26,34,7,132,95,37,48,22,2,2,22
"E01011485",2011,"Leeds 033B","Total",746,317,98,219,362,40,158,71,65,22,72,39,28,5,92,69,23,67,28,3,0,36
"E01011488",2011,"Leeds 045C","Total",666,216,68,148,308,19,105,45,39,21,119,91,26,2,65,48,17,142,6,12,2,122
"E01011489",2011,"Leeds 045D","Total",823,339,118,221,349,42,128,52,56,20,98,73,22,3,81,55,26,135,15,20,2,98
"E01011490",2011,"Leeds 099A","Total",1178,422,77,345,692,38,342,152,148,42,218,131,82,5,94,78,16,64,24,0,1,39
"E01011491",2011,"Leeds 101A","Total",608,225,80,145,359,23,133,46,60,27,83,26,50,7,120,94,26,24,14,0,0,10
"E01011492",2011,"Leeds 101B","Total",553,184,84,100,335,36,125,39,60,26,48,9,32,7,126,98,28,34,24,1,0,9
"E01011493",2011,"Leeds 101C","Total",644,196,65,131,402,41,131,48,63,20,89,26,54,9,141,101,40,46,25,1,0,20
"E01011494",2011,"Leeds 101D","Total",541,153,72,81,351,21,150,54,69,27,65,22,39,4,115,87,28,37,19,0,2,16
"E01011496",2011,"Leeds 100A","Total",606,129,21,108,455,24,282,96,152,34,96,64,32,0,53,43,10,22,8,0,1,13
"E01011497",2011,"Leeds 101E","Total",671,221,83,138,403,26,157,57,70,30,81,21,56,4,139,105,34,47,26,0,0,21
"E01011499",2011,"Leeds 105C","Total",1053,279,51,228,726,35,345,113,190,42,231,137,89,5,115,90,25,48,23,0,2,23
"E01011500",2011,"Leeds 105D","Total",689,188,110,78,481,71,273,114,104,55,70,44,24,2,67,46,21,20,7,0,0,13
"E01011502",2011,"Leeds 099C","Total",595,192,92,100,372,38,154,58,61,35,83,40,39,4,97,69,28,31,18,0,1,12
"E01011504",2011,"Leeds 032A","Total",749,388,111,277,333,35,120,48,55,17,61,22,34,5,117,90,27,28,7,0,1,20
"E01011505",2011,"Leeds 025A","Total",658,178,99,79,428,69,225,67,116,42,66,44,18,4,68,44,24,52,25,0,2,25
"E01011506",2011,"Leeds 025B","Total",513,121,50,71,342,36,234,46,138,50,35,23,10,2,37,16,21,50,27,0,1,22
"E01011507",2011,"Leeds 025C","Total",660,172,85,87,441,59,262,99,126,37,71,54,15,2,49,32,17,47,16,0,3,28
"E01011508",2011,"Leeds 024A","Total",463,80,36,44,339,14,255,66,153,36,43,22,19,2,27,18,9,44,22,0,1,21
"E01011509",2011,"Leeds 023A","Total",637,257,158,99,345,71,203,73,100,30,35,22,13,0,36,16,20,35,11,1,1,22
"E01011510",2011,"Leeds 025D","Total",865,477,223,254,351,59,134,48,68,18,54,33,20,1,104,73,31,37,11,0,3,23
"E01011511",2011,"Leeds 023B","Total",529,179,116,63,302,46,186,50,98,38,41,23,17,1,29,19,10,48,20,0,2,26
"E01011512",2011,"Leeds 023C","Total",654,212,77,135,379,46,221,79,111,31,57,42,14,1,55,32,23,63,20,1,1,41
"E01011513",2011,"Leeds 031A","Total",936,270,70,200,609,40,362,117,209,36,122,85,31,6,85,66,19,57,11,0,0,46
"E01011514",2011,"Leeds 025E","Total",632,163,63,100,394,43,248,84,116,48,57,42,14,1,46,24,22,75,21,0,4,50
"E01011515",2011,"Leeds 023D","Total",652,222,79,143,370,47,198,77,87,34,85,69,15,1,40,26,14,60,13,1,1,45
"E01011516",2011,"Leeds 023E","Total",644,138,62,76,459,43,273,66,154,53,87,51,35,1,56,28,28,47,19,0,0,28
"E01011517",2011,"Leeds 024B","Total",731,249,66,183,432,47,216,70,113,33,83,53,26,4,86,65,21,50,16,0,2,32
"E01011518",2011,"Leeds 093A","Total",957,276,77,199,617,45,314,131,141,42,156,96,53,7,102,81,21,64,18,0,3,43
"E01011519",2011,"Leeds 095A","Total",648,200,86,114,411,46,195,76,94,25,87,36,43,8,83,57,26,37,11,0,1,25
"E01011520",2011,"Leeds 096A","Total",654,171,81,90,454,91,278,134,109,35,43,20,21,2,42,30,12,29,12,0,1,16
"E01011521",2011,"Leeds 096B","Total",908,283,107,176,592,79,321,156,118,47,123,72,49,2,69,50,19,33,12,0,3,18
"E01011522",2011,"Leeds 095B","Total",589,122,50,72,447,80,265,112,104,49,52,29,22,1,50,28,22,20,7,0,0,13
"E01011523",2011,"Leeds 096C","Total",771,260,137,123,484,58,264,96,123,45,92,49,42,1,70,42,28,27,10,0,0,17
"E01011524",2011,"Leeds 093B","Total",540,144,52,92,378,55,220,90,92,38,58,39,17,2,45,33,12,18,5,0,3,10
"E01011525",2011,"Leeds 095C","Total",702,222,57,165,450,58,219,81,96,42,116,69,45,2,57,46,11,30,4,0,1,25
"E01011526",2011,"Leeds 093C","Total",489,71,22,49,399,36,268,93,136,39,63,32,29,2,32,23,9,19,12,0,0,7
"E01011527",2011,"Leeds 096D","Total",772,191,74,117,560,98,317,144,116,57,80,44,31,5,65,44,21,21,9,0,1,11
"E01011528",2011,"Leeds 095D","Total",622,127,49,78,463,29,320,103,172,45,67,39,28,0,47,35,12,32,10,0,1,21
"E01011529",2011,"Leeds 096E","Total",580,146,65,81,396,37,200,93,74,33,75,27,44,4,84,67,17,38,20,0,3,15
"E01011530",2011,"Leeds 106A","Total",651,166,62,104,457,78,240,113,94,33,95,55,37,3,44,23,21,28,9,0,1,18
"E01011531",2011,"Leeds 093D","Total",676,205,131,74,444,111,248,125,71,52,42,21,20,1,43,21,22,27,12,0,5,10
"E01011532",2011,"Leeds 095E","Total",710,267,129,138,409,34,179,77,81,21,91,47,39,5,105,71,34,34,19,0,1,14
"E01011533",2011,"Leeds 104A","Total",687,305,102,203,349,38,151,81,49,21,97,69,25,3,63,44,19,33,10,0,2,21
"E01011534",2011,"Leeds 106B","Total",684,255,92,163,402,49,190,78,80,32,102,60,39,3,61,47,14,27,7,0,1,19
"E01011535",2011,"Leeds 108A","Total",658,125,64,61,508,70,322,122,151,49,63,22,33,8,53,34,19,25,6,0,2,17
"E01011536",2011,"Leeds 108B","Total",660,151,77,74,488,80,286,111,125,50,66,29,27,10,56,42,14,21,9,0,0,12
"E01011537",2011,"Leeds 107A","Total",947,307,138,169,592,118,319,146,121,52,79,49,26,4,76,47,29,48,13,0,8,27
"E01011538",2011,"Leeds 107B","Total",662,217,107,110,409,47,198,80,88,30,77,33,39,5,87,55,32,36,13,1,3,19
"E01011540",2011,"Leeds 102B","Total",641,203,87,116,412,47,196,82,88,26,72,33,35,4,97,71,26,26,9,0,1,16
"E01011541",2011,"Leeds 104B","Total",1010,557,234,323,417,60,200,111,64,25,100,75,22,3,57,41,16,36,7,1,6,22
"E01011545",2011,"Leeds 104C","Total",651,240,78,162,389,27,207,93,83,31,93,60,29,4,62,48,14,22,11,0,0,11
"E01011546",2011,"Leeds 106C","Total",743,238,69,169,473,40,245,104,102,39,104,61,40,3,84,66,18,32,13,0,0,19
"E01011547",2011,"Leeds 104D","Total",834,310,113,197,488,35,251,104,109,38,98,62,33,3,104,67,37,36,16,0,2,18
"E01011548",2011,"Leeds 106D","Total",639,180,90,90,421,81,223,91,100,32,60,27,28,5,57,34,23,38,14,1,1,22
"E01011549",2011,"Leeds 108C","Total",512,51,9,42,439,14,346,100,190,56,39,17,20,2,40,22,18,22,10,0,0,12
"E01011550",2011,"Leeds 106E","Total",552,113,50,63,408,48,246,88,121,37,60,33,26,1,54,41,13,31,14,0,0,17
"E01011551",2011,"Leeds 107C","Total",647,156,27,129,463,19,268,95,137,36,100,55,39,6,76,54,22,28,8,1,1,18
"E01011552",2011,"Leeds 107D","Total",575,146,71,75,383,35,178,62,84,32,80,29,46,5,90,63,27,46,26,0,2,18
"E01011553",2011,"Leeds 108D","Total",615,139,50,89,454,56,264,116,110,38,70,38,30,2,64,44,20,22,9,0,2,11
"E01011554",2011,"Leeds 012A","Total",603,150,76,74,429,72,262,95,125,42,46,31,15,0,49,25,24,24,6,0,2,16
"E01011555",2011,"Leeds 018A","Total",561,123,48,75,407,66,259,106,106,47,43,28,13,2,39,19,20,31,14,0,3,14
"E01011556",2011,"Leeds 015A","Total",759,305,105,200,418,51,229,65,141,23,73,52,19,2,65,44,21,36,7,1,6,22
"E01011557",2011,"Leeds 015B","Total",646,220,108,112,392,68,267,92,135,40,28,19,8,1,29,21,8,34,15,0,4,15
"E01011558",2011,"Leeds 018B","Total",722,274,99,175,405,36,154,47,88,19,68,31,34,3,147,102,45,43,27,0,2,14
"E01011559",2011,"Leeds 018C","Total",568,225,105,120,315,19,144,42,74,28,34,12,21,1,118,85,33,28,8,2,1,17
"E01011560",2011,"Leeds 018D","Total",883,391,133,258,443,28,203,82,90,31,63,29,30,4,149,108,41,49,19,0,4,26
"E01011561",2011,"Leeds 006A","Total",533,162,72,90,348,48,230,101,103,26,32,20,10,2,38,23,15,23,10,0,2,11
"E01011562",2011,"Leeds 012B","Total",628,137,87,50,448,98,290,102,146,42,20,13,6,1,40,24,16,43,18,1,4,20
"E01011563",2011,"Leeds 012C","Total",618,167,99,68,420,124,230,85,114,31,39,28,10,1,27,12,15,31,12,1,4,14
"E01011564",2011,"Leeds 012D","Total",605,141,75,66,447,70,298,103,144,51,40,25,13,2,39,20,19,17,8,1,2,6
"E01011565",2011,"Leeds 015C","Total",592,151,90,61,417,76,257,96,112,49,34,20,13,1,50,32,18,24,14,0,1,9
"E01011566",2011,"Leeds 015D","Total",569,186,76,110,354,48,209,70,107,32,37,25,12,0,60,35,25,29,12,0,2,15
"E01011567",2011,"Leeds 012E","Total",562,138,69,69,400,54,264,90,128,46,42,29,13,0,40,30,10,24,13,0,2,9
"E01011568",2011,"Leeds 015E","Total",861,320,133,187,502,96,297,126,132,39,57,42,14,1,52,32,20,39,22,0,1,16
"E01011569",2011,"Leeds 004A","Total",804,310,107,203,459,61,267,103,123,41,76,58,17,1,55,34,21,35,10,2,2,21
"E01011570",2011,"Leeds 007A","Total",959,264,122,142,661,97,417,162,217,38,91,44,40,7,56,41,15,34,14,0,2,18
"E01011571",2011,"Leeds 004B","Total",758,287,137,150,450,61,246,126,93,27,85,57,26,2,58,42,16,21,6,0,3,12
"E01011572",2011,"Leeds 004C","Total",816,273,96,177,520,54,298,124,126,48,105,62,40,3,63,41,22,23,4,1,2,16
"E01011573",2011,"Leeds 004D","Total",536,114,62,52,399,50,249,106,105,38,50,23,22,5,50,30,20,23,9,0,1,13
"E01011574",2011,"Leeds 004E","Total",711,301,175,126,386,71,210,91,87,32,66,45,19,2,39,25,14,24,7,0,3,14
"E01011576",2011,"Leeds 007C","Total",594,146,86,60,429,96,271,113,133,25,42,22,20,0,20,11,9,19,4,1,0,14
"E01011578",2011,"Leeds 011D","Total",625,213,107,106,392,59,214,107,74,33,69,45,17,7,50,37,13,20,6,1,0,13
"E01011579",2011,"Leeds 014C","Total",493,102,51,51,363,32,215,70,107,38,63,36,26,1,53,38,15,28,11,0,1,16
"E01011580",2011,"Leeds 014D","Total",603,177,104,73,409,68,257,103,118,36,54,31,20,3,30,17,13,17,4,0,1,12
"E01011581",2011,"Leeds 003A","Total",626,156,88,68,452,95,249,95,102,52,42,21,19,2,66,38,28,18,7,0,1,10
"E01011582",2011,"Leeds 003B","Total",752,293,171,122,434,50,205,85,95,25,92,34,55,3,87,52,35,25,14,0,1,10
"E01011583",2011,"Leeds 003C","Total",601,129,74,55,453,64,261,104,107,50,55,26,21,8,73,45,28,19,13,0,1,5
"E01011584",2011,"Leeds 003D","Total",555,177,104,73,371,63,208,84,94,30,47,25,20,2,53,40,13,7,3,0,0,4
"E01011585",2011,"Leeds 062A","Total",650,218,106,112,392,40,184,71,80,33,80,49,29,2,88,52,36,40,18,0,0,22
"E01011586",2011,"Leeds 066A","Total",597,156,89,67,394,73,222,81,102,39,44,24,20,0,55,31,24,47,27,0,0,20
"E01011587",2011,"Leeds 062B","Total",757,237,62,175,486,39,258,104,111,43,115,79,34,2,74,46,28,34,5,0,0,29
"E01011588",2011,"Leeds 039A","Total",691,164,62,102,499,45,290,114,142,34,93,48,41,4,71,42,29,28,14,0,0,14
"E01011589",2011,"Leeds 039B","Total",699,229,89,140,447,55,245,95,125,25,106,76,29,1,41,32,9,23,4,0,0,19
"E01011590",2011,"Leeds 039C","Total",639,142,61,81,473,81,285,124,122,39,60,34,22,4,47,34,13,24,7,0,1,16
"E01011591",2011,"Leeds 052D","Total",810,275,57,218,487,53,224,115,86,23,163,125,32,6,47,33,14,48,8,1,0,39
"E01011592",2011,"Leeds 039D","Total",719,291,111,180,414,60,212,95,76,41,111,76,30,5,31,12,19,14,3,1,0,10
"E01011593",2011,"Leeds 039E","Total",789,218,70,148,537,75,294,131,123,40,110,74,33,3,58,44,14,34,10,0,1,23
"E01011594",2011,"Leeds 062C","Total",605,179,106,73,395,32,195,52,101,42,67,32,32,3,101,72,29,31,9,1,2,19
"E01011595",2011,"Leeds 066B","Total",639,144,83,61,426,68,281,86,134,61,44,22,16,6,33,19,14,69,41,1,0,27
"E01011596",2011,"Leeds 062D","Total",759,231,71,160,494,49,298,135,124,39,96,63,31,2,51,33,18,34,11,0,0,23
"E01011597",2011,"Leeds 066C","Total",557,142,67,75,367,32,229,69,119,41,39,19,18,2,67,43,24,48,28,2,1,17
"E01011598",2011,"Leeds 062E","Total",734,259,67,192,443,45,221,97,94,30,119,82,36,1,58,35,23,32,10,0,0,22
"E01011599",2011,"Leeds 066D","Total",647,194,102,92,412,52,250,81,126,43,56,32,24,0,54,31,23,41,17,0,1,23
"E01011600",2011,"Leeds 079A","Total",671,201,88,113,450,54,253,103,109,41,94,50,40,4,49,28,21,20,5,0,0,15
"E01011601",2011,"Leeds 079B","Total",624,184,59,125,407,34,195,65,97,33,103,40,58,5,75,52,23,33,13,0,2,18
"E01011602",2011,"Leeds 076A","Total",743,312,168,144,404,69,212,86,89,37,78,49,26,3,45,26,19,27,11,0,3,13
"E01011603",2011,"Leeds 076B","Total",658,205,92,113,433,60,243,78,113,52,76,43,25,8,54,25,29,20,7,0,3,10
"E01011604",2011,"Leeds 079C","Total",601,205,77,128,365,32,211,75,113,23,79,55,21,3,43,28,15,31,9,0,0,22
"E01011605",2011,"Leeds 076C","Total",636,164,97,67,454,75,272,106,114,52,58,32,22,4,49,25,24,18,6,0,1,11
"E01011606",2011,"Leeds 076D","Total",642,142,73,69,469,78,243,78,123,42,70,25,36,9,78,50,28,31,20,0,1,10
"E01011607",2011,"Leeds 079D","Total",685,186,59,127,471,46,245,98,119,28,89,42,42,5,91,59,32,28,13,0,1,14
"E01011608",2011,"Leeds 068A","Total",583,173,77,96,376,41,187,81,67,39,75,35,39,1,73,52,21,34,13,1,2,18
"E01011609",2011,"Leeds 068B","Total",668,269,77,192,370,39,180,79,70,31,76,27,47,2,75,55,20,29,17,0,1,11
"E01011610",2011,"Leeds 068C","Total",616,203,76,127,389,53,221,84,97,40,75,43,28,4,40,25,15,24,9,1,0,14
"E01011611",2011,"Leeds 068D","Total",603,202,83,119,371,43,150,52,60,38,65,29,31,5,113,85,28,30,14,1,1,14
"E01011612",2011,"Leeds 079E","Total",687,356,199,157,301,68,130,57,55,18,61,42,17,2,42,23,19,30,7,0,3,20
"E01011613",2011,"Leeds 076E","Total",549,147,57,90,368,38,186,81,80,25,63,31,30,2,81,67,14,34,12,1,0,21
"E01011614",2011,"Leeds 068E","Total",807,245,78,167,522,68,294,131,115,48,96,65,29,2,64,37,27,40,15,0,1,24
"E01011615",2011,"Leeds 070A","Total",639,181,68,113,424,51,215,76,92,47,63,28,32,3,95,73,22,34,15,0,1,18
"E01011616",2011,"Leeds 072A","Total",680,275,97,178,364,49,143,61,51,31,59,24,33,2,113,93,20,41,21,0,4,16
"E01011617",2011,"Leeds 070B","Total",679,183,71,112,454,33,173,66,73,34,84,18,57,9,164,112,52,42,19,1,0,22
"E01011618",2011,"Leeds 070C","Total",725,261,68,193,414,25,178,64,77,37,69,24,40,5,142,112,30,50,18,3,0,29
"E01011620",2011,"Leeds 072B","Total",490,104,45,59,350,31,138,51,56,31,64,17,40,7,117,102,15,36,24,0,1,11
"E01011621",2011,"Leeds 070D","Total",588,163,61,102,374,29,166,53,74,39,63,22,33,8,116,91,25,51,26,1,2,22
"E01011622",2011,"Leeds 072C","Total",657,188,49,139,410,7,141,42,69,30,74,19,45,10,188,160,28,59,32,2,2,23
"E01011623",2011,"Leeds 075B","Total",703,291,55,236,352,15,120,43,52,25,72,28,40,4,145,123,22,60,25,2,2,31
"E01011624",2011,"Leeds 072D","Total",714,231,109,122,428,21,159,43,89,27,84,21,59,4,164,128,36,55,30,1,4,20
"E01011625",2011,"Leeds 075C","Total",698,284,47,237,360,26,138,42,66,30,82,37,43,2,114,93,21,54,22,2,1,29
"E01011626",2011,"Leeds 075D","Total",949,478,105,373,391,23,134,61,51,22,109,75,26,8,125,90,35,80,19,7,2,52
"E01011627",2011,"Leeds 098A","Total",592,155,100,55,410,58,205,84,85,36,66,40,22,4,81,60,21,27,15,0,1,11
"E01011628",2011,"Leeds 098B","Total",597,169,109,60,403,98,213,94,67,52,47,20,26,1,45,32,13,25,8,0,2,15
"E01011629",2011,"Leeds 098C","Total",605,200,94,106,382,48,191,78,65,48,64,37,23,4,79,57,22,23,8,0,2,13
"E01011630",2011,"Leeds 100B","Total",886,212,67,145,634,61,349,135,164,50,128,76,49,3,96,64,32,40,12,0,1,27
"E01011632",2011,"Leeds 098D","Total",605,213,105,108,365,44,131,53,52,26,83,27,53,3,107,73,34,27,10,0,2,15
"E01011633",2011,"Leeds 098E","Total",622,168,84,84,427,59,262,108,99,55,62,32,24,6,44,28,16,27,11,0,0,16
"E01011634",2011,"Leeds 100C","Total",664,201,91,110,432,78,204,94,85,25,81,43,33,5,69,43,26,31,15,0,1,15
"E01011635",2011,"Leeds 097B","Total",705,219,97,122,456,81,234,95,111,28,76,50,18,8,65,39,26,30,15,1,2,12
"E01011636",2011,"Leeds 100D","Total",722,215,111,104,472,106,262,112,113,37,50,27,19,4,54,34,20,35,11,1,2,21
"E01011637",2011,"Leeds 097C","Total",735,174,50,124,523,50,305,115,150,40,89,51,36,2,79,54,25,38,15,1,0,22
"E01011638",2011,"Leeds 097D","Total",617,164,82,82,432,87,242,80,119,43,54,28,25,1,49,30,19,21,11,0,1,9
"E01011639",2011,"Leeds 100E","Total",645,184,96,88,427,58,195,68,82,45,79,34,42,3,95,70,25,34,9,0,3,22
"E01011641",2011,"Leeds 032B","Total",618,175,68,107,412,45,281,87,155,39,52,29,19,4,34,20,14,31,8,0,1,22
"E01011642",2011,"Leeds 032C","Total",487,128,48,80,308,29,184,61,108,15,41,24,15,2,54,30,24,51,24,2,1,24
"E01011643",2011,"Leeds 037A","Total",594,212,109,103,349,62,211,83,97,31,36,29,6,1,40,27,13,33,9,0,1,23
"E01011644",2011,"Leeds 037B","Total",542,204,78,126,313,63,152,59,71,22,44,28,15,1,54,35,19,25,14,0,2,9
"E01011645",2011,"Leeds 032D","Total",608,214,73,141,342,23,192,51,112,29,86,61,23,2,41,30,11,52,18,1,1,32
"E01011646",2011,"Leeds 037C","Total",644,179,75,104,409,40,239,71,125,43,58,31,25,2,72,43,29,56,26,0,1,29
"E01011647",2011,"Leeds 037D","Total",498,103,40,63,297,21,187,36,119,32,32,22,9,1,57,36,21,98,70,0,0,28
"E01011648",2011,"Leeds 037E","Total",566,113,58,55,389,44,247,62,140,45,30,14,13,3,68,39,29,64,42,1,2,19
"E01011649",2011,"Leeds 022B","Total",647,172,90,82,456,93,271,121,115,35,55,33,19,3,37,28,9,19,10,0,2,7
"E01011650",2011,"Leeds 020A","Total",594,177,68,109,383,55,252,93,115,44,49,32,16,1,27,18,9,34,14,0,0,20
"E01011651",2011,"Leeds 020B","Total",637,206,62,144,390,37,216,70,119,27,64,41,22,1,73,43,30,41,8,1,0,32
"E01011652",2011,"Leeds 024C","Total",501,117,40,77,342,23,238,89,116,33,37,22,15,0,44,26,18,42,11,2,0,29
"E01011653",2011,"Leeds 020C","Total",606,245,96,149,302,27,169,59,87,23,68,53,14,1,38,23,15,59,9,2,2,46
"E01011654",2011,"Leeds 024D","Total",530,98,52,46,416,44,292,83,170,39,50,26,24,0,30,16,14,16,9,0,0,7
"E01011655",2011,"Leeds 020D","Total",703,313,146,167,361,64,212,102,98,12,55,47,8,0,30,19,11,29,7,0,1,21
"E01011656",2011,"Leeds 035A","Total",597,166,56,110,402,20,150,39,67,44,86,29,49,8,146,118,28,29,16,1,1,11
"E01011657",2011,"Leeds 035B","Total",602,235,69,166,331,22,134,47,53,34,69,22,41,6,106,79,27,36,10,0,3,23
"E01011658",2011,"Leeds 040C","Total",631,259,135,124,329,32,99,44,42,13,46,17,26,3,152,123,29,43,16,0,4,23
"E01011659",2011,"Leeds 035C","Total",648,278,88,190,337,34,137,50,54,33,75,34,36,5,91,59,32,33,12,0,3,18
"E01011660",2011,"Leeds 040D","Total",588,221,94,127,330,34,132,53,55,24,65,26,33,6,99,74,25,37,24,0,0,13
"E01011661",2011,"Leeds 035D","Total",852,464,208,256,351,52,135,58,53,24,58,27,26,5,106,68,38,37,13,0,5,19
"E01011662",2011,"Leeds 040E","Total",496,179,33,146,288,9,84,20,49,15,76,26,43,7,119,89,30,29,14,0,1,14
"E01011663",2011,"Leeds 050A","Total",430,81,26,55,306,11,99,18,64,17,76,24,48,4,120,101,19,43,31,1,0,11
"E01011664",2011,"Leeds 050B","Total",477,148,83,65,294,31,115,43,48,24,58,13,39,6,90,63,27,35,15,0,5,15
"E01011665",2011,"Leeds 050C","Total",626,228,68,160,363,42,172,73,72,27,60,33,21,6,89,61,28,35,19,0,2,14
"E01011666",2011,"Leeds 061D","Total",594,141,77,64,419,50,260,85,114,61,54,28,22,4,55,34,21,34,17,0,3,14
"E01011667",2011,"Leeds 050D","Total",511,102,46,56,364,6,98,21,65,12,71,15,53,3,189,163,26,45,23,3,2,17
"E01011668",2011,"Leeds 110E","Total",517,136,14,122,122,2,37,18,14,5,41,36,5,0,42,30,12,259,7,159,0,93
"E01011669",2011,"Leeds 110F","Total",518,187,15,172,152,2,55,25,27,3,62,38,24,0,33,25,8,179,9,88,0,82
"E01011670",2011,"Leeds 055A","Total",916,401,100,301,334,34,124,37,70,17,53,32,16,5,123,92,31,181,24,74,3,80
"E01011671",2011,"Leeds 055B","Total",644,214,48,166,335,23,102,25,64,13,34,20,12,2,176,136,40,95,23,30,1,41
"E01011673",2011,"Leeds 064B","Total",810,399,65,334,308,3,140,28,102,10,45,18,27,0,120,105,15,103,33,12,0,58
"E01011677",2011,"Leeds 064D","Total",786,387,96,291,335,25,142,42,81,19,56,28,24,4,112,79,33,64,17,2,5,40
"E01011678",2011,"Leeds 063B","Total",663,321,58,263,161,14,53,24,28,1,67,64,1,2,27,18,9,181,4,119,1,57
"E01011681",2011,"Leeds 063D","Total",673,295,26,269,208,8,85,31,41,13,35,29,5,1,80,59,21,170,19,90,0,61
"E01011684",2011,"Leeds 019C","Total",638,183,85,98,409,45,259,93,116,50,48,29,19,0,57,35,22,46,13,0,2,31
"E01011685",2011,"Leeds 109A","Total",777,275,69,206,388,46,221,80,115,26,93,74,17,2,28,14,14,114,9,14,1,90
"E01011686",2011,"Leeds 033E","Total",810,376,148,228,389,41,148,66,62,20,78,42,35,1,122,83,39,45,17,0,8,20
"E01011687",2011,"Leeds 109B","Total",574,134,62,72,390,52,243,81,113,49,50,32,15,3,45,24,21,50,17,1,1,31
"E01011688",2011,"Leeds 031B","Total",608,152,35,117,401,29,219,63,118,38,76,54,21,1,77,56,21,55,15,3,1,36
"E01011689",2011,"Leeds 031C","Total",765,308,132,176,409,72,203,72,96,35,84,52,31,1,50,31,19,48,6,1,5,36
"E01011690",2011,"Leeds 109C","Total",661,277,124,153,284,46,148,68,58,22,67,54,12,1,23,15,8,100,5,31,1,63
"E01011691",2011,"Leeds 031D","Total",645,210,84,126,325,33,123,46,61,16,57,30,25,2,112,92,20,110,16,18,3,73
"E01011692",2011,"Leeds 109D","Total",666,251,62,189,335,30,181,80,82,19,92,69,20,3,32,23,9,80,4,22,1,53
"E01011693",2011,"Leeds 109E","Total",725,266,47,219,273,17,89,50,25,14,132,113,19,0,35,27,8,186,12,41,1,132
"E01011694",2011,"Leeds 109F","Total",615,129,59,70,275,28,157,53,82,22,67,46,20,1,23,15,8,211,17,83,1,110
"E01011695",2011,"Leeds 019D","Total",704,278,96,182,389,27,141,41,77,23,69,23,36,10,152,109,43,37,15,0,5,17
"E01011696",2011,"Leeds 006B","Total",656,182,126,56,456,112,279,116,128,35,33,19,13,1,32,16,16,18,6,0,4,8
"E01011697",2011,"Leeds 002A","Total",558,151,78,73,386,59,231,98,105,28,46,28,13,5,50,29,21,21,6,0,1,14
"E01011698",2011,"Leeds 001A","Total",634,158,74,84,450,75,273,120,110,43,37,21,15,1,65,39,26,26,8,0,2,16
"E01011699",2011,"Leeds 001B","Total",583,138,71,67,432,92,258,113,108,37,49,33,13,3,33,15,18,13,2,0,1,10
"E01011700",2011,"Leeds 002B","Total",500,154,89,65,327,79,184,74,75,35,35,14,20,1,29,15,14,19,4,0,0,15
"E01011701",2011,"Leeds 001C","Total",529,125,73,52,393,64,251,100,116,35,30,16,14,0,48,26,22,11,2,0,0,9
"E01011702",2011,"Leeds 001D","Total",483,84,58,26,389,94,257,110,111,36,16,10,6,0,22,11,11,10,4,0,0,6
"E01011703",2011,"Leeds 001E","Total",556,123,81,42,420,122,267,126,100,41,18,12,4,2,13,6,7,13,9,0,0,4
"E01011704",2011,"Leeds 002C","Total",985,488,281,207,446,99,199,107,70,22,77,51,24,2,71,50,21,51,11,0,3,37
"E01011705",2011,"Leeds 002D","Total",636,221,144,77,391,58,172,64,80,28,71,33,35,3,90,58,32,24,5,0,0,19
"E01011706",2011,"Leeds 006C","Total",616,140,75,65,464,100,292,102,149,41,41,24,14,3,31,22,9,12,7,0,0,5
"E01011707",2011,"Leeds 005A","Total",616,194,136,58,405,87,243,108,102,33,36,20,16,0,39,23,16,17,8,0,0,9
"E01011708",2011,"Leeds 006D","Total",612,144,72,72,453,74,292,119,134,39,45,26,17,2,42,28,14,15,5,0,3,7
"E01011709",2011,"Leeds 005B","Total",660,176,110,66,470,110,286,114,140,32,50,26,24,0,24,10,14,14,9,0,1,4
"E01011710",2011,"Leeds 005C","Total",638,197,99,98,425,50,271,116,122,33,61,44,16,1,43,27,16,16,8,0,0,8
"E01011711",2011,"Leeds 005D","Total",656,228,136,92,414,90,237,107,98,32,45,29,15,1,42,27,15,14,5,0,0,9
"E01011712",2011,"Leeds 005E","Total",586,145,68,77,410,56,247,125,85,37,60,35,19,6,47,28,19,31,15,0,1,15
"E01011713",2011,"Leeds 006E","Total",737,153,66,87,555,103,354,135,168,51,55,24,29,2,43,32,11,29,13,0,3,13
"E01011714",2011,"Leeds 029A","Total",605,142,81,61,429,60,247,97,97,53,54,23,24,7,68,48,20,34,12,1,2,19
"E01011715",2011,"Leeds 022C","Total",527,130,65,65,376,64,220,91,93,36,49,23,23,3,43,28,15,21,9,1,0,11
"E01011716",2011,"Leeds 029B","Total",607,152,73,79,417,95,237,89,99,49,40,22,17,1,45,27,18,38,21,0,3,14
"E01011717",2011,"Leeds 029C","Total",655,204,109,95,413,47,205,78,79,48,59,32,24,3,102,74,28,38,20,0,2,16
"E01011718",2011,"Leeds 029D","Total",601,201,66,135,368,30,182,69,82,31,62,19,43,0,94,61,33,32,14,0,1,17
"E01011719",2011,"Leeds 022D","Total",628,151,103,48,461,113,251,110,92,49,47,26,18,3,50,28,22,16,7,0,2,7
"E01011720",2011,"Leeds 029E","Total",691,258,130,128,395,58,181,74,75,32,69,40,26,3,87,53,34,38,19,0,1,18
"E01011721",2011,"Leeds 041A","Total",621,178,78,100,410,37,170,60,75,35,73,19,46,8,130,93,37,33,19,0,1,13
"E01011722",2011,"Leeds 041B","Total",812,276,108,168,487,36,191,81,91,19,127,54,67,6,133,90,43,49,21,0,1,27
"E01011723",2011,"Leeds 041C","Total",617,212,133,79,370,35,142,59,55,28,55,18,34,3,138,108,30,35,20,1,2,12
"E01011724",2011,"Leeds 041D","Total",830,305,110,195,483,43,182,70,81,31,105,42,59,4,153,99,54,42,18,1,1,22
"E01011725",2011,"Leeds 078A","Total",699,283,79,204,376,25,121,36,72,13,84,24,56,4,146,112,34,40,22,1,0,17
"E01011726",2011,"Leeds 080A","Total",634,218,62,156,378,39,141,50,66,25,88,40,44,4,110,77,33,38,20,0,2,16
"E01011727",2011,"Leeds 080B","Total",674,169,55,114,470,59,235,96,101,38,107,63,41,3,69,45,24,35,15,0,0,20
"E01011728",2011,"Leeds 080C","Total",626,183,100,83,415,91,208,90,82,36,66,36,27,3,50,40,10,28,14,0,2,12
"E01011729",2011,"Leeds 078B","Total",741,331,78,253,345,26,123,43,53,27,104,56,42,6,92,72,20,65,18,3,1,43
"E01011730",2011,"Leeds 078C","Total",657,199,51,148,424,22,161,62,76,23,108,43,60,5,133,105,28,34,19,0,0,15
"E01011731",2011,"Leeds 081B","Total",609,166,88,78,423,53,246,108,94,44,71,35,30,6,53,29,24,20,10,0,0,10
"E01011732",2011,"Leeds 081C","Total",777,211,93,118,520,59,289,113,129,47,103,55,44,4,69,40,29,46,11,0,0,35
"E01011733",2011,"Leeds 081D","Total",691,238,113,125,427,57,235,105,83,47,80,50,24,6,55,39,16,26,12,0,1,13
"E01011734",2011,"Leeds 083A","Total",1011,291,81,210,679,71,339,131,158,50,178,113,56,9,91,68,23,41,19,1,0,21
"E01011735",2011,"Leeds 078D","Total",738,278,109,169,412,33,144,46,69,29,105,43,58,4,130,93,37,48,21,0,1,26
"E01011736",2011,"Leeds 083B","Total",648,173,66,107,444,65,223,86,89,48,95,51,42,2,61,40,21,31,9,0,0,22
"E01011737",2011,"Leeds 083C","Total",760,301,95,206,415,29,157,69,59,29,104,57,42,5,125,101,24,44,11,0,1,32
"E01011738",2011,"Leeds 083D","Total",632,191,72,119,420,46,268,105,125,38,56,37,17,2,50,33,17,21,8,0,0,13
"E01011739",2011,"Leeds 080D","Total",699,256,66,190,402,57,158,61,67,30,81,39,32,10,106,78,28,41,15,0,2,24
"E01032487",2011,"Leeds 097F","Total",448,145,97,48,278,45,118,47,52,19,42,21,12,9,73,51,22,25,12,0,0,13
"E01032488",2011,"Leeds 097G","Total",735,154,91,63,545,90,342,123,160,59,58,36,18,4,55,32,23,36,20,0,2,14
"E01032489",2011,"Leeds 102F","Total",894,297,73,224,530,35,257,112,102,43,156,113,42,1,82,58,24,67,17,0,2,48
"E01032490",2011,"Leeds 102G","Total",570,142,23,119,413,22,249,90,132,27,97,57,36,4,45,35,10,15,3,0,0,12
"E01032491",2011,"Leeds 102H","Total",489,89,20,69,381,20,236,99,106,31,82,46,33,3,43,36,7,19,6,0,1,12
"E01032492",2011,"Leeds 102I","Total",997,420,89,331,519,34,164,80,64,20,163,97,63,3,158,107,51,58,23,2,1,32
"E01032493",2011,"Leeds 033F","Total",619,203,68,135,365,50,183,72,80,31,91,63,26,2,41,28,13,51,12,1,1,37
"E01032494",2011,"Leeds 033G","Total",716,212,72,140,438,28,156,50,70,36,101,52,41,8,153,108,45,66,27,2,1,36
"E01032495",2011,"Leeds 105E","Total",922,174,44,130,702,18,363,133,197,33,198,114,79,5,123,102,21,46,28,0,0,18
"E01032496",2011,"Leeds 105F","Total",878,236,74,162,605,44,333,120,167,46,141,79,54,8,87,64,23,37,10,0,1,26
"E01032497",2011,"Leeds 099E","Total",640,203,60,143,411,23,155,63,70,22,90,43,44,3,143,112,31,26,11,1,1,13
"E01032498",2011,"Leeds 099F","Total",697,214,112,102,447,101,218,96,79,43,58,31,24,3,70,43,27,36,14,0,5,17
"E01032499",2011,"Leeds 067G","Total",702,180,76,104,476,67,294,105,129,60,73,43,27,3,42,19,23,46,19,1,2,24
"E01032500",2011,"Leeds 067H","Total",568,262,55,207,231,17,82,39,33,10,77,51,24,2,55,43,12,75,17,0,1,57
"E01032501",2011,"Leeds 017E","Total",498,120,62,58,365,62,212,93,89,30,52,30,16,6,39,27,12,13,4,1,1,7
"E01032502",2011,"Leeds 017F","Total",801,265,77,188,487,34,197,61,96,40,98,49,42,7,158,123,35,49,16,0,0,33
"E01032503",2011,"Leeds 007E","Total",600,157,73,84,422,72,275,102,136,37,38,26,12,0,37,20,17,21,9,0,1,11
"E01032504",2011,"Leeds 007F","Total",673,177,136,41,468,117,291,111,142,38,28,12,14,2,32,20,12,28,12,0,3,13
"E01032606",2011,"Leeds 067I","Total",906,326,87,239,532,52,265,94,128,43,93,49,38,6,122,78,44,48,11,1,1,35
"E01032607",2011,"Leeds 067J","Total",547,255,84,171,249,19,110,47,46,17,70,51,18,1,50,41,9,43,9,0,1,33
"E01032608",2011,"Leeds 067K","Total",500,177,40,137,256,14,135,45,67,23,57,44,13,0,50,39,11,67,16,1,1,49
"E01032876",2011,"Leeds 109G","Total",533,127,39,88,329,60,190,75,90,25,55,44,11,0,24,13,11,77,12,37,3,25
"E01032945",2011,"Leeds 044F","Total",848,172,34,138,141,15,70,32,26,12,39,28,10,1,17,5,12,535,15,384,2,134
"E01032946",2011,"Leeds 110G","Total",778,302,128,174,205,24,72,34,29,9,89,80,8,1,20,14,6,271,13,145,2,111
"E01033002",2011,"Leeds 055F","Total",761,414,102,312,220,11,104,40,63,1,62,50,10,2,43,31,12,127,9,49,1,68
"E01033003",2011,"Leeds 055G","Total",1109,697,35,662,294,2,153,51,98,4,83,73,10,0,56,45,11,118,22,29,0,67
"E01033005",2011,"Leeds 055H","Total",876,395,50,345,236,6,97,33,57,7,53,45,6,2,80,60,20,245,19,144,1,81
"E01033006",2011,"Leeds 063E","Total",1016,457,19,438,201,7,86,37,45,4,72,66,4,2,36,25,11,358,11,202,0,145
"E01033008",2011,"Leeds 111A","Total",704,364,4,360,171,0,53,34,17,2,112,107,5,0,6,3,3,169,1,31,0,137
"E01033010",2011,"Leeds 111B","Total",690,400,3,397,160,0,45,32,13,0,113,110,3,0,2,0,2,130,2,49,0,79
"E01033011",2011,"Leeds 111C","Total",761,415,12,403,205,0,39,35,2,2,158,153,4,1,8,7,1,141,1,32,0,108
"E01033013",2011,"Leeds 082E","Total",647,298,63,235,237,21,80,40,37,3,86,68,17,1,50,36,14,112,7,17,2,86
"E01033015",2011,"Leeds 111D","Total",705,299,4,295,203,0,59,39,18,2,137,133,4,0,7,4,3,203,3,28,0,172
"E01033016",2011,"Leeds 111E","Total",709,441,5,436,174,3,55,37,15,3,114,111,3,0,2,1,1,94,1,9,0,84
"E01033018",2011,"Leeds 112D","Total",729,363,1,362,199,0,59,42,17,0,133,129,4,0,7,6,1,167,1,15,0,151
"E01033019",2011,"Leeds 112E","Total",766,365,3,362,213,1,55,39,16,0,147,144,3,0,10,8,2,188,2,35,0,151
"E01033021",2011,"Leeds 075E","Total",697,391,124,267,263,25,87,43,33,11,71,43,21,7,80,60,20,43,18,2,1,22
"E01033031",2011,"Leeds 064E","Total",782,450,59,391,234,17,98,39,55,4,87,82,5,0,32,20,12,98,6,10,2,80
"E01033032",2011,"Leeds 082F","Total",789,417,37,380,246,6,99,55,40,4,110,101,9,0,31,20,11,126,1,10,0,115
"E01033033",2011,"Leeds 075F","Total",740,381,43,338,202,9,67,43,15,9,97,95,1,1,29,18,11,157,4,26,1,126
"E01033034",2011,"Leeds 075G","Total",645,316,10,306,222,0,56,43,13,0,163,159,3,1,3,2,1,107,1,12,0,94
"E01033035",2011,"Leeds 064F","Total",752,436,29,407,267,2,151,31,112,8,33,16,16,1,81,70,11,49,9,1,3,36
