"lsoa11cd","date","lsoa11nm","Rural Urban","NS-SeC: All categories: NS-SeC of household reference person; measures: Value","NS-SeC: 1. Higher managerial, administrative and professional occupations; measures: Value","NS-SeC: 1.1 Large employers and higher managerial and administrative occupations; measures: Value","NS-SeC: L1 Employers in large establishments; measures: Value","NS-SeC: L2 Higher managerial and administrative occupations; measures: Value","NS-SeC: 1.2 Higher professional occupations; measures: Value","NS-SeC: L3.1 Traditional employees; measures: Value","NS-SeC: L3.2 New employees; measures: Value","NS-SeC: L3.3 Traditional self-employed; measures: Value","NS-SeC: L3.4 New self-employed; measures: Value","NS-SeC: 2. Lower managerial, administrative and professional occupations; measures: Value","NS-SeC: L4 Lower professional and higher technical occupations; measures: Value","NS-SeC: L4.1 Traditional employees; measures: Value","NS-SeC: L4.2 New employees; measures: Value","NS-SeC: L4.3 Traditional self-employed; measures: Value","NS-SeC: L4.4 New self-employed; measures: Value","NS-SeC: L5 Lower managerial and administrative occupations; measures: Value","NS-SeC: L6 Higher supervisory occupations; measures: Value","NS-SeC: 3. Intermediate occupations; measures: Value","NS-SeC: L7.1 Intermediate clerical and administrative occupations; measures: Value","NS-SeC: L7.2 Intermediate sales and service occupations; measures: Value","NS-SeC: L7.3 Intermediate technical and auxiliary occupations; measures: Value","NS-SeC: L7.4 Intermediate engineering occupations; measures: Value","NS-SeC: 4. Small employers and own account workers; measures: Value","NS-SeC: L8 Employers in small establishments; measures: Value","NS-SeC: L8.1 Employers in small establishments in industry, commerce, services etc.; measures: Value","NS-SeC: L8.2 Employers in small establishments in agriculture; measures: Value","NS-SeC: L9 Own account workers; measures: Value","NS-SeC: L9.1 Own account workers (non-professional); measures: Value","NS-SeC: L9.2 Own account workers (agriculture); measures: Value","NS-SeC: 5. Lower supervisory and technical occupations; measures: Value","NS-SeC: L10 Lower supervisory occupations; measures: Value","NS-SeC: L11 Lower technical occupations; measures: Value","NS-SeC: L11.1 Lower technical craft occupations; measures: Value","NS-SeC: L11.2 Lower technical process operative occupations; measures: Value","NS-SeC: 6. Semi-routine occupations; measures: Value","NS-SeC: L12.1 Semi-routine sales occupations; measures: Value","NS-SeC: L12.2 Semi-routine service occupations; measures: Value","NS-SeC: L12.3 Semi-routine technical occupations; measures: Value","NS-SeC: L12.4 Semi-routine operative occupations; measures: Value","NS-SeC: L12.5 Semi-routine agricultural occupations; measures: Value","NS-SeC: L12.6 Semi-routine clerical occupations; measures: Value","NS-SeC: L12.7 Semi-routine childcare occupations; measures: Value","NS-SeC: 7. Routine occupations; measures: Value","NS-SeC: L13.1 Routine sales and service occupations; measures: Value","NS-SeC: L13.2 Routine production occupations; measures: Value","NS-SeC: L13.3 Routine technical occupations; measures: Value","NS-SeC: L13.4 Routine operative occupations; measures: Value","NS-SeC: L13.5 Routine agricultural occupations; measures: Value","NS-SeC: 8. Never worked and long-term unemployed; measures: Value","NS-SeC: L14.1 Never worked; measures: Value","NS-SeC: L14.2 Long-term unemployed; measures: Value","NS-SeC: Not classified; measures: Value","NS-SeC: L15 Full-time students; measures: Value","NS-SeC: L17 Not classifiable for other reasons; measures: Value"
"E01011264",2011,"Leeds 011A","Total",934,76,11,0,11,65,36,23,4,2,242,136,88,30,16,2,69,37,99,54,30,11,4,136,31,31,0,105,105,0,142,69,73,63,10,122,28,61,5,13,6,6,3,87,9,12,35,31,0,14,3,11,16,16,0
"E01011265",2011,"Leeds 009A","Total",1243,268,56,0,56,212,117,89,2,4,425,290,210,57,21,2,99,36,128,74,35,18,1,160,24,24,0,136,136,0,91,46,45,31,14,78,26,31,5,6,0,2,8,62,16,4,28,14,0,8,1,7,23,23,0
"E01011266",2011,"Leeds 008A","Total",1764,512,114,2,112,398,176,162,48,12,575,363,276,41,31,15,165,47,223,106,85,16,16,244,88,88,0,156,156,0,85,48,37,32,5,69,13,30,0,6,0,12,8,26,2,7,15,2,0,8,4,4,22,22,0
"E01011267",2011,"Leeds 009B","Total",1175,194,33,0,33,161,95,43,16,7,230,134,119,14,1,0,71,25,148,68,59,12,9,129,26,26,0,103,103,0,105,53,52,42,10,195,32,95,26,19,0,15,8,135,14,8,52,59,2,24,12,12,15,15,0
"E01011268",2011,"Leeds 010A","Total",1159,109,18,0,18,91,53,33,2,3,164,76,56,10,6,4,57,31,135,71,43,12,9,126,12,12,0,114,114,0,130,61,69,62,7,263,61,72,45,59,1,24,1,172,13,15,74,67,3,42,19,23,18,18,0
"E01011269",2011,"Leeds 011B","Total",1162,115,16,0,16,99,39,51,5,4,282,155,114,29,12,0,82,45,149,73,60,8,8,187,26,26,0,161,157,4,109,70,39,36,3,145,35,60,17,23,0,9,1,148,15,10,72,51,0,24,5,19,3,3,0
"E01011270",2011,"Leeds 008B","Total",1200,467,112,0,112,355,157,72,112,14,340,182,119,34,19,10,128,30,85,64,8,2,11,205,94,94,0,111,94,17,28,16,12,10,2,41,11,13,0,12,0,5,0,26,0,0,16,10,0,1,0,1,7,7,0
"E01011271",2011,"Leeds 009C","Total",1787,466,90,0,90,376,177,167,23,9,579,352,241,67,27,17,136,91,141,78,46,13,4,246,82,77,5,164,164,0,120,59,61,43,18,129,34,33,17,21,0,18,6,70,0,15,41,14,0,10,3,7,26,26,0
"E01011272",2011,"Leeds 009D","Total",1290,293,66,0,66,227,103,85,27,12,336,198,157,28,11,2,89,49,198,130,47,7,14,160,47,47,0,113,113,0,110,68,42,32,10,109,29,35,7,19,0,19,0,63,2,11,28,22,0,18,15,3,3,3,0
"E01011273",2011,"Leeds 010B","Total",1216,245,52,0,52,193,78,88,23,4,308,174,127,37,10,0,93,41,145,75,40,16,14,124,24,24,0,100,100,0,97,55,42,39,3,148,30,55,18,33,0,7,5,90,8,14,25,40,3,38,15,23,21,21,0
"E01011274",2011,"Leeds 010C","Total",1124,64,16,0,16,48,23,15,10,0,217,126,89,30,7,0,62,29,120,66,41,6,7,112,36,36,0,76,76,0,97,60,37,35,2,230,69,91,21,31,3,13,2,208,29,19,59,101,0,62,25,37,14,14,0
"E01011275",2011,"Leeds 010D","Total",1065,128,28,0,28,100,43,48,9,0,250,139,118,16,5,0,86,25,137,90,33,9,5,123,22,22,0,101,98,3,109,52,57,57,0,163,41,83,23,12,0,4,0,109,11,15,36,47,0,28,12,16,18,18,0
"E01011276",2011,"Leeds 011C","Total",1158,222,53,0,53,169,79,65,22,3,347,235,184,35,10,6,84,28,167,77,64,10,16,167,43,43,0,124,120,4,90,35,55,48,7,91,27,36,12,7,0,9,0,43,7,4,18,14,0,20,4,16,11,11,0
"E01011277",2011,"Leeds 014A","Total",1370,271,59,0,59,212,78,106,28,0,445,248,188,34,25,1,114,83,169,77,73,16,3,154,22,22,0,132,128,4,125,68,57,53,4,104,20,43,16,5,0,12,8,75,10,10,28,22,5,14,3,11,13,13,0
"E01011278",2011,"Leeds 014B","Total",1338,333,73,0,73,260,144,92,18,6,387,270,172,73,24,1,89,28,172,89,39,27,17,188,49,49,0,139,139,0,77,33,44,44,0,100,14,50,13,11,0,12,0,50,9,0,25,16,0,20,8,12,11,11,0
"E01011279",2011,"Leeds 008C","Total",999,244,45,0,45,199,72,91,32,4,325,201,147,42,11,1,88,36,89,57,17,11,4,134,44,44,0,90,80,10,56,30,26,21,5,54,23,15,4,10,0,2,0,65,2,1,43,19,0,25,7,18,7,7,0
"E01011280",2011,"Leeds 008D","Total",1446,354,89,0,89,265,137,99,23,6,402,238,183,29,15,11,125,39,160,87,59,8,6,213,73,67,6,140,134,6,111,60,51,48,3,110,17,47,11,20,0,15,0,66,5,9,36,16,0,15,3,12,15,12,3
"E01011281",2011,"Leeds 059A","Total",1626,219,21,0,21,198,125,56,14,3,345,246,202,27,12,5,62,37,193,133,41,17,2,168,32,32,0,136,136,0,98,75,23,23,0,231,85,72,22,28,0,19,5,228,18,22,88,100,0,122,77,45,22,22,0
"E01011282",2011,"Leeds 059B","Total",1191,68,6,0,6,62,30,24,5,3,207,105,85,7,13,0,71,31,148,86,37,10,15,80,13,13,0,67,67,0,127,88,39,38,1,266,40,104,35,60,0,17,10,213,31,27,71,84,0,65,38,27,17,17,0
"E01011283",2011,"Leeds 059C","Total",1150,83,24,0,24,59,26,31,1,1,117,72,65,4,0,3,30,15,113,47,44,15,7,129,43,43,0,86,86,0,140,81,59,45,14,172,42,85,21,16,0,8,0,258,16,45,47,149,1,121,64,57,17,17,0
"E01011284",2011,"Leeds 071A","Total",1624,113,20,0,20,93,54,34,2,3,272,172,138,18,16,0,53,47,199,110,70,12,7,122,22,22,0,100,98,2,158,118,40,32,8,299,76,104,38,35,0,25,21,292,42,59,59,132,0,130,71,59,39,39,0
"E01011286",2011,"Leeds 059D","Total",1059,79,13,0,13,66,27,28,9,2,247,139,124,13,2,0,57,51,123,75,28,17,3,133,20,20,0,113,113,0,141,86,55,52,3,124,20,61,16,9,0,11,7,157,12,7,82,53,3,36,21,15,19,19,0
"E01011287",2011,"Leeds 067B","Total",1102,106,37,0,37,69,34,24,7,4,258,119,89,28,2,0,90,49,150,83,50,11,6,108,20,18,2,88,88,0,125,69,56,52,4,164,38,54,23,28,0,12,9,126,4,19,76,27,0,43,33,10,22,22,0
"E01011292",2011,"Leeds 071B","Total",1339,55,5,0,5,50,36,12,1,1,160,104,79,14,9,2,47,9,119,89,27,2,1,125,44,44,0,81,81,0,78,44,34,30,4,339,99,116,35,45,0,24,20,264,24,38,70,131,1,166,98,68,33,33,0
"E01011293",2011,"Leeds 071C","Total",1493,85,12,0,12,73,44,28,1,0,196,107,87,7,13,0,73,16,124,52,44,21,7,215,67,67,0,148,148,0,116,81,35,35,0,285,60,102,38,56,0,25,4,307,24,20,83,163,17,134,62,72,31,31,0
"E01011294",2011,"Leeds 071D","Total",873,43,10,0,10,33,9,19,4,1,112,57,46,2,8,1,36,19,92,46,44,2,0,122,33,33,0,89,89,0,79,48,31,31,0,169,47,82,19,13,0,4,4,150,6,19,47,78,0,101,46,55,5,5,0
"E01011295",2011,"Leeds 059E","Total",1380,101,11,0,11,90,48,26,16,0,237,155,124,18,8,5,44,38,165,91,52,13,9,102,16,16,0,86,86,0,157,83,74,66,8,279,78,95,49,42,0,12,3,233,15,10,105,103,0,81,46,35,25,25,0
"E01011296",2011,"Leeds 030A","Total",1131,259,63,0,63,196,108,71,15,2,341,211,137,50,22,2,76,54,140,84,41,2,13,146,49,45,4,97,93,4,75,26,49,45,4,79,21,22,5,12,0,14,5,67,12,2,24,29,0,16,8,8,8,8,0
"E01011297",2011,"Leeds 030B","Total",1321,345,78,0,78,267,109,105,49,4,424,240,174,29,18,19,128,56,94,53,31,8,2,216,95,89,6,121,92,29,100,66,34,34,0,62,6,34,8,1,4,7,2,61,10,5,32,14,0,13,4,9,6,6,0
"E01011298",2011,"Leeds 088A","Total",1283,134,24,0,24,110,69,41,0,0,304,185,134,29,15,7,64,55,135,71,48,9,7,109,22,22,0,87,75,12,145,73,72,57,15,189,47,94,12,20,0,13,3,191,10,18,79,80,4,57,20,37,19,19,0
"E01011299",2011,"Leeds 088B","Total",1901,233,42,0,42,191,115,45,30,1,468,271,219,38,14,0,135,62,209,94,99,9,7,302,60,57,3,242,218,24,208,72,136,133,3,243,68,103,18,41,1,12,0,198,16,15,92,75,0,23,12,11,17,17,0
"E01011300",2011,"Leeds 089A","Total",1225,131,58,0,58,73,46,24,3,0,285,177,153,22,2,0,66,42,144,79,42,5,18,143,24,24,0,119,118,1,124,65,59,48,11,185,47,74,28,22,2,5,7,176,22,15,71,68,0,27,12,15,10,10,0
"E01011301",2011,"Leeds 089B","Total",1091,145,51,0,51,94,47,47,0,0,292,151,93,38,15,5,78,63,159,71,67,3,18,115,18,18,0,97,96,1,143,65,78,73,5,110,25,36,18,17,0,11,3,109,9,8,59,29,4,12,8,4,6,6,0
"E01011302",2011,"Leeds 088C","Total",979,131,33,0,33,98,40,45,11,2,233,130,87,28,13,2,62,41,129,75,32,5,17,132,32,32,0,100,100,0,112,41,71,71,0,103,29,18,17,21,0,9,9,132,8,4,82,37,1,5,3,2,2,2,0
"E01011303",2011,"Leeds 088D","Total",881,108,30,0,30,78,38,31,9,0,145,61,48,6,4,3,59,25,144,91,37,7,9,98,32,32,0,66,63,3,93,39,54,51,3,124,33,49,8,27,0,6,1,145,10,12,64,57,2,18,8,10,6,6,0
"E01011304",2011,"Leeds 089C","Total",1291,115,37,0,37,78,40,33,5,0,313,135,122,6,3,4,136,42,166,94,51,14,7,124,10,10,0,114,110,4,148,72,76,76,0,212,41,73,30,36,4,24,4,183,10,16,87,70,0,26,14,12,4,4,0
"E01011305",2011,"Leeds 089D","Total",1276,141,31,0,31,110,41,62,5,2,317,191,143,42,5,1,93,33,152,69,54,19,10,153,42,38,4,111,106,5,164,82,82,74,8,153,25,60,14,39,3,10,2,179,0,31,95,53,0,6,1,5,11,11,0
"E01011306",2011,"Leeds 089E","Total",1114,133,45,0,45,88,34,45,7,2,315,184,141,36,4,3,81,50,170,104,44,8,14,108,28,28,0,80,78,2,167,78,89,75,14,109,24,43,8,12,0,16,6,108,8,15,56,26,3,3,0,3,1,1,0
"E01011307",2011,"Leeds 103A","Total",1243,82,26,0,26,56,18,29,9,0,211,103,73,18,7,5,79,29,118,55,48,8,7,139,24,24,0,115,115,0,189,88,101,89,12,228,45,114,28,37,0,4,0,222,18,10,88,105,1,48,21,27,6,6,0
"E01011308",2011,"Leeds 103B","Total",1155,112,50,0,50,62,23,37,2,0,227,136,99,26,3,8,44,47,138,68,46,6,18,129,34,31,3,95,93,2,166,67,99,79,20,175,27,58,30,44,2,6,8,180,7,7,94,71,1,16,5,11,12,12,0
"E01011309",2011,"Leeds 030C","Total",1146,246,82,4,78,164,69,61,22,12,315,165,118,23,19,5,108,42,117,63,31,4,19,217,58,50,8,159,149,10,62,29,33,27,6,84,12,41,9,11,2,6,3,76,1,0,34,41,0,19,8,11,10,10,0
"E01011310",2011,"Leeds 030D","Total",1235,402,60,0,60,342,212,61,63,6,401,238,157,30,33,18,132,31,77,51,23,3,0,176,47,37,10,129,114,15,52,31,21,21,0,64,15,29,7,8,1,0,4,31,6,0,19,6,0,13,4,9,19,19,0
"E01011311",2011,"Leeds 022A","Total",957,346,114,0,114,232,126,41,54,11,263,112,62,12,26,12,131,20,42,30,12,0,0,229,119,119,0,110,102,8,34,26,8,6,2,21,4,3,0,10,4,0,0,20,4,4,9,2,1,2,1,1,0,0,0
"E01011312",2011,"Leeds 086A","Total",1475,57,14,0,14,43,15,23,5,0,134,90,70,13,7,0,38,6,113,48,61,4,0,219,59,59,0,160,160,0,106,45,61,58,3,311,50,178,16,54,0,6,7,250,39,34,54,123,0,240,133,107,45,45,0
"E01011313",2011,"Leeds 091A","Total",1420,115,33,0,33,82,48,34,0,0,233,153,130,11,7,5,59,21,185,124,48,9,4,168,41,41,0,127,126,1,129,67,62,58,4,244,40,106,42,15,2,32,7,213,12,27,57,117,0,98,31,67,35,35,0
"E01011314",2011,"Leeds 091B","Total",1299,102,27,0,27,75,39,31,2,3,253,173,141,15,12,5,56,24,196,105,77,14,0,132,18,18,0,114,114,0,124,91,33,30,3,201,50,74,25,32,0,16,4,230,14,34,97,85,0,48,23,25,13,13,0
"E01011315",2011,"Leeds 090A","Total",1287,101,29,0,29,72,39,26,5,2,238,143,104,20,9,10,71,24,181,88,75,7,11,202,73,73,0,129,128,1,126,81,45,45,0,195,74,71,15,16,0,11,8,184,22,16,66,80,0,49,26,23,11,11,0
"E01011316",2011,"Leeds 086B","Total",1550,68,11,0,11,57,32,16,7,2,168,108,87,19,2,0,41,19,130,64,63,3,0,260,54,54,0,206,206,0,135,69,66,60,6,231,52,103,22,36,0,16,2,305,44,46,53,160,2,225,147,78,28,28,0
"E01011317",2011,"Leeds 090B","Total",1439,80,16,0,16,64,38,22,4,0,156,69,53,10,6,0,56,31,144,70,60,14,0,97,21,21,0,76,76,0,136,84,52,44,8,327,100,121,49,22,0,24,11,312,16,47,85,160,4,158,82,76,29,28,1
"E01011318",2011,"Leeds 090C","Total",1320,41,9,0,9,32,13,19,0,0,163,78,76,2,0,0,42,43,165,85,52,24,4,71,16,16,0,55,55,0,140,81,59,46,13,263,90,98,35,32,0,6,2,289,32,30,89,137,1,145,70,75,43,43,0
"E01011319",2011,"Leeds 091C","Total",1297,97,20,0,20,77,45,25,7,0,251,138,102,18,10,8,85,28,128,50,55,16,7,218,41,41,0,177,177,0,132,71,61,51,10,194,32,67,53,23,4,13,2,190,34,22,68,66,0,64,27,37,23,23,0
"E01011320",2011,"Leeds 091D","Total",1376,134,21,0,21,113,65,45,3,0,193,107,87,17,3,0,68,18,191,101,64,23,3,207,42,42,0,165,165,0,144,72,72,67,5,212,52,90,32,27,0,11,0,203,20,19,78,86,0,58,40,18,34,34,0
"E01011321",2011,"Leeds 090D","Total",1349,76,28,6,22,48,20,28,0,0,206,132,105,18,9,0,53,21,158,86,61,3,8,101,31,31,0,70,70,0,79,45,34,33,1,265,80,129,22,21,2,8,3,272,16,32,91,133,0,148,74,74,44,44,0
"E01011322",2011,"Leeds 091E","Total",1245,101,28,0,28,73,29,32,10,2,258,160,138,10,8,4,61,37,166,85,61,11,9,115,33,33,0,82,82,0,141,78,63,59,4,173,41,58,9,43,0,18,4,226,31,26,70,99,0,49,26,23,16,16,0
"E01011323",2011,"Leeds 051A","Total",939,87,31,0,31,56,32,20,0,4,178,97,66,27,4,0,61,20,112,46,48,10,8,117,28,28,0,89,86,3,97,64,33,33,0,173,29,75,36,22,0,8,3,156,9,18,64,65,0,13,7,6,6,6,0
"E01011324",2011,"Leeds 046A","Total",1230,43,4,0,4,39,15,17,7,0,108,66,44,17,1,4,33,9,113,66,40,1,6,62,6,6,0,56,56,0,78,48,30,29,1,220,60,103,22,23,0,11,1,264,22,27,80,135,0,153,98,55,189,189,0
"E01011325",2011,"Leeds 046B","Total",1246,155,37,0,37,118,59,55,4,0,318,177,130,31,16,0,91,50,117,54,28,26,9,134,41,41,0,93,93,0,93,41,52,48,4,192,49,67,21,34,3,17,1,151,2,21,58,70,0,59,34,25,27,27,0
"E01011326",2011,"Leeds 046C","Total",1157,52,13,0,13,39,24,15,0,0,158,76,60,10,5,1,42,40,173,94,68,9,2,59,14,14,0,45,45,0,114,68,46,44,2,206,39,92,24,30,0,15,6,267,31,26,85,125,0,109,54,55,19,19,0
"E01011327",2011,"Leeds 052A","Total",1159,125,27,0,27,98,44,45,9,0,226,145,112,30,3,0,41,40,162,100,37,10,15,129,45,45,0,84,84,0,96,62,34,34,0,216,61,80,17,35,0,19,4,126,8,18,61,39,0,48,26,22,31,31,0
"E01011328",2011,"Leeds 052B","Total",1231,129,39,0,39,90,48,34,4,4,223,111,87,19,5,0,72,40,143,81,55,4,3,124,39,39,0,85,85,0,128,82,46,46,0,194,24,91,42,22,0,12,3,198,12,24,104,58,0,75,25,50,17,17,0
"E01011329",2011,"Leeds 051B","Total",1231,163,37,0,37,126,65,46,7,8,308,194,141,39,11,3,70,44,185,119,30,19,17,148,32,32,0,116,111,5,149,70,79,74,5,168,42,74,14,19,0,17,2,85,1,8,63,13,0,8,0,8,17,17,0
"E01011330",2011,"Leeds 051C","Total",1028,99,21,0,21,78,33,37,8,0,218,150,118,24,6,2,43,25,94,62,26,6,0,135,42,42,0,93,89,4,100,30,70,69,1,195,23,88,19,32,0,23,10,126,14,11,71,30,0,41,14,27,20,20,0
"E01011331",2011,"Leeds 058A","Total",1018,152,30,0,30,122,60,57,5,0,262,175,142,12,18,3,73,14,175,102,53,8,12,69,21,21,0,48,48,0,79,31,48,41,7,117,15,42,21,30,0,9,0,144,7,12,66,59,0,20,11,9,0,0,0
"E01011332",2011,"Leeds 046D","Total",1112,85,14,0,14,71,38,25,4,4,179,121,95,21,5,0,35,23,120,65,37,16,2,101,20,20,0,81,81,0,130,67,63,58,5,223,48,113,13,20,0,24,5,186,25,32,43,86,0,76,40,36,12,12,0
"E01011333",2011,"Leeds 051D","Total",1030,75,28,0,28,47,11,33,0,3,194,116,86,22,4,4,46,32,97,57,28,0,12,115,14,14,0,101,101,0,159,65,94,78,16,171,27,65,26,34,0,13,6,172,18,19,81,54,0,39,25,14,8,8,0
"E01011334",2011,"Leeds 058B","Total",1130,99,16,0,16,83,38,39,3,3,258,152,125,14,8,5,68,38,148,82,49,12,5,86,16,16,0,70,70,0,115,50,65,48,17,196,47,77,34,32,0,6,0,146,27,13,65,41,0,57,14,43,25,25,0
"E01011335",2011,"Leeds 052C","Total",1442,153,36,0,36,117,46,69,2,0,337,228,181,36,9,2,78,31,183,100,55,16,12,166,45,45,0,121,121,0,146,76,70,65,5,218,52,84,20,44,0,13,5,181,37,10,79,55,0,45,20,25,13,13,0
"E01011336",2011,"Leeds 058C","Total",1177,54,13,0,13,41,28,13,0,0,180,89,64,15,5,5,63,28,159,108,29,9,13,98,17,17,0,81,81,0,148,72,76,71,5,226,49,104,23,38,0,12,0,231,9,26,125,65,6,70,38,32,11,11,0
"E01011337",2011,"Leeds 058D","Total",1315,68,9,0,9,59,41,17,1,0,119,55,43,12,0,0,36,28,125,80,33,12,0,102,11,11,0,91,91,0,100,57,43,32,11,294,82,104,41,48,0,14,5,323,17,55,142,109,0,159,88,71,25,25,0
"E01011338",2011,"Leeds 064A","Total",1469,38,2,0,2,36,34,0,0,2,160,104,93,6,3,2,36,20,122,58,31,26,7,71,18,18,0,53,53,0,137,73,64,62,2,306,73,154,33,32,0,14,0,284,36,31,25,192,0,220,138,82,131,131,0
"E01011339",2011,"Leeds 060A","Total",1483,66,16,0,16,50,25,15,10,0,239,167,149,6,12,0,42,30,167,83,46,31,7,139,17,17,0,122,122,0,125,72,53,53,0,296,67,154,23,38,1,7,6,288,15,33,105,135,0,127,83,44,36,36,0
"E01011340",2011,"Leeds 060B","Total",1339,37,2,0,2,35,13,17,5,0,216,150,140,2,5,3,52,14,115,65,30,20,0,78,8,8,0,70,70,0,115,60,55,51,4,291,86,154,11,14,4,13,9,277,19,19,91,145,3,165,94,71,45,45,0
"E01011341",2011,"Leeds 061A","Total",1218,80,18,0,18,62,29,21,9,3,211,133,110,11,12,0,46,32,190,104,53,17,16,159,21,21,0,138,138,0,109,57,52,51,1,185,36,86,32,12,0,16,3,207,16,9,94,88,0,60,33,27,17,17,0
"E01011342",2011,"Leeds 060C","Total",1246,32,8,0,8,24,18,6,0,0,158,97,88,9,0,0,32,29,102,50,46,4,2,116,15,15,0,101,101,0,84,58,26,20,6,280,88,134,15,34,0,2,7,284,29,25,52,178,0,152,112,40,38,38,0
"E01011343",2011,"Leeds 061B","Total",1399,113,22,0,22,91,32,51,8,0,278,162,147,6,7,2,81,35,169,78,60,25,6,164,22,22,0,142,142,0,102,56,46,46,0,245,37,112,38,38,1,10,9,229,18,22,86,101,2,86,54,32,13,13,0
"E01011344",2011,"Leeds 065A","Total",1632,65,15,0,15,50,26,20,4,0,231,155,129,19,5,2,42,34,149,55,53,39,2,123,55,55,0,68,68,0,121,83,38,37,1,311,76,158,28,29,0,12,8,320,49,40,65,166,0,256,170,86,56,56,0
"E01011345",2011,"Leeds 061C","Total",1165,85,13,0,13,72,39,30,2,1,185,113,96,9,8,0,48,24,161,69,51,34,7,97,18,18,0,79,79,0,108,74,34,28,6,193,47,86,18,21,0,6,15,218,37,17,84,80,0,98,74,24,20,20,0
"E01011346",2011,"Leeds 060D","Total",1449,97,30,0,30,67,45,18,4,0,174,100,94,2,2,2,58,16,161,82,59,16,4,148,27,27,0,121,118,3,111,58,53,50,3,255,99,91,10,35,1,19,0,282,31,26,90,135,0,175,95,80,46,46,0
"E01011347",2011,"Leeds 065B","Total",1535,49,14,0,14,35,11,15,9,0,197,131,99,21,8,3,33,33,186,103,54,26,3,100,24,24,0,76,76,0,97,65,32,32,0,295,70,162,18,26,0,19,0,323,31,47,75,170,0,241,137,104,47,47,0
"E01011348",2011,"Leeds 065C","Total",1442,32,11,0,11,21,10,5,6,0,145,79,79,0,0,0,39,27,138,77,38,23,0,113,38,38,0,75,75,0,131,86,45,37,8,295,56,176,17,43,0,3,0,333,30,47,70,186,0,187,139,48,68,64,4
"E01011349",2011,"Leeds 065D","Total",1392,47,6,0,6,41,18,20,3,0,171,115,99,6,7,3,35,21,172,75,59,38,0,102,16,16,0,86,86,0,118,77,41,31,10,246,61,114,12,42,1,12,4,318,27,25,75,191,0,168,99,69,50,50,0
"E01011350",2011,"Leeds 034A","Total",1371,375,61,0,61,314,181,110,18,5,432,308,253,24,17,14,92,32,121,78,40,3,0,183,63,59,4,120,120,0,84,49,35,34,1,80,11,40,8,7,0,10,4,70,7,10,20,33,0,11,4,7,15,15,0
"E01011351",2011,"Leeds 034B","Total",1429,517,59,0,59,458,307,109,38,4,518,383,293,55,32,3,91,44,96,46,44,6,0,106,23,22,1,83,81,2,37,22,15,15,0,91,25,41,1,12,0,5,7,35,4,3,19,9,0,22,10,12,7,6,1
"E01011352",2011,"Leeds 034C","Total",1520,428,49,0,49,379,225,129,23,2,550,417,326,52,38,1,89,44,152,90,42,16,4,91,20,20,0,71,71,0,57,46,11,11,0,103,17,63,8,7,0,8,0,73,11,11,20,31,0,40,15,25,26,26,0
"E01011353",2011,"Leeds 034D","Total",1662,494,81,0,81,413,253,127,29,4,596,420,324,56,37,3,112,64,164,97,52,11,4,130,37,37,0,93,93,0,61,32,29,24,5,120,36,55,9,14,0,0,6,60,4,7,26,23,0,16,13,3,21,21,0
"E01011354",2011,"Leeds 038A","Total",1263,58,12,0,12,46,35,11,0,0,201,130,115,10,4,1,39,32,145,68,51,20,6,73,13,13,0,60,60,0,104,83,21,20,1,265,74,141,15,7,0,21,7,214,23,16,49,126,0,165,92,73,38,38,0
"E01011355",2011,"Leeds 038B","Total",1189,99,24,0,24,75,48,16,6,5,247,177,146,21,10,0,50,20,152,84,41,24,3,82,19,19,0,63,61,2,71,39,32,30,2,241,39,129,23,23,0,16,11,187,23,11,59,92,2,79,49,30,31,31,0
"E01011356",2011,"Leeds 042A","Total",1682,314,46,0,46,268,169,75,22,2,471,356,277,40,36,3,65,50,180,91,60,15,14,204,29,29,0,175,175,0,95,30,65,61,4,172,41,73,6,18,1,28,5,124,3,13,41,67,0,83,40,43,39,39,0
"E01011357",2011,"Leeds 038C","Total",1693,112,27,0,27,85,54,25,6,0,264,196,150,7,38,1,46,22,179,86,70,18,5,174,42,42,0,132,132,0,95,54,41,40,1,329,55,206,16,27,0,14,11,219,39,16,49,115,0,261,145,116,60,60,0
"E01011358",2011,"Leeds 042B","Total",1178,66,6,0,6,60,47,11,0,2,206,165,149,3,10,3,26,15,136,56,60,16,4,112,32,32,0,80,80,0,96,62,34,33,1,230,36,130,14,18,0,16,16,202,16,21,46,119,0,95,54,41,35,35,0
"E01011359",2011,"Leeds 042C","Total",1514,235,28,0,28,207,133,67,7,0,394,303,255,20,22,6,54,37,140,69,62,7,2,160,28,28,0,132,132,0,106,41,65,64,1,163,26,109,5,8,0,6,9,138,27,15,34,61,1,114,75,39,64,64,0
"E01011360",2011,"Leeds 042D","Total",1833,70,5,0,5,65,38,23,1,3,260,177,150,6,18,3,46,37,190,76,102,9,3,329,66,66,0,263,263,0,163,91,72,68,4,310,79,113,7,61,3,31,16,226,37,20,52,117,0,208,143,65,77,77,0
"E01011361",2011,"Leeds 042E","Total",2166,103,12,0,12,91,53,29,8,1,305,248,207,8,32,1,41,16,252,110,100,42,0,204,49,49,0,155,155,0,156,97,59,55,4,349,102,197,8,29,0,10,3,287,31,31,26,199,0,332,224,108,178,178,0
"E01011362",2011,"Leeds 081A","Total",1615,127,22,0,22,105,66,39,0,0,310,196,157,27,8,4,79,35,232,135,73,21,3,155,41,41,0,114,114,0,129,64,65,60,5,230,62,98,22,35,0,10,3,281,10,29,86,156,0,123,57,66,28,28,0
"E01011363",2011,"Leeds 071E","Total",1368,54,15,0,15,39,23,14,2,0,152,95,72,1,21,1,33,24,145,60,65,10,10,82,18,18,0,64,64,0,108,58,50,41,9,266,75,121,15,40,0,10,5,324,23,46,79,176,0,199,118,81,38,38,0
"E01011364",2011,"Leeds 085A","Total",1422,84,11,0,11,73,47,14,11,1,191,129,106,12,9,2,39,23,156,64,80,12,0,96,23,23,0,73,73,0,128,87,41,38,3,231,64,97,19,39,1,8,3,280,36,26,82,133,3,192,110,82,64,64,0
"E01011366",2011,"Leeds 082A","Total",1392,41,5,0,5,36,26,9,1,0,185,127,97,16,9,5,43,15,134,65,47,18,4,138,17,17,0,121,121,0,124,65,59,51,8,293,78,144,23,24,0,18,6,301,47,45,64,145,0,134,72,62,42,40,2
"E01011368",2011,"Leeds 082C","Total",1198,39,15,0,15,24,11,10,0,3,128,81,59,15,7,0,28,19,91,45,34,6,6,117,26,26,0,91,91,0,82,63,19,19,0,238,64,126,21,22,0,5,0,250,12,62,67,109,0,212,117,95,41,41,0
"E01011369",2011,"Leeds 090E","Total",1221,62,19,0,19,43,28,12,2,1,174,93,70,11,12,0,47,34,142,78,59,2,3,137,24,24,0,113,113,0,113,81,32,29,3,229,44,99,42,37,0,5,2,279,21,29,107,122,0,64,28,36,21,21,0
"E01011370",2011,"Leeds 082D","Total",1526,100,15,0,15,85,24,47,7,7,214,139,105,23,6,5,54,21,130,59,56,14,1,195,39,39,0,156,156,0,236,149,87,77,10,256,66,94,27,50,0,18,1,235,30,11,86,108,0,135,74,61,25,25,0
"E01011371",2011,"Leeds 085B","Total",1070,37,5,0,5,32,24,8,0,0,80,42,27,13,2,0,19,19,94,47,41,6,0,63,30,30,0,33,33,0,133,65,68,66,2,239,65,126,14,28,0,1,5,241,17,40,62,122,0,145,70,75,38,38,0
"E01011372",2011,"Leeds 086C","Total",1304,31,6,0,6,25,13,10,2,0,109,80,63,13,2,2,23,6,78,34,33,10,1,226,53,53,0,173,173,0,161,79,82,72,10,170,25,106,14,13,0,10,2,280,29,20,52,179,0,202,108,94,47,46,1
"E01011373",2011,"Leeds 085C","Total",1300,26,12,0,12,14,12,2,0,0,140,115,91,13,5,6,17,8,156,79,54,23,0,116,31,31,0,85,85,0,89,54,35,35,0,291,73,122,36,20,0,24,16,282,37,45,64,136,0,155,89,66,45,45,0
"E01011374",2011,"Leeds 085D","Total",1086,41,9,0,9,32,16,11,3,2,137,78,72,6,0,0,48,11,109,59,39,7,4,90,8,8,0,82,80,2,133,79,54,52,2,240,41,113,34,40,2,10,0,212,18,24,66,100,4,103,65,38,21,21,0
"E01011375",2011,"Leeds 086D","Total",1739,35,0,0,0,35,30,5,0,0,156,106,105,0,1,0,37,13,97,70,20,7,0,317,89,89,0,228,228,0,147,107,40,37,3,276,56,110,6,91,0,9,4,347,33,75,68,171,0,295,181,114,69,69,0
"E01011376",2011,"Leeds 013A","Total",1147,335,79,4,75,256,115,113,25,3,406,261,191,51,12,7,79,66,147,80,45,15,7,115,35,34,1,80,80,0,59,19,40,40,0,38,5,15,4,10,0,4,0,17,2,3,5,7,0,16,3,13,14,14,0
"E01011377",2011,"Leeds 013B","Total",956,246,53,0,53,193,88,87,18,0,300,166,129,26,7,4,93,41,143,80,32,15,16,144,36,32,4,108,108,0,42,16,26,22,4,46,10,13,9,6,0,8,0,20,3,0,16,1,0,8,8,0,7,7,0
"E01011378",2011,"Leeds 013C","Total",1188,95,16,0,16,79,38,34,7,0,199,118,94,19,5,0,64,17,170,105,48,9,8,145,40,40,0,105,105,0,94,46,48,48,0,206,46,96,10,24,0,17,13,144,2,7,51,84,0,94,38,56,41,41,0
"E01011379",2011,"Leeds 017A","Total",1159,145,20,0,20,125,55,60,10,0,203,120,90,15,11,4,50,33,103,57,37,7,2,147,38,38,0,109,106,3,128,81,47,42,5,217,66,98,13,15,4,16,5,129,19,12,58,40,0,53,24,29,34,34,0
"E01011380",2011,"Leeds 016A","Total",1149,446,92,0,92,354,183,82,89,0,358,213,139,32,25,17,121,24,87,59,15,12,1,125,66,66,0,59,59,0,29,15,14,14,0,39,14,15,0,5,0,3,2,31,6,5,7,13,0,19,5,14,15,15,0
"E01011381",2011,"Leeds 016B","Total",1018,264,57,0,57,207,102,65,37,3,311,195,145,23,19,8,91,25,110,67,36,6,1,145,54,51,3,91,89,2,36,12,24,24,0,57,16,8,8,8,0,14,3,39,2,5,23,9,0,5,2,3,51,51,0
"E01011382",2011,"Leeds 013D","Total",1092,210,48,0,48,162,73,76,13,0,318,192,135,34,17,6,91,35,161,88,43,20,10,126,47,47,0,79,79,0,109,44,65,60,5,103,17,33,9,25,0,14,5,50,2,2,36,9,1,9,1,8,6,6,0
"E01011383",2011,"Leeds 019A","Total",1180,255,57,0,57,198,117,61,20,0,318,193,152,24,12,5,105,20,118,77,31,10,0,146,39,39,0,107,103,4,79,38,41,33,8,136,39,80,2,8,0,6,1,61,1,2,24,32,2,37,17,20,30,30,0
"E01011384",2011,"Leeds 017B","Total",1192,223,41,0,41,182,106,67,9,0,323,205,166,13,11,15,61,57,121,68,39,8,6,160,44,44,0,116,116,0,84,46,38,36,2,139,37,61,0,20,0,12,9,90,7,9,36,38,0,36,33,3,16,16,0
"E01011385",2011,"Leeds 016C","Total",949,358,66,0,66,292,157,55,76,4,261,162,122,23,10,7,71,28,79,47,25,7,0,102,42,42,0,60,60,0,51,32,19,19,0,46,9,25,0,6,1,5,0,30,2,1,14,12,1,17,10,7,5,5,0
"E01011386",2011,"Leeds 016D","Total",1122,441,61,0,61,380,195,107,62,16,286,178,129,33,11,5,92,16,74,52,13,4,5,153,78,78,0,75,75,0,31,16,15,13,2,67,7,34,0,11,0,11,4,30,6,1,13,10,0,23,12,11,17,17,0
"E01011388",2011,"Leeds 019B","Total",1091,221,52,0,52,169,96,52,14,7,291,172,122,25,17,8,79,40,130,96,26,2,6,143,40,34,6,103,103,0,61,36,25,25,0,109,10,51,13,13,0,12,10,63,3,8,33,19,0,39,24,15,34,34,0
"E01011390",2011,"Leeds 087A","Total",1143,112,38,0,38,74,31,35,8,0,198,111,75,23,11,2,51,36,131,54,36,19,22,136,10,10,0,126,125,1,147,89,58,55,3,204,46,59,25,53,0,16,5,178,15,14,73,76,0,31,14,17,6,6,0
"E01011391",2011,"Leeds 087B","Total",1115,91,37,0,37,54,27,27,0,0,274,171,124,30,13,4,64,39,107,57,26,14,10,202,81,79,2,121,121,0,118,57,61,56,5,140,30,63,15,17,0,15,0,140,8,5,55,72,0,26,13,13,17,17,0
"E01011392",2011,"Leeds 087C","Total",1082,130,45,0,45,85,45,38,2,0,241,166,117,38,9,2,44,31,130,55,52,10,13,141,43,39,4,98,98,0,130,54,76,59,17,146,40,63,10,10,0,8,15,127,12,6,58,50,1,32,16,16,5,5,0
"E01011393",2011,"Leeds 103C","Total",1424,272,87,0,87,185,76,91,16,2,411,217,153,43,12,9,137,57,155,89,57,5,4,176,43,43,0,133,133,0,146,69,77,68,9,146,29,48,16,24,0,24,5,95,13,6,37,39,0,15,8,7,8,8,0
"E01011394",2011,"Leeds 103D","Total",954,151,26,0,26,125,59,52,11,3,259,143,123,6,14,0,69,47,121,60,33,3,25,122,32,32,0,90,87,3,87,25,62,62,0,93,12,47,5,16,2,7,4,107,0,5,57,45,0,9,3,6,5,5,0
"E01011395",2011,"Leeds 103E","Total",1100,196,48,0,48,148,49,80,15,4,338,219,177,30,12,0,97,22,106,47,48,6,5,107,26,26,0,81,75,6,111,59,52,51,1,100,19,40,4,18,0,16,3,103,10,9,49,35,0,24,14,10,15,15,0
"E01011396",2011,"Leeds 074A","Total",1490,182,45,2,43,137,54,60,18,5,411,266,207,44,6,9,87,58,180,86,61,28,5,137,53,53,0,84,84,0,124,53,71,68,3,148,45,69,4,14,3,8,5,171,22,8,92,49,0,35,9,26,102,102,0
"E01011397",2011,"Leeds 077A","Total",1253,171,32,0,32,139,48,70,15,6,354,179,127,42,5,5,109,66,223,128,62,19,14,125,36,36,0,89,89,0,136,46,90,84,6,104,32,41,13,12,0,2,4,124,7,5,80,32,0,6,5,1,10,10,0
"E01011398",2011,"Leeds 077B","Total",1098,212,85,0,85,127,56,66,2,3,298,168,123,28,17,0,99,31,172,82,41,15,34,114,29,29,0,85,81,4,98,41,57,56,1,97,20,41,17,8,2,9,0,99,8,4,57,30,0,3,0,3,5,5,0
"E01011399",2011,"Leeds 074B","Total",1163,154,38,0,38,116,53,51,8,4,284,155,130,14,11,0,74,55,146,69,66,3,8,174,49,49,0,125,121,4,145,52,93,83,10,119,21,42,11,28,0,11,6,112,11,3,59,39,0,17,9,8,12,12,0
"E01011400",2011,"Leeds 074C","Total",1106,117,14,0,14,103,36,52,11,4,297,195,175,12,5,3,66,36,169,98,43,17,11,118,31,31,0,87,87,0,98,47,51,48,3,133,43,65,8,6,4,7,0,146,14,17,54,61,0,14,0,14,14,12,2
"E01011401",2011,"Leeds 077C","Total",1200,230,63,0,63,167,87,66,4,10,368,220,174,31,8,7,105,43,167,87,57,23,0,119,37,37,0,82,78,4,111,64,47,45,2,108,32,31,7,19,2,16,1,82,2,7,45,28,0,6,5,1,9,9,0
"E01011402",2011,"Leeds 087D","Total",1203,184,77,0,77,107,60,42,3,2,308,180,149,25,6,0,92,36,146,94,36,13,3,189,54,46,8,135,125,10,133,34,99,96,3,139,35,49,16,21,0,10,8,91,10,3,53,22,3,9,4,5,4,4,0
"E01011403",2011,"Leeds 074D","Total",881,177,59,0,59,118,57,54,7,0,254,161,107,40,12,2,65,28,106,57,31,10,8,93,24,24,0,69,69,0,77,37,40,33,7,75,11,37,6,12,0,4,5,63,3,4,34,22,0,17,12,5,19,19,0
"E01011404",2011,"Leeds 077D","Total",1092,204,57,0,57,147,58,71,11,7,290,130,97,26,7,0,85,75,142,72,43,16,11,136,35,35,0,101,101,0,97,35,62,54,8,86,15,25,11,21,0,5,9,118,5,11,67,35,0,10,10,0,9,9,0
"E01011405",2011,"Leeds 077E","Total",931,185,66,0,66,119,73,41,5,0,237,123,107,13,3,0,74,40,120,60,36,9,15,139,29,29,0,110,110,0,90,51,39,39,0,80,15,23,11,21,0,8,2,71,22,0,32,17,0,1,1,0,8,8,0
"E01011406",2011,"Leeds 057A","Total",1070,145,38,0,38,107,55,42,2,8,290,171,140,11,6,14,81,38,151,90,41,16,4,156,44,44,0,112,112,0,97,54,43,41,2,117,25,58,12,13,0,4,5,107,17,6,47,37,0,7,0,7,0,0,0
"E01011407",2011,"Leeds 057B","Total",1122,71,20,0,20,51,30,20,1,0,251,145,114,19,2,10,77,29,168,100,60,7,1,158,22,22,0,136,136,0,133,56,77,77,0,192,58,52,35,24,0,16,7,107,3,6,55,39,4,35,6,29,7,7,0
"E01011408",2011,"Leeds 057C","Total",881,143,36,0,36,107,41,56,8,2,227,118,84,25,9,0,83,26,144,104,30,6,4,80,19,19,0,61,61,0,91,51,40,40,0,110,34,44,5,17,0,6,4,77,7,12,39,19,0,8,4,4,1,1,0
"E01011409",2011,"Leeds 057D","Total",1142,171,50,0,50,121,60,53,6,2,329,221,176,21,11,13,62,46,152,85,47,9,11,148,30,30,0,118,118,0,108,63,45,39,6,119,28,43,29,7,0,8,4,82,5,14,37,26,0,22,11,11,11,11,0
"E01011410",2011,"Leeds 057E","Total",965,134,35,0,35,99,50,47,2,0,254,133,103,16,7,7,75,46,124,77,27,8,12,126,8,7,1,118,118,0,103,62,41,39,2,123,33,42,11,20,0,10,7,79,8,1,53,17,0,9,4,5,13,13,0
"E01011411",2011,"Leeds 073A","Total",1319,223,65,0,65,158,76,69,13,0,408,243,172,39,28,4,123,42,181,80,57,32,12,169,41,41,0,128,128,0,125,52,73,67,6,108,16,35,8,17,0,17,15,75,0,4,43,28,0,3,1,2,27,27,0
"E01011412",2011,"Leeds 057F","Total",950,120,31,0,31,89,53,33,3,0,293,170,126,31,13,0,82,41,112,69,26,14,3,118,29,29,0,89,89,0,94,41,53,49,4,94,10,35,16,31,0,2,0,109,1,0,60,48,0,3,0,3,7,7,0
"E01011413",2011,"Leeds 069A","Total",1309,229,83,0,83,146,86,54,6,0,383,236,182,31,17,6,107,40,182,106,57,8,11,104,21,21,0,83,83,0,166,69,97,94,3,114,13,40,28,20,0,11,2,103,5,16,67,15,0,24,3,21,4,4,0
"E01011414",2011,"Leeds 073B","Total",1182,202,57,0,57,145,82,47,16,0,362,227,157,49,21,0,98,37,127,70,36,11,10,144,31,31,0,113,113,0,138,57,81,77,4,87,18,27,16,13,0,13,0,91,0,3,56,30,2,19,1,18,12,12,0
"E01011415",2011,"Leeds 069B","Total",1295,135,28,0,28,107,66,37,2,2,342,214,169,27,10,8,77,51,194,131,44,11,8,156,36,36,0,120,120,0,164,72,92,77,15,137,17,71,22,18,0,9,0,130,8,12,72,37,1,31,14,17,6,6,0
"E01011416",2011,"Leeds 069C","Total",1228,132,42,0,42,90,53,29,7,1,373,217,174,33,8,2,118,38,133,52,52,13,16,194,50,50,0,144,143,1,101,41,60,54,6,128,29,41,28,19,0,4,7,135,8,6,67,54,0,16,5,11,16,16,0
"E01011417",2011,"Leeds 069D","Total",1011,102,16,0,16,86,44,37,3,2,243,118,94,12,9,3,93,32,154,62,62,10,20,160,20,20,0,140,140,0,98,38,60,49,11,122,18,50,19,18,0,15,2,114,2,10,62,40,0,13,0,13,5,5,0
"E01011418",2011,"Leeds 073C","Total",1275,257,66,0,66,191,81,91,7,12,384,207,152,27,14,14,134,43,161,107,35,1,18,152,43,43,0,109,109,0,116,52,64,63,1,121,34,45,7,22,0,13,0,71,8,0,41,22,0,3,0,3,10,10,0
"E01011419",2011,"Leeds 073D","Total",965,193,67,0,67,126,67,55,2,2,304,166,102,45,19,0,100,38,123,74,22,10,17,141,52,52,0,89,89,0,70,34,36,33,3,46,10,17,6,5,0,8,0,79,3,9,51,16,0,0,0,0,9,9,0
"E01011420",2011,"Leeds 069E","Total",786,116,28,0,28,88,35,49,4,0,222,121,83,17,6,15,65,36,124,83,28,7,6,107,42,42,0,65,65,0,64,31,33,30,3,52,11,14,4,10,0,13,0,88,0,6,66,16,0,11,0,11,2,2,0
"E01011421",2011,"Leeds 040A","Total",1208,77,3,0,3,74,44,25,0,5,180,123,110,6,3,4,31,26,143,73,38,24,8,207,59,59,0,148,148,0,68,39,29,25,4,246,72,100,18,41,0,2,13,209,23,42,76,68,0,55,30,25,23,23,0
"E01011422",2011,"Leeds 048A","Total",1357,63,5,0,5,58,41,13,0,4,207,166,140,6,17,3,22,19,81,44,31,3,3,307,97,97,0,210,210,0,134,54,80,76,4,185,37,106,9,27,0,6,0,158,32,30,27,67,2,179,132,47,43,43,0
"E01011423",2011,"Leeds 047A","Total",1404,79,22,0,22,57,17,26,14,0,190,129,96,21,9,3,26,35,146,66,58,15,7,185,62,62,0,123,117,6,101,61,40,36,4,246,47,119,25,26,4,17,8,266,26,26,68,144,2,166,117,49,25,25,0
"E01011424",2011,"Leeds 047B","Total",1465,79,11,0,11,68,49,15,4,0,191,134,119,4,11,0,48,9,119,40,60,19,0,245,69,69,0,176,176,0,111,60,51,44,7,244,46,144,12,15,0,27,0,259,26,30,99,104,0,175,117,58,42,42,0
"E01011425",2011,"Leeds 040B","Total",1317,210,50,0,50,160,74,67,16,3,323,220,179,17,21,3,71,32,136,81,25,21,9,203,36,36,0,167,167,0,97,42,55,48,7,168,33,88,8,23,0,14,2,144,17,10,48,69,0,19,13,6,17,17,0
"E01011426",2011,"Leeds 048B","Total",1539,79,7,0,7,72,44,18,6,4,139,91,78,8,5,0,41,7,133,78,44,11,0,273,99,99,0,174,174,0,229,98,131,127,4,210,58,109,1,18,0,24,0,187,88,14,21,64,0,207,126,81,82,82,0
"E01011427",2011,"Leeds 047C","Total",1606,58,7,0,7,51,43,5,3,0,126,65,61,0,4,0,39,22,84,22,30,32,0,322,53,53,0,269,269,0,159,82,77,77,0,295,79,160,18,17,0,13,8,268,37,41,52,138,0,231,161,70,63,63,0
"E01011428",2011,"Leeds 048C","Total",1714,62,9,0,9,53,32,14,7,0,170,116,96,8,12,0,37,17,102,48,35,7,12,420,79,79,0,341,341,0,151,75,76,75,1,313,90,119,19,71,0,7,7,261,56,50,30,125,0,183,131,52,52,52,0
"E01011429",2011,"Leeds 048D","Total",1825,66,11,0,11,55,39,4,10,2,225,164,124,3,28,9,31,30,144,79,51,14,0,246,72,72,0,174,174,0,148,76,72,72,0,360,105,175,31,23,1,17,8,222,53,36,29,104,0,342,235,107,72,72,0
"E01011430",2011,"Leeds 053A","Total",1399,48,0,0,0,48,35,13,0,0,72,32,32,0,0,0,31,9,117,52,63,2,0,368,92,92,0,276,276,0,102,41,61,57,4,242,76,106,5,47,0,8,0,151,8,17,48,78,0,221,181,40,78,77,1
"E01011431",2011,"Leeds 047D","Total",1659,51,5,0,5,46,22,24,0,0,197,140,127,11,2,0,23,34,192,76,94,17,5,98,13,13,0,85,85,0,141,69,72,72,0,318,79,169,29,11,0,22,8,367,29,19,84,235,0,260,172,88,35,35,0
"E01011432",2011,"Leeds 053B","Total",1434,91,20,0,20,71,45,22,4,0,151,97,83,14,0,0,38,16,101,57,27,9,8,331,102,102,0,229,229,0,120,59,61,58,3,184,50,93,10,26,0,5,0,223,44,33,49,95,2,192,128,64,41,40,1
"E01011433",2011,"Leeds 053C","Total",1468,40,4,0,4,36,13,16,7,0,162,124,103,14,7,0,26,12,46,28,16,2,0,206,50,50,0,156,156,0,114,60,54,54,0,283,44,171,25,33,0,9,1,316,40,52,68,155,1,227,189,38,74,74,0
"E01011434",2011,"Leeds 053D","Total",1312,50,4,0,4,46,19,21,5,1,134,117,103,3,9,2,14,3,116,78,34,4,0,165,22,22,0,143,143,0,105,51,54,44,10,228,60,74,13,59,0,13,9,249,19,67,47,116,0,194,115,79,71,71,0
"E01011435",2011,"Leeds 044A","Total",1736,85,0,0,0,85,69,13,0,3,221,160,129,10,21,0,47,14,84,43,34,7,0,44,11,11,0,33,33,0,36,30,6,6,0,73,16,36,3,3,0,3,12,52,28,2,15,7,0,25,6,19,1116,1116,0
"E01011440",2011,"Leeds 044D","Total",1512,171,27,0,27,144,95,35,13,1,214,165,111,23,31,0,38,11,94,65,26,2,1,38,4,4,0,34,34,0,27,22,5,5,0,65,35,16,2,4,0,8,0,39,24,0,4,11,0,27,6,21,837,837,0
"E01011441",2011,"Leeds 044E","Total",1809,145,12,0,12,133,98,32,3,0,227,174,137,13,23,1,28,25,166,76,40,49,1,63,21,21,0,42,42,0,49,36,13,13,0,123,49,24,16,20,0,7,7,105,38,9,22,35,1,59,24,35,872,869,3
"E01011442",2011,"Leeds 110A","Total",1557,92,0,0,0,92,69,16,7,0,185,126,96,22,8,0,41,18,84,38,24,22,0,50,3,3,0,47,47,0,60,33,27,27,0,91,24,48,2,8,0,2,7,59,34,2,3,19,1,52,30,22,884,884,0
"E01011443",2011,"Leeds 110B","Total",1313,118,16,0,16,102,65,19,16,2,159,134,83,8,30,13,6,19,89,46,23,18,2,32,9,9,0,23,23,0,28,19,9,9,0,46,13,21,0,4,1,5,2,37,10,1,18,8,0,40,26,14,764,764,0
"E01011444",2011,"Leeds 110C","Total",1797,55,5,0,5,50,38,10,2,0,121,100,52,15,31,2,16,5,67,37,22,8,0,44,4,4,0,40,40,0,45,38,7,7,0,100,43,32,3,14,1,3,4,41,25,0,9,7,0,66,38,28,1258,1258,0
"E01011445",2011,"Leeds 054A","Total",1663,24,1,0,1,23,14,6,3,0,88,76,62,11,3,0,7,5,59,21,22,16,0,44,12,12,0,32,32,0,37,21,16,16,0,91,22,45,3,3,0,8,10,37,25,0,11,1,0,14,11,3,1269,1269,0
"E01011446",2011,"Leeds 054B","Total",1528,68,3,0,3,65,22,35,8,0,143,92,67,25,0,0,28,23,84,60,19,0,5,66,11,11,0,55,55,0,58,46,12,9,3,100,31,51,0,10,0,6,2,52,26,4,4,18,0,36,22,14,921,921,0
"E01011447",2011,"Leeds 054C","Total",1296,56,3,0,3,53,37,10,6,0,128,99,71,3,25,0,25,4,100,58,34,6,2,36,2,2,0,34,34,0,64,47,17,17,0,85,36,28,9,6,0,6,0,88,57,1,6,21,3,37,22,15,702,702,0
"E01011448",2011,"Leeds 054D","Total",1504,43,2,0,2,41,28,5,8,0,68,49,35,4,10,0,3,16,88,30,46,12,0,109,29,29,0,80,80,0,54,43,11,11,0,110,32,51,5,14,0,8,0,57,22,6,3,23,3,66,45,21,909,909,0
"E01011449",2011,"Leeds 054E","Total",1327,83,7,0,7,76,40,28,6,2,182,128,107,8,12,1,32,22,108,76,29,3,0,73,18,18,0,55,55,0,46,28,18,15,3,141,72,46,7,10,0,6,0,99,34,21,18,21,5,80,61,19,515,515,0
"E01011450",2011,"Leeds 038D","Total",1052,184,7,0,7,177,129,34,11,3,181,136,110,16,7,3,39,6,99,35,51,7,6,72,17,17,0,55,55,0,71,31,40,40,0,133,45,55,3,20,0,5,5,163,38,11,50,63,1,84,59,25,65,64,1
"E01011451",2011,"Leeds 110D","Total",857,204,19,0,19,185,138,31,16,0,232,172,131,21,16,4,46,14,84,39,31,9,5,41,16,16,0,25,25,0,12,10,2,2,0,38,20,8,3,0,0,3,4,16,1,0,2,13,0,23,10,13,207,207,0
"E01011452",2011,"Leeds 027A","Total",1245,415,85,0,85,330,157,120,37,16,420,304,236,31,33,4,75,41,132,62,42,20,8,117,48,48,0,69,65,4,77,30,47,47,0,52,14,26,5,0,0,5,2,28,8,6,11,3,0,3,0,3,1,1,0
"E01011453",2011,"Leeds 028A","Total",1162,298,59,0,59,239,136,88,13,2,412,281,212,45,19,5,105,26,130,94,23,3,10,147,38,38,0,109,109,0,44,19,25,25,0,58,8,26,3,7,0,11,3,51,0,7,33,11,0,6,2,4,16,16,0
"E01011454",2011,"Leeds 027B","Total",1273,322,61,0,61,261,162,83,16,0,494,357,311,32,13,1,92,45,137,77,47,7,6,128,34,34,0,94,90,4,74,49,25,21,4,63,12,30,3,7,0,8,3,31,4,7,16,4,0,13,4,9,11,11,0
"E01011455",2011,"Leeds 021A","Total",881,248,56,0,56,192,89,54,49,0,273,151,100,24,18,9,85,37,103,58,28,8,9,148,61,61,0,87,84,3,25,5,20,20,0,44,16,19,5,3,0,0,1,35,6,4,25,0,0,3,0,3,2,2,0
"E01011456",2011,"Leeds 021B","Total",1311,402,82,4,78,320,161,125,26,8,351,198,134,28,28,8,99,54,139,70,48,6,15,154,72,72,0,82,82,0,93,38,55,51,4,51,8,18,1,6,0,13,5,27,0,0,8,19,0,16,8,8,78,78,0
"E01011457",2011,"Leeds 027C","Total",1174,375,72,4,68,303,126,81,87,9,434,248,159,44,36,9,160,26,83,56,17,5,5,169,94,91,3,75,75,0,42,20,22,22,0,27,3,14,3,3,0,3,1,28,1,3,16,8,0,3,1,2,13,13,0
"E01011458",2011,"Leeds 027D","Total",1108,323,91,4,87,232,113,68,40,11,391,236,161,37,30,8,119,36,88,41,31,6,10,172,57,57,0,115,115,0,53,26,27,22,5,37,16,7,0,8,0,6,0,30,0,5,13,12,0,2,2,0,12,12,0
"E01011459",2011,"Leeds 021C","Total",1178,321,67,0,67,254,137,101,15,1,364,253,194,29,25,5,77,34,92,55,28,6,3,127,42,42,0,85,85,0,79,51,28,28,0,72,9,32,10,8,0,13,0,66,10,7,43,6,0,26,18,8,31,31,0
"E01011460",2011,"Leeds 028B","Total",1191,275,32,0,32,243,137,81,19,6,355,244,169,44,26,5,82,29,142,94,30,16,2,143,29,29,0,114,113,1,59,35,24,20,4,105,36,30,16,6,6,11,0,75,7,18,26,22,2,24,8,16,13,13,0
"E01011461",2011,"Leeds 021D","Total",1150,386,110,0,110,276,110,117,39,10,358,211,179,18,7,7,126,21,101,58,20,9,14,137,47,43,4,90,87,3,75,24,51,51,0,55,15,17,4,0,0,2,17,20,2,4,0,10,4,5,1,4,13,13,0
"E01011462",2011,"Leeds 028C","Total",1365,209,33,0,33,176,96,61,18,1,360,231,187,18,20,6,86,43,134,75,41,10,8,139,27,24,3,112,112,0,101,36,65,54,11,161,42,82,16,4,0,8,9,161,20,15,72,54,0,75,20,55,25,25,0
"E01011463",2011,"Leeds 028D","Total",1261,166,21,0,21,145,68,51,14,12,285,174,156,12,6,0,62,49,135,80,37,15,3,153,25,25,0,128,125,3,118,64,54,46,8,190,51,85,17,22,0,7,8,138,11,13,48,66,0,63,34,29,13,13,0
"E01011464",2011,"Leeds 028E","Total",1463,340,67,0,67,273,158,90,19,6,451,331,274,43,10,4,89,31,190,98,52,21,19,147,25,23,2,122,116,6,81,26,55,53,2,101,17,54,3,18,0,6,3,100,19,8,57,16,0,11,5,6,42,42,0
"E01011465",2011,"Leeds 027E","Total",1154,287,59,0,59,228,131,78,16,3,320,217,144,38,29,6,60,43,134,89,32,9,4,121,34,34,0,87,87,0,71,23,48,39,9,106,18,45,11,13,3,12,4,74,10,5,44,15,0,34,21,13,7,7,0
"E01011466",2011,"Leeds 094A","Total",1151,57,30,0,30,27,26,1,0,0,153,81,61,16,1,3,53,19,145,73,49,4,19,132,24,24,0,108,108,0,104,55,49,45,4,240,64,101,26,27,0,6,16,241,26,21,87,107,0,60,24,36,19,19,0
"E01011467",2011,"Leeds 112A","Total",1234,136,13,0,13,123,67,50,3,3,252,164,129,25,1,9,56,32,122,53,49,8,12,61,19,19,0,42,42,0,122,79,43,35,8,200,55,74,17,32,0,17,5,193,15,24,60,94,0,127,73,54,21,21,0
"E01011468",2011,"Leeds 112B","Total",1218,27,12,0,12,15,8,7,0,0,129,85,79,5,0,1,27,17,90,41,28,15,6,102,20,20,0,82,82,0,93,64,29,25,4,262,67,116,37,25,2,9,6,305,12,25,98,170,0,182,116,66,28,28,0
"E01011469",2011,"Leeds 094B","Total",1230,99,35,0,35,64,20,39,5,0,228,125,104,16,1,4,72,31,171,99,55,8,9,158,48,48,0,110,110,0,145,58,87,78,9,168,50,55,13,30,1,12,7,211,3,6,103,99,0,37,21,16,13,13,0
"E01011470",2011,"Leeds 112C","Total",1063,43,15,0,15,28,6,15,7,0,179,106,89,15,2,0,56,17,135,90,26,7,12,86,18,18,0,68,68,0,133,59,74,61,13,161,42,53,23,32,0,11,0,234,18,32,98,83,3,62,23,39,30,30,0
"E01011471",2011,"Leeds 092A","Total",1190,57,21,0,21,36,14,16,6,0,151,76,65,11,0,0,59,16,118,57,38,10,13,67,20,20,0,47,47,0,106,71,35,22,13,233,76,90,25,23,0,18,1,288,28,44,86,130,0,153,98,55,17,17,0
"E01011472",2011,"Leeds 092B","Total",1265,30,6,0,6,24,19,5,0,0,127,61,43,16,2,0,49,17,168,92,60,3,13,73,22,22,0,51,51,0,115,61,54,40,14,262,66,108,22,53,0,6,7,305,34,36,128,107,0,160,86,74,25,25,0
"E01011473",2011,"Leeds 092C","Total",1361,22,0,0,0,22,12,10,0,0,99,60,52,7,1,0,25,14,137,63,55,12,7,84,2,2,0,82,82,0,114,74,40,35,5,303,84,128,29,44,0,11,7,329,37,32,87,168,5,213,119,94,60,60,0
"E01011474",2011,"Leeds 092D","Total",1275,44,5,0,5,39,8,21,10,0,149,55,45,1,9,0,75,19,140,87,41,7,5,121,29,29,0,92,92,0,142,109,33,30,3,250,59,122,20,24,0,14,11,254,26,16,97,115,0,146,86,60,29,29,0
"E01011475",2011,"Leeds 094C","Total",1346,53,16,0,16,37,18,19,0,0,150,83,75,7,1,0,35,32,163,105,44,12,2,132,21,21,0,111,111,0,104,49,55,47,8,307,83,140,31,33,0,12,8,290,38,20,88,144,0,118,59,59,29,29,0
"E01011476",2011,"Leeds 094D","Total",1000,31,4,0,4,27,9,18,0,0,121,60,49,11,0,0,43,18,131,60,46,17,8,65,20,20,0,45,45,0,95,54,41,39,2,243,74,98,24,26,0,12,9,220,6,26,98,90,0,78,53,25,16,16,0
"E01011477",2011,"Leeds 045A","Total",1629,190,28,0,28,162,104,44,11,3,284,197,155,23,19,0,53,34,164,102,45,16,1,151,52,52,0,99,99,0,91,56,35,33,2,202,50,90,12,32,0,18,0,180,22,23,44,91,0,152,81,71,215,215,0
"E01011478",2011,"Leeds 056A","Total",1533,173,11,0,11,162,101,38,23,0,345,262,206,30,26,0,57,26,168,108,54,3,3,52,10,10,0,42,42,0,105,82,23,23,0,148,47,67,7,12,0,13,2,121,23,3,61,34,0,71,31,40,350,350,0
"E01011479",2011,"Leeds 056B","Total",1438,113,3,0,3,110,75,35,0,0,230,184,150,7,27,0,33,13,153,91,44,17,1,44,1,1,0,43,43,0,81,57,24,24,0,95,35,38,9,7,0,5,1,58,26,2,19,11,0,52,24,28,612,612,0
"E01011480",2011,"Leeds 045B","Total",1273,185,27,0,27,158,98,52,6,2,306,209,173,25,9,2,52,45,159,90,42,23,4,136,21,21,0,115,115,0,76,30,46,45,1,149,37,65,9,25,0,9,4,88,16,14,34,24,0,20,13,7,154,154,0
"E01011481",2011,"Leeds 056C","Total",1473,106,4,0,4,102,67,32,3,0,226,184,129,16,27,12,32,10,132,61,56,15,0,129,12,12,0,117,117,0,61,47,14,14,0,130,43,59,12,12,0,1,3,118,33,17,30,36,2,113,58,55,458,457,1
"E01011482",2011,"Leeds 056D","Total",1549,204,22,0,22,182,112,63,5,2,374,302,238,51,11,2,40,32,297,167,110,20,0,96,11,11,0,85,85,0,86,68,18,18,0,156,43,61,8,27,0,3,14,139,21,8,42,68,0,66,36,30,131,131,0
"E01011483",2011,"Leeds 056E","Total",1417,100,23,0,23,77,54,21,2,0,162,124,106,6,8,4,27,11,145,80,53,12,0,114,8,8,0,106,106,0,94,60,34,34,0,169,38,82,21,15,0,12,1,125,19,6,33,67,0,181,125,56,327,327,0
"E01011484",2011,"Leeds 033A","Total",1328,114,24,1,23,90,47,35,4,4,157,99,83,11,5,0,38,20,103,42,39,11,11,138,32,32,0,106,105,1,105,55,50,43,7,288,87,150,14,30,0,7,0,254,14,9,62,169,0,138,70,68,31,31,0
"E01011485",2011,"Leeds 033B","Total",1272,145,18,0,18,127,90,31,3,3,295,202,162,29,11,0,71,22,128,70,38,17,3,115,19,19,0,96,96,0,103,42,61,61,0,160,43,60,21,18,0,16,2,164,12,20,43,89,0,122,56,66,40,40,0
"E01011488",2011,"Leeds 045C","Total",1279,212,32,0,32,180,117,52,9,2,375,286,217,54,14,1,56,33,197,129,47,15,6,47,16,16,0,31,31,0,49,33,16,16,0,154,38,77,19,13,0,3,4,102,23,9,22,48,0,62,40,22,81,81,0
"E01011489",2011,"Leeds 045D","Total",1428,192,15,0,15,177,105,61,9,2,367,260,185,41,27,7,68,39,163,85,61,17,0,105,11,11,0,94,94,0,81,35,46,46,0,201,65,84,10,23,0,14,5,163,19,48,32,64,0,70,45,25,86,86,0
"E01011490",2011,"Leeds 099A","Total",2304,267,66,0,66,201,91,102,4,4,547,361,291,58,9,3,111,75,324,164,118,27,15,222,52,52,0,170,170,0,238,102,136,117,19,311,64,102,14,68,13,27,23,298,16,34,140,107,1,63,21,42,34,34,0
"E01011491",2011,"Leeds 101A","Total",1164,36,9,0,9,27,10,10,7,0,100,59,51,8,0,0,28,13,169,85,57,19,8,65,8,8,0,57,57,0,109,58,51,44,7,255,54,119,27,35,0,14,6,307,33,44,109,121,0,93,44,49,30,30,0
"E01011492",2011,"Leeds 101B","Total",1131,28,12,0,12,16,8,8,0,0,114,65,54,11,0,0,26,23,94,59,30,5,0,75,19,15,4,56,56,0,117,77,40,31,9,226,69,95,26,29,0,7,0,215,24,30,37,124,0,195,85,110,67,67,0
"E01011493",2011,"Leeds 101C","Total",1290,30,7,0,7,23,13,6,0,4,128,72,65,3,0,4,38,18,124,86,24,11,3,118,26,26,0,92,92,0,146,91,55,51,4,271,78,96,54,20,0,10,13,341,42,42,107,147,3,92,48,44,40,40,0
"E01011494",2011,"Leeds 101D","Total",1136,50,15,0,15,35,14,21,0,0,157,96,76,15,2,3,38,23,128,37,57,22,12,57,14,14,0,43,43,0,84,47,37,34,3,226,60,82,30,42,0,10,2,316,35,26,109,146,0,87,54,33,31,31,0
"E01011496",2011,"Leeds 100A","Total",1386,281,63,0,63,218,90,99,27,2,387,206,159,28,15,4,111,70,206,125,66,11,4,172,67,67,0,105,103,2,147,82,65,65,0,97,19,32,9,15,0,22,0,81,0,10,56,15,0,9,0,9,6,6,0
"E01011497",2011,"Leeds 101E","Total",1403,58,16,0,16,42,29,13,0,0,161,77,67,9,1,0,69,15,144,69,57,11,7,54,8,8,0,46,43,3,150,103,47,38,9,293,87,82,54,54,0,10,6,368,42,56,119,151,0,158,79,79,17,17,0
"E01011499",2011,"Leeds 105C","Total",2367,311,73,5,68,238,100,119,10,9,607,354,248,71,24,11,182,71,345,158,135,26,26,241,40,40,0,201,191,10,239,133,106,98,8,313,62,106,41,65,0,23,16,254,20,18,137,79,0,50,17,33,7,7,0
"E01011500",2011,"Leeds 105D","Total",1234,132,30,0,30,102,38,53,9,2,327,174,139,25,8,2,91,62,161,94,48,18,1,197,60,57,3,137,137,0,120,64,56,44,12,111,40,49,13,8,0,0,1,156,8,6,81,61,0,26,13,13,4,4,0
"E01011502",2011,"Leeds 099C","Total",1074,36,17,0,17,19,7,7,5,0,153,82,67,10,1,4,41,30,131,80,44,7,0,128,22,22,0,106,106,0,126,84,42,36,6,207,41,90,21,17,0,23,15,243,9,19,110,99,6,32,15,17,18,18,0
"E01011504",2011,"Leeds 032A","Total",1158,76,3,0,3,73,44,24,5,0,253,176,137,13,26,0,45,32,142,59,48,29,6,114,15,15,0,99,99,0,81,52,29,29,0,181,39,101,13,9,0,9,10,162,28,11,58,65,0,96,68,28,53,53,0
"E01011505",2011,"Leeds 025A","Total",1274,235,55,0,55,180,106,52,13,9,303,227,163,23,31,10,63,13,148,95,47,1,5,199,44,44,0,155,155,0,78,27,51,51,0,140,34,69,0,5,0,31,1,100,15,5,47,33,0,42,18,24,29,29,0
"E01011506",2011,"Leeds 025B","Total",1243,312,56,0,56,256,133,79,18,26,285,173,132,13,24,4,65,47,135,80,41,5,9,202,50,50,0,152,152,0,74,48,26,20,6,106,20,45,3,31,0,0,7,82,26,9,19,28,0,36,27,9,11,11,0
"E01011507",2011,"Leeds 025C","Total",1306,283,49,0,49,234,134,71,20,9,399,289,244,20,24,1,64,46,150,83,63,4,0,188,52,52,0,136,134,2,62,28,34,34,0,107,26,47,14,12,0,7,1,95,3,14,60,16,2,19,11,8,3,3,0
"E01011508",2011,"Leeds 024A","Total",1302,409,63,0,63,346,199,99,42,6,407,283,198,57,17,11,95,29,111,59,43,9,0,175,50,50,0,125,125,0,62,31,31,31,0,60,24,17,3,2,0,14,0,60,10,21,19,10,0,4,0,4,14,14,0
"E01011509",2011,"Leeds 023A","Total",997,284,45,0,45,239,134,73,28,4,281,182,125,32,19,6,68,31,69,39,16,7,7,137,52,52,0,85,85,0,60,41,19,19,0,59,18,18,8,9,0,6,0,63,11,3,24,25,0,24,11,13,20,20,0
"E01011510",2011,"Leeds 025D","Total",1121,94,15,0,15,79,40,28,5,6,187,118,81,20,15,2,32,37,144,90,48,4,2,138,51,51,0,87,85,2,76,36,40,37,3,173,54,88,8,6,0,12,5,198,41,5,70,78,4,66,25,41,45,45,0
"E01011511",2011,"Leeds 023B","Total",1061,232,27,0,27,205,137,36,19,13,317,230,175,26,14,15,63,24,110,41,54,7,8,183,59,59,0,124,124,0,57,30,27,23,4,89,21,46,6,6,0,7,3,52,18,10,12,12,0,15,9,6,6,6,0
"E01011512",2011,"Leeds 023C","Total",1311,398,70,0,70,328,206,72,46,4,370,229,160,26,25,18,112,29,102,67,20,11,4,160,61,61,0,99,99,0,68,40,28,28,0,111,39,42,3,13,0,12,2,54,5,11,24,14,0,40,18,22,8,8,0
"E01011513",2011,"Leeds 031A","Total",1960,670,83,0,83,587,399,123,55,10,602,426,304,71,31,20,131,45,207,111,60,14,22,232,42,40,2,190,190,0,58,38,20,20,0,134,40,57,3,20,0,14,0,34,15,6,6,7,0,5,0,5,18,18,0
"E01011514",2011,"Leeds 025E","Total",1371,402,60,0,60,342,220,81,29,12,343,224,165,36,14,9,94,25,133,68,51,6,8,243,58,58,0,185,185,0,46,30,16,14,2,84,32,29,1,20,0,2,0,64,4,7,20,33,0,17,16,1,39,39,0
"E01011515",2011,"Leeds 023D","Total",1162,379,61,0,61,318,187,88,26,17,377,272,186,33,29,24,71,34,98,57,26,4,11,128,40,40,0,88,88,0,44,27,17,8,9,57,12,13,11,5,0,8,8,31,6,0,19,6,0,30,9,21,18,18,0
"E01011516",2011,"Leeds 023E","Total",1464,419,75,0,75,344,191,129,18,6,441,340,263,27,48,2,57,44,158,91,52,6,9,202,60,60,0,142,142,0,87,44,43,43,0,78,21,19,10,13,0,3,12,51,15,1,21,14,0,16,11,5,12,12,0
"E01011517",2011,"Leeds 024B","Total",1411,363,60,0,60,303,210,76,15,2,433,299,231,37,20,11,101,33,147,87,47,13,0,143,42,42,0,101,101,0,88,46,42,41,1,105,22,53,10,2,0,9,9,85,18,8,33,26,0,32,20,12,15,15,0
"E01011518",2011,"Leeds 093A","Total",1946,313,79,0,79,234,97,113,16,8,491,336,275,44,12,5,101,54,313,180,93,26,14,223,54,54,0,169,167,2,171,64,107,101,6,211,60,81,15,23,2,22,8,173,10,16,89,58,0,27,10,17,24,24,0
"E01011519",2011,"Leeds 095A","Total",1250,127,37,0,37,90,37,39,10,4,274,143,100,29,14,0,74,57,205,112,63,8,22,103,15,15,0,88,84,4,133,55,78,72,6,169,70,40,31,13,0,14,1,181,13,13,82,70,3,55,27,28,3,3,0
"E01011520",2011,"Leeds 096A","Total",1151,171,36,0,36,135,44,78,6,7,300,171,131,21,14,5,96,33,141,81,53,0,7,144,44,44,0,100,100,0,112,51,61,59,2,132,42,32,18,25,0,8,7,126,8,6,69,43,0,16,9,7,9,9,0
"E01011521",2011,"Leeds 096B","Total",1618,208,54,0,54,154,49,91,5,9,455,254,180,39,27,8,142,59,191,95,54,26,16,274,85,83,2,189,188,1,142,59,83,75,8,159,58,47,20,11,3,20,0,148,3,27,73,44,1,34,4,30,7,7,0
"E01011522",2011,"Leeds 095B","Total",1102,201,70,0,70,131,52,52,21,6,370,229,167,29,23,10,78,63,100,50,36,11,3,159,33,32,1,126,126,0,86,34,52,52,0,93,28,27,22,5,0,11,0,86,4,7,50,25,0,3,0,3,4,4,0
"E01011523",2011,"Leeds 096C","Total",1386,229,72,0,72,157,81,75,1,0,354,214,163,39,9,3,107,33,173,83,55,22,13,169,34,34,0,135,135,0,124,54,70,65,5,136,28,57,21,18,0,9,3,155,6,10,99,40,0,30,11,19,16,16,0
"E01011524",2011,"Leeds 093B","Total",1016,150,22,0,22,128,46,69,13,0,281,148,96,35,12,5,75,58,101,48,28,15,10,137,30,30,0,107,107,0,130,64,66,65,1,116,52,31,12,13,0,8,0,84,10,9,51,14,0,11,5,6,6,6,0
"E01011525",2011,"Leeds 095C","Total",1291,189,41,0,41,148,82,51,12,3,315,205,152,35,9,9,65,45,209,101,78,7,23,107,18,18,0,89,89,0,123,79,44,41,3,166,16,64,12,42,0,17,15,145,14,17,64,50,0,27,16,11,10,10,0
"E01011526",2011,"Leeds 093C","Total",1168,236,48,0,48,188,74,93,17,4,371,184,142,25,11,6,118,69,132,81,32,4,15,121,31,31,0,90,90,0,98,42,56,52,4,113,45,29,12,14,0,4,9,92,1,3,71,17,0,5,0,5,0,0,0
"E01011527",2011,"Leeds 096D","Total",1369,199,84,0,84,115,52,56,4,3,401,204,135,41,20,8,136,61,178,112,42,18,6,155,52,48,4,103,103,0,153,53,100,92,8,83,17,37,6,11,0,12,0,165,11,7,90,57,0,15,5,10,20,20,0
"E01011528",2011,"Leeds 095D","Total",1438,316,70,0,70,246,115,113,15,3,433,249,172,64,13,0,134,50,151,83,53,8,7,187,71,71,0,116,116,0,139,62,77,75,2,111,33,36,11,16,4,11,0,81,5,2,48,26,0,7,0,7,13,13,0
"E01011529",2011,"Leeds 096E","Total",1219,123,36,0,36,87,31,44,8,4,221,118,95,13,7,3,58,45,163,100,50,6,7,138,27,27,0,111,108,3,123,56,67,64,3,152,57,42,8,30,0,12,3,229,24,20,107,78,0,65,24,41,5,5,0
"E01011530",2011,"Leeds 106A","Total",1183,200,54,0,54,146,58,66,13,9,297,167,146,17,4,0,90,40,142,82,40,4,16,152,22,22,0,130,121,9,120,48,72,63,9,101,24,23,29,25,0,0,0,144,12,15,58,59,0,17,1,16,10,10,0
"E01011531",2011,"Leeds 093D","Total",931,141,25,0,25,116,59,51,3,3,193,133,95,19,12,7,39,21,148,87,42,5,14,109,35,35,0,74,62,12,94,30,64,59,5,122,16,62,20,15,0,4,5,105,6,2,62,35,0,12,3,9,7,7,0
"E01011532",2011,"Leeds 095E","Total",1298,100,25,0,25,75,31,39,3,2,245,136,89,35,12,0,79,30,202,108,52,9,33,120,29,29,0,91,91,0,156,73,83,69,14,183,46,74,17,32,0,14,0,222,30,11,119,62,0,64,6,58,6,3,3
"E01011533",2011,"Leeds 104A","Total",1055,154,26,0,26,128,58,66,0,4,225,131,97,24,9,1,75,19,143,74,45,15,9,118,31,31,0,87,85,2,88,52,36,34,2,115,17,54,24,6,0,12,2,173,10,20,76,67,0,24,5,19,15,15,0
"E01011534",2011,"Leeds 106B","Total",1154,166,20,0,20,146,75,62,9,0,314,197,138,43,14,2,98,19,184,113,65,1,5,135,30,30,0,105,105,0,98,34,64,56,8,131,45,37,21,15,0,12,1,89,8,12,46,23,0,18,3,15,19,19,0
"E01011535",2011,"Leeds 108A","Total",1365,300,84,0,84,216,78,108,27,3,425,225,150,55,18,2,151,49,148,93,38,8,9,216,96,91,5,120,106,14,69,37,32,31,1,94,10,26,15,27,0,12,4,90,12,0,57,21,0,18,7,11,5,5,0
"E01011536",2011,"Leeds 108B","Total",1279,169,44,0,44,125,68,49,6,2,292,158,105,36,17,0,89,45,174,95,56,11,12,174,44,43,1,130,122,8,110,36,74,72,2,178,29,52,20,44,3,30,0,156,6,10,108,32,0,22,8,14,4,4,0
"E01011537",2011,"Leeds 107A","Total",1507,176,67,2,65,109,46,51,10,2,357,193,145,37,11,0,117,47,205,114,59,23,9,176,37,37,0,139,136,3,152,66,86,85,1,194,48,68,26,32,0,18,2,219,14,9,117,79,0,15,3,12,13,13,0
"E01011538",2011,"Leeds 107B","Total",1197,116,38,0,38,78,42,29,7,0,206,113,96,12,2,3,62,31,146,74,50,16,6,169,26,21,5,143,138,5,122,67,55,49,6,154,40,49,15,36,2,12,0,198,10,25,102,61,0,68,36,32,18,18,0
"E01011540",2011,"Leeds 102B","Total",1201,82,14,0,14,68,45,23,0,0,192,95,68,22,3,2,61,36,114,47,45,6,16,115,21,18,3,94,94,0,143,59,84,78,6,236,58,101,33,21,2,7,14,227,5,10,112,99,1,86,56,30,6,6,0
"E01011541",2011,"Leeds 104B","Total",1279,162,30,0,30,132,51,70,10,1,286,166,114,34,11,7,92,28,165,80,57,15,13,96,36,36,0,60,60,0,114,52,62,60,2,194,42,64,46,23,1,12,6,197,7,15,76,97,2,45,30,15,20,20,0
"E01011545",2011,"Leeds 104C","Total",1188,141,26,0,26,115,45,66,0,4,251,161,126,28,7,0,52,38,193,106,62,5,20,105,24,24,0,81,81,0,143,52,91,79,12,156,49,53,32,14,2,6,0,164,8,18,75,63,0,30,9,21,5,5,0
"E01011546",2011,"Leeds 106C","Total",1423,181,61,0,61,120,51,64,0,5,330,193,149,34,10,0,101,36,205,117,57,17,14,150,27,27,0,123,123,0,119,65,54,51,3,180,42,77,21,23,0,17,0,191,6,13,78,94,0,63,17,46,4,4,0
"E01011547",2011,"Leeds 104D","Total",1509,131,32,0,32,99,49,39,4,7,323,196,151,36,4,5,96,31,242,148,60,19,15,149,29,29,0,120,118,2,130,60,70,59,11,205,51,71,30,19,0,29,5,255,18,21,129,72,15,60,29,31,14,14,0
"E01011548",2011,"Leeds 106D","Total",1075,123,29,0,29,94,45,45,2,2,286,141,94,38,9,0,90,55,140,53,46,16,25,163,42,40,2,121,115,6,145,54,91,91,0,91,29,26,19,9,0,8,0,81,7,4,48,22,0,26,4,22,20,17,3
"E01011549",2011,"Leeds 108C","Total",1452,334,95,0,95,239,97,121,13,8,460,220,133,53,14,20,171,69,218,134,46,13,25,140,50,50,0,90,90,0,91,48,43,43,0,90,18,17,19,14,3,19,0,111,6,12,75,18,0,4,2,2,4,4,0
"E01011550",2011,"Leeds 106E","Total",1204,207,55,0,55,152,73,65,10,4,351,212,150,48,11,3,95,44,155,75,58,2,20,126,37,30,7,89,89,0,122,51,71,71,0,126,14,48,20,23,0,10,11,109,11,14,51,33,0,7,0,7,1,1,0
"E01011551",2011,"Leeds 107C","Total",1437,182,40,0,40,142,69,65,4,4,401,213,148,47,15,3,135,53,201,87,78,21,15,158,31,31,0,127,124,3,117,50,67,65,2,164,32,55,19,27,0,17,14,166,17,11,84,54,0,33,15,18,15,15,0
"E01011552",2011,"Leeds 107D","Total",1235,46,14,0,14,32,18,14,0,0,155,85,57,13,12,3,45,25,118,43,60,5,10,143,17,17,0,126,122,4,144,78,66,58,8,287,74,135,24,31,0,23,0,259,17,13,165,64,0,69,22,47,14,14,0
"E01011553",2011,"Leeds 108D","Total",1224,140,31,0,31,109,53,45,11,0,314,183,129,33,19,2,81,50,208,112,54,6,36,143,47,47,0,96,96,0,139,51,88,84,4,139,27,56,14,13,0,25,4,107,6,5,61,33,2,30,9,21,4,4,0
"E01011554",2011,"Leeds 012A","Total",1125,381,104,0,104,277,144,66,64,3,306,187,133,19,26,9,100,19,103,76,24,3,0,148,72,72,0,76,73,3,55,40,15,13,2,54,12,19,4,7,0,6,6,38,5,3,20,10,0,17,12,5,23,23,0
"E01011555",2011,"Leeds 018A","Total",1083,282,49,0,49,233,119,72,40,2,304,188,136,30,16,6,91,25,144,82,46,14,2,134,30,30,0,104,104,0,47,25,22,22,0,88,27,25,3,17,0,16,0,37,6,5,24,2,0,43,21,22,4,4,0
"E01011556",2011,"Leeds 015A","Total",1305,357,29,0,29,328,162,134,28,4,414,295,193,68,15,19,88,31,137,81,31,9,16,103,40,40,0,63,63,0,33,18,15,15,0,156,35,48,23,17,0,22,11,54,4,3,24,23,0,37,15,22,14,14,0
"E01011557",2011,"Leeds 015B","Total",1189,393,61,0,61,332,198,72,57,5,313,198,129,16,34,19,66,49,81,56,20,3,2,207,73,73,0,134,131,3,64,43,21,21,0,71,19,29,0,6,0,6,11,43,18,5,13,7,0,14,13,1,3,1,2
"E01011558",2011,"Leeds 018B","Total",1326,162,8,0,8,154,97,34,19,4,263,164,139,16,3,6,68,31,165,94,57,10,4,132,54,54,0,78,78,0,115,42,73,67,6,212,69,96,7,8,0,11,21,152,29,22,46,55,0,94,61,33,31,29,2
"E01011559",2011,"Leeds 018C","Total",1044,85,5,0,5,80,46,23,11,0,143,87,65,10,6,6,34,22,110,52,40,12,6,114,25,25,0,89,89,0,127,61,66,60,6,192,42,113,14,11,0,5,7,143,33,3,47,58,2,106,67,39,24,24,0
"E01011560",2011,"Leeds 018D","Total",1523,94,22,0,22,72,46,26,0,0,252,137,107,21,5,4,87,28,190,99,56,18,17,191,59,59,0,132,132,0,111,57,54,45,9,277,81,152,10,18,0,10,6,241,35,22,67,117,0,136,78,58,31,31,0
"E01011561",2011,"Leeds 006A","Total",974,318,86,4,82,232,117,64,38,13,256,129,88,7,28,6,114,13,69,43,15,9,2,174,103,94,9,71,64,7,58,37,21,21,0,44,9,14,0,8,5,8,0,33,8,3,9,13,0,13,3,10,9,9,0
"E01011562",2011,"Leeds 012B","Total",1234,458,100,0,100,358,155,78,125,0,348,179,107,30,29,13,137,32,56,36,13,3,4,219,107,107,0,112,112,0,26,4,22,22,0,44,8,25,0,2,0,9,0,54,14,2,28,10,0,14,4,10,15,15,0
"E01011563",2011,"Leeds 012C","Total",962,350,74,5,69,276,143,73,56,4,316,182,124,38,20,0,109,25,64,36,14,7,7,138,83,83,0,55,55,0,19,13,6,4,2,29,4,6,7,7,0,5,0,29,0,7,17,5,0,10,4,6,7,7,0
"E01011564",2011,"Leeds 012D","Total",1204,407,65,0,65,342,166,117,55,4,393,252,202,19,14,17,102,39,131,67,47,0,17,135,42,42,0,93,93,0,57,34,23,23,0,34,9,21,0,0,0,1,3,26,0,0,21,5,0,15,5,10,6,6,0
"E01011565",2011,"Leeds 015C","Total",1096,293,67,6,61,226,122,54,37,13,319,229,161,42,13,13,76,14,149,103,36,10,0,160,39,39,0,121,121,0,52,15,37,37,0,67,21,14,5,13,0,5,9,43,7,8,11,17,0,4,4,0,9,9,0
"E01011566",2011,"Leeds 015D","Total",1051,294,45,0,45,249,139,87,23,0,254,159,111,22,15,11,80,15,125,65,41,18,1,130,62,62,0,68,68,0,63,32,31,31,0,100,22,27,7,27,0,14,3,43,11,5,22,4,1,32,15,17,10,10,0
"E01011567",2011,"Leeds 012E","Total",1150,344,54,0,54,290,162,103,21,4,328,233,161,46,17,9,59,36,111,76,30,5,0,161,37,37,0,124,122,2,60,24,36,36,0,66,15,22,6,12,0,8,3,48,5,10,18,15,0,16,5,11,16,16,0
"E01011568",2011,"Leeds 015E","Total",1409,429,66,0,66,363,185,101,57,20,434,275,188,30,42,15,123,36,137,95,25,17,0,192,86,86,0,106,106,0,53,35,18,18,0,80,21,29,8,8,2,11,1,51,13,12,18,8,0,13,4,9,20,20,0
"E01011569",2011,"Leeds 004A","Total",1358,269,44,0,44,225,108,92,25,0,462,330,245,58,19,8,89,43,143,82,46,13,2,178,62,58,4,116,114,2,67,35,32,28,4,121,20,51,11,16,0,11,12,84,12,8,37,25,2,20,7,13,14,14,0
"E01011570",2011,"Leeds 007A","Total",1870,496,134,1,133,362,193,101,63,5,616,345,229,68,32,16,197,74,133,56,62,2,13,375,108,98,10,267,238,29,77,47,30,25,5,77,24,20,14,12,0,4,3,69,4,1,21,38,5,16,7,9,11,11,0
"E01011571",2011,"Leeds 004B","Total",1212,247,48,1,47,199,113,46,29,11,361,197,158,13,21,5,109,55,109,62,29,17,1,180,52,52,0,128,125,3,99,66,33,30,3,110,31,45,9,14,1,7,3,71,13,1,29,28,0,29,6,23,6,6,0
"E01011572",2011,"Leeds 004C","Total",1508,298,75,0,75,223,131,73,13,6,499,301,258,20,19,4,133,65,186,106,47,20,13,184,36,36,0,148,148,0,95,61,34,33,1,162,35,71,8,26,0,18,4,70,6,6,48,10,0,9,1,8,5,5,0
"E01011573",2011,"Leeds 004D","Total",1093,180,24,0,24,156,82,59,10,5,293,161,127,16,18,0,80,52,134,67,52,7,8,144,15,15,0,129,128,1,123,56,67,64,3,106,24,45,7,23,0,5,2,93,12,4,36,41,0,9,0,9,11,11,0
"E01011574",2011,"Leeds 004E","Total",1000,266,42,0,42,224,124,73,21,6,283,174,150,11,11,2,62,47,86,48,27,6,5,123,44,44,0,79,79,0,50,23,27,27,0,89,28,33,7,10,4,6,1,87,11,15,34,23,4,9,1,8,7,7,0
"E01011576",2011,"Leeds 007C","Total",1042,422,116,0,116,306,142,91,73,0,313,198,115,19,43,21,91,24,46,33,10,0,3,167,77,69,8,90,88,2,36,20,16,14,2,16,9,7,0,0,0,0,0,17,0,0,5,10,2,12,3,9,13,13,0
"E01011578",2011,"Leeds 011D","Total",1004,154,38,1,37,116,51,54,11,0,295,173,140,20,9,4,87,35,131,56,51,18,6,118,30,30,0,88,87,1,103,52,51,39,12,127,18,61,11,26,0,5,6,62,2,4,35,21,0,3,2,1,11,11,0
"E01011579",2011,"Leeds 014C","Total",1065,171,54,0,54,117,53,53,11,0,269,163,130,20,10,3,60,46,113,62,29,8,14,171,39,39,0,132,132,0,69,44,25,18,7,156,25,70,35,11,2,7,6,94,8,0,55,31,0,15,7,8,7,7,0
"E01011580",2011,"Leeds 014D","Total",1009,232,83,0,83,149,53,63,33,0,344,210,136,41,22,11,95,39,133,72,44,3,14,149,38,38,0,111,105,6,46,24,22,22,0,71,8,29,10,15,0,9,0,34,5,0,23,6,0,0,0,0,0,0,0
"E01011581",2011,"Leeds 003A","Total",1070,193,58,0,58,135,63,52,8,12,297,138,106,15,11,6,132,27,111,64,43,2,2,166,39,39,0,127,124,3,68,42,26,23,3,119,17,59,11,26,0,6,0,89,14,8,44,23,0,24,11,13,3,3,0
"E01011582",2011,"Leeds 003B","Total",1270,111,23,0,23,88,36,44,4,4,211,129,89,10,20,10,51,31,134,72,41,18,3,185,39,39,0,146,141,5,131,78,53,50,3,242,74,93,17,32,3,12,11,186,18,15,62,86,5,60,21,39,10,10,0
"E01011583",2011,"Leeds 003C","Total",1180,163,25,0,25,138,60,52,23,3,273,166,125,25,16,0,64,43,125,74,28,8,15,184,51,47,4,133,133,0,113,76,37,35,2,160,23,70,19,32,2,10,4,114,24,12,31,46,1,23,13,10,25,25,0
"E01011584",2011,"Leeds 003D","Total",962,213,57,0,57,156,102,37,13,4,292,173,142,15,13,3,88,31,99,56,20,12,11,140,22,22,0,118,116,2,66,44,22,22,0,95,21,46,7,9,0,3,9,35,6,5,16,8,0,13,1,12,9,9,0
"E01011585",2011,"Leeds 062A","Total",1187,106,25,0,25,81,49,28,0,4,231,143,114,19,10,0,61,27,173,77,68,25,3,111,6,6,0,105,105,0,100,40,60,54,6,215,50,101,19,26,0,14,5,200,22,16,85,77,0,49,28,21,2,2,0
"E01011586",2011,"Leeds 066A","Total",1187,151,30,0,30,121,53,64,2,2,301,206,145,38,13,10,69,26,144,91,37,4,12,134,31,31,0,103,98,5,93,52,41,36,5,158,28,70,19,20,0,15,6,160,11,34,60,55,0,26,14,12,20,20,0
"E01011587",2011,"Leeds 062B","Total",1422,213,43,3,40,170,65,82,17,6,413,282,228,41,9,4,83,48,191,114,52,12,13,166,31,31,0,135,131,4,159,77,82,78,4,136,27,57,23,7,0,16,6,123,17,7,69,30,0,16,7,9,5,5,0
"E01011588",2011,"Leeds 039A","Total",1455,291,48,0,48,243,151,74,14,4,425,277,223,39,15,0,95,53,138,81,38,11,8,201,67,67,0,134,134,0,119,44,75,74,1,131,51,37,12,11,2,15,3,95,8,8,59,20,0,50,28,22,5,5,0
"E01011589",2011,"Leeds 039B","Total",1263,382,105,0,105,277,146,98,31,2,442,273,207,44,16,6,134,35,133,76,39,8,10,145,54,52,2,91,84,7,47,23,24,24,0,47,8,19,6,6,0,5,3,38,2,4,22,10,0,7,4,3,22,22,0
"E01011590",2011,"Leeds 039C","Total",1197,261,62,0,62,199,119,73,7,0,368,244,182,33,15,14,82,42,198,106,65,7,20,168,67,67,0,101,95,6,72,35,37,35,2,85,28,27,13,11,0,3,3,35,9,6,16,4,0,6,0,6,4,4,0
"E01011591",2011,"Leeds 052D","Total",1407,297,49,0,49,248,113,97,33,5,445,319,229,64,26,0,88,38,164,83,45,21,15,131,46,46,0,85,85,0,112,62,50,40,10,119,19,42,25,7,0,22,4,106,6,14,58,28,0,12,1,11,21,21,0
"E01011592",2011,"Leeds 039D","Total",1112,219,66,0,66,153,77,69,7,0,343,216,176,29,9,2,90,37,116,55,41,10,10,118,39,39,0,79,76,3,99,51,48,41,7,137,22,48,16,36,0,7,8,65,2,11,39,13,0,9,3,6,6,6,0
"E01011593",2011,"Leeds 039E","Total",1460,316,61,2,59,255,99,127,23,6,465,299,223,49,22,5,120,46,195,81,80,31,3,171,67,65,2,104,98,6,131,62,69,69,0,75,9,41,10,12,0,3,0,97,3,7,59,28,0,5,0,5,5,5,0
"E01011594",2011,"Leeds 062C","Total",1225,129,31,0,31,98,54,40,0,4,247,146,117,19,10,0,63,38,132,75,35,22,0,136,45,42,3,91,89,2,118,41,77,69,8,193,44,69,29,27,0,18,6,223,18,24,76,103,2,39,25,14,8,8,0
"E01011595",2011,"Leeds 066B","Total",1492,309,39,0,39,270,151,77,40,2,359,238,166,30,26,16,96,25,127,86,37,0,4,303,98,98,0,205,205,0,79,34,45,45,0,134,20,43,6,60,0,5,0,127,4,14,59,50,0,47,32,15,7,7,0
"E01011596",2011,"Leeds 062D","Total",1444,244,65,0,65,179,93,79,7,0,440,259,186,53,20,0,131,50,235,121,85,18,11,155,39,39,0,116,114,2,151,67,84,76,8,105,15,45,23,7,0,13,2,79,3,13,45,17,1,18,2,16,17,17,0
"E01011597",2011,"Leeds 066C","Total",1276,130,33,0,33,97,37,51,9,0,229,138,93,28,15,2,67,24,120,62,44,4,10,245,94,94,0,151,150,1,103,54,49,41,8,168,50,70,12,23,0,9,4,197,6,24,79,88,0,66,35,31,18,18,0
"E01011598",2011,"Leeds 062E","Total",1296,261,57,0,57,204,111,73,17,3,358,247,161,79,7,0,67,44,188,129,39,11,9,145,33,33,0,112,111,1,117,59,58,54,4,136,25,57,20,23,0,4,7,81,5,8,39,28,1,9,1,8,1,1,0
"E01011599",2011,"Leeds 066D","Total",1258,172,24,0,24,148,50,79,13,6,360,255,189,50,12,4,66,39,186,101,55,12,18,139,26,26,0,113,108,5,108,53,55,53,2,129,31,51,19,14,0,10,4,118,3,3,68,42,2,31,14,17,15,15,0
"E01011600",2011,"Leeds 079A","Total",1224,180,71,0,71,109,65,39,5,0,415,245,167,57,19,2,127,43,153,94,40,5,14,131,49,49,0,82,82,0,94,29,65,60,5,130,33,46,16,30,0,3,2,93,1,10,62,20,0,19,13,6,9,9,0
"E01011601",2011,"Leeds 079B","Total",1292,138,54,0,54,84,36,41,6,1,275,162,135,27,0,0,74,39,138,70,43,15,10,171,43,39,4,128,128,0,126,49,77,77,0,180,37,57,41,26,0,17,2,201,1,11,115,74,0,52,30,22,11,11,0
"E01011602",2011,"Leeds 076A","Total",1080,139,56,0,56,83,52,25,6,0,301,175,148,18,5,4,100,26,118,68,40,6,4,160,41,41,0,119,119,0,92,42,50,44,6,127,27,43,22,11,0,17,7,126,13,7,52,54,0,12,4,8,5,5,0
"E01011603",2011,"Leeds 076B","Total",1151,148,42,0,42,106,53,48,0,5,374,234,171,41,20,2,110,30,135,82,24,13,16,151,40,40,0,111,109,2,90,22,68,68,0,89,10,34,23,10,0,7,5,123,11,13,78,20,1,33,8,25,8,8,0
"E01011604",2011,"Leeds 079C","Total",1110,244,39,0,39,205,86,88,21,10,344,246,152,51,22,21,61,37,133,78,37,12,6,125,16,16,0,109,109,0,71,41,30,30,0,116,25,37,20,11,0,20,3,56,1,4,28,23,0,14,6,8,7,7,0
"E01011605",2011,"Leeds 076C","Total",1125,214,59,0,59,155,71,68,16,0,295,167,130,27,4,6,84,44,136,77,42,6,11,163,31,31,0,132,132,0,125,50,75,75,0,106,13,42,15,23,0,8,5,77,5,8,56,8,0,3,1,2,6,6,0
"E01011606",2011,"Leeds 076D","Total",1367,141,38,0,38,103,45,46,12,0,249,163,115,29,9,10,58,28,166,94,50,13,9,182,47,47,0,135,135,0,194,110,84,72,12,176,38,73,18,28,0,19,0,193,2,17,89,85,0,51,29,22,15,15,0
"E01011607",2011,"Leeds 079D","Total",1376,169,41,0,41,128,49,65,14,0,349,210,171,27,10,2,74,65,198,116,60,18,4,131,39,39,0,92,92,0,140,67,73,70,3,191,59,55,21,35,2,16,3,146,10,10,67,59,0,35,17,18,17,17,0
"E01011608",2011,"Leeds 068A","Total",1133,89,27,0,27,62,29,23,10,0,218,123,96,19,8,0,74,21,138,78,50,10,0,104,8,8,0,96,96,0,109,32,77,71,6,194,47,77,36,23,0,8,3,211,19,3,104,85,0,49,35,14,21,21,0
"E01011609",2011,"Leeds 068B","Total",1238,71,19,0,19,52,22,28,0,2,213,120,91,21,5,3,58,35,163,74,55,25,9,127,32,32,0,95,95,0,172,77,95,92,3,238,49,93,41,37,2,12,4,191,8,16,105,62,0,54,28,26,9,9,0
"E01011610",2011,"Leeds 068C","Total",1147,163,42,0,42,121,40,81,0,0,312,153,125,14,12,2,126,33,152,71,54,9,18,177,55,55,0,122,122,0,75,30,45,43,2,124,28,45,21,18,2,10,0,120,8,4,61,47,0,14,12,2,10,10,0
"E01011611",2011,"Leeds 068D","Total",1114,68,24,0,24,44,17,22,0,5,161,77,70,1,3,3,64,20,152,69,58,14,11,138,24,24,0,114,114,0,88,46,42,32,10,192,36,92,24,20,0,12,8,231,30,13,90,98,0,75,27,48,9,9,0
"E01011612",2011,"Leeds 079E","Total",839,97,24,0,24,73,43,25,4,1,180,116,75,26,10,5,44,20,113,68,34,10,1,89,14,14,0,75,75,0,74,24,50,47,3,125,19,46,22,19,4,7,8,127,23,2,62,40,0,30,12,18,4,4,0
"E01011613",2011,"Leeds 076E","Total",1126,106,28,0,28,78,42,32,4,0,230,140,113,22,5,0,65,25,162,81,52,23,6,177,45,45,0,132,128,4,92,52,40,36,4,159,41,62,13,17,1,18,7,141,10,9,69,51,2,48,27,21,11,11,0
"E01011614",2011,"Leeds 068E","Total",1509,233,44,0,44,189,77,101,11,0,423,255,164,69,13,9,121,47,173,110,49,6,8,182,32,32,0,150,150,0,125,68,57,57,0,169,45,73,26,15,0,10,0,146,5,11,97,33,0,39,23,16,19,16,3
"E01011615",2011,"Leeds 070A","Total",1287,58,18,0,18,40,23,9,4,4,248,177,124,38,15,0,40,31,187,93,41,39,14,134,28,28,0,106,106,0,128,72,56,50,6,192,37,84,34,22,0,10,5,279,33,39,119,88,0,54,40,14,7,7,0
"E01011616",2011,"Leeds 072A","Total",1151,62,22,0,22,40,17,16,7,0,140,62,55,0,3,4,63,15,120,74,26,20,0,109,40,40,0,69,69,0,110,62,48,45,3,228,59,85,30,22,8,16,8,257,15,26,94,121,1,105,56,49,20,20,0
"E01011617",2011,"Leeds 070B","Total",1374,45,17,0,17,28,12,16,0,0,242,170,141,13,15,1,45,27,199,117,51,25,6,107,18,18,0,89,89,0,114,53,61,59,2,239,85,91,31,26,0,6,0,258,32,25,84,117,0,121,72,49,49,49,0
"E01011618",2011,"Leeds 070C","Total",1413,75,23,0,23,52,37,14,1,0,278,181,153,18,8,2,55,42,222,116,57,35,14,43,12,12,0,31,31,0,125,56,69,58,11,251,62,124,14,36,0,8,7,234,28,27,97,82,0,133,87,46,52,52,0
"E01011620",2011,"Leeds 072B","Total",1141,61,30,0,30,31,20,4,7,0,135,102,85,10,3,4,26,7,99,34,40,21,4,118,45,45,0,73,73,0,93,56,37,31,6,203,55,97,18,14,5,13,1,243,31,25,57,130,0,156,101,55,33,33,0
"E01011621",2011,"Leeds 070D","Total",1283,38,2,0,2,36,21,14,1,0,159,91,80,7,1,3,47,21,106,53,25,20,8,100,24,24,0,76,76,0,117,79,38,32,6,282,66,152,29,18,3,11,3,319,32,31,80,176,0,132,65,67,30,30,0
"E01011622",2011,"Leeds 072C","Total",1482,47,0,0,0,47,31,12,1,3,163,106,88,9,9,0,34,23,109,54,45,10,0,86,34,34,0,52,52,0,101,80,21,16,5,369,73,201,26,48,0,20,1,326,27,52,57,188,2,226,128,98,55,55,0
"E01011623",2011,"Leeds 075B","Total",1394,64,15,0,15,49,25,24,0,0,197,135,123,4,6,2,54,8,133,52,70,11,0,72,31,31,0,41,41,0,89,40,49,40,9,246,75,122,30,13,0,2,4,319,54,25,68,172,0,247,140,107,27,27,0
"E01011624",2011,"Leeds 072D","Total",1603,43,11,0,11,32,23,7,2,0,161,92,74,9,5,4,50,19,139,57,51,29,2,76,31,31,0,45,45,0,156,82,74,66,8,305,84,138,33,29,0,6,15,456,27,49,106,274,0,223,178,45,44,44,0
"E01011625",2011,"Leeds 075C","Total",1327,65,24,0,24,41,18,17,4,2,176,113,92,13,8,0,28,35,156,85,43,20,8,116,24,24,0,92,90,2,111,53,58,56,2,229,60,95,15,38,2,19,0,258,24,25,126,82,1,183,106,77,33,33,0
"E01011626",2011,"Leeds 075D","Total",1594,140,19,0,19,121,73,37,8,3,225,154,121,28,5,0,53,18,180,85,68,21,6,82,27,27,0,55,55,0,117,67,50,44,6,308,81,147,16,45,2,12,5,279,32,32,50,165,0,187,119,68,76,76,0
"E01011627",2011,"Leeds 098A","Total",1105,129,31,0,31,98,26,58,6,8,249,135,76,40,15,4,63,51,97,50,29,10,8,156,47,47,0,109,109,0,118,53,65,65,0,168,48,77,15,12,0,10,6,148,25,12,48,63,0,38,12,26,2,2,0
"E01011628",2011,"Leeds 098B","Total",939,123,28,0,28,95,53,30,12,0,226,134,98,24,7,5,58,34,138,65,58,7,8,107,30,30,0,77,77,0,135,68,67,67,0,97,17,33,17,11,0,15,4,109,9,4,74,22,0,4,3,1,0,0,0
"E01011629",2011,"Leeds 098C","Total",1027,115,38,0,38,77,18,50,6,3,229,132,103,23,6,0,75,22,161,88,56,9,8,155,32,32,0,123,120,3,111,41,70,70,0,126,33,54,14,16,0,9,0,98,8,2,51,37,0,24,12,12,8,6,2
"E01011630",2011,"Leeds 100B","Total",1811,362,93,0,93,269,105,143,14,7,520,272,167,61,32,12,157,91,203,89,87,10,17,206,69,69,0,137,137,0,160,54,106,89,17,145,32,54,19,20,0,17,3,190,11,17,107,55,0,25,16,9,0,0,0
"E01011632",2011,"Leeds 098D","Total",1080,76,30,0,30,46,20,26,0,0,185,120,91,17,8,4,32,33,161,87,66,2,6,86,23,23,0,63,63,0,103,61,42,35,7,181,34,68,16,14,0,39,10,223,16,15,114,78,0,53,18,35,12,12,0
"E01011633",2011,"Leeds 098E","Total",1154,181,60,0,60,121,39,63,12,7,337,181,130,33,16,2,109,47,157,89,45,10,13,141,44,44,0,97,97,0,97,43,54,52,2,133,24,47,10,28,0,16,8,95,6,11,40,36,2,4,2,2,9,9,0
"E01011634",2011,"Leeds 100C","Total",1146,117,44,0,44,73,31,35,5,2,280,167,134,17,14,2,85,28,144,83,37,14,10,156,45,45,0,111,111,0,89,46,43,42,1,133,20,49,14,33,3,9,5,169,21,12,100,36,0,40,19,21,18,18,0
"E01011635",2011,"Leeds 097B","Total",1200,292,66,0,66,226,106,81,33,6,355,154,118,25,7,4,163,38,108,65,39,4,0,131,53,53,0,78,78,0,90,40,50,39,11,106,22,33,23,14,0,14,0,77,9,9,41,18,0,29,13,16,12,12,0
"E01011636",2011,"Leeds 100D","Total",1173,240,84,0,84,156,86,61,5,4,260,155,124,22,9,0,89,16,126,78,22,21,5,193,56,53,3,137,135,2,68,31,37,37,0,129,30,56,7,17,2,12,5,137,11,7,89,30,0,14,10,4,6,6,0
"E01011637",2011,"Leeds 097C","Total",1543,277,75,0,75,202,61,132,2,7,477,272,181,57,34,0,119,86,191,120,51,3,17,119,36,36,0,83,79,4,143,80,63,60,3,145,34,55,18,26,0,2,10,154,15,7,75,57,0,26,6,20,11,11,0
"E01011638",2011,"Leeds 097D","Total",1166,171,40,0,40,131,65,62,2,2,301,182,151,10,12,9,95,24,175,104,39,15,17,124,40,40,0,84,84,0,137,63,74,68,6,145,29,75,26,10,0,5,0,96,5,4,52,35,0,9,2,7,8,8,0
"E01011639",2011,"Leeds 100E","Total",1219,95,30,0,30,65,26,38,1,0,233,123,82,26,15,0,84,26,126,76,33,4,13,120,19,19,0,101,101,0,98,51,47,47,0,231,73,97,20,17,0,24,0,235,16,24,103,92,0,81,42,39,0,0,0
"E01011641",2011,"Leeds 032B","Total",1292,484,86,4,82,398,214,91,91,2,481,345,259,34,40,12,108,28,86,52,24,5,5,92,29,29,0,63,63,0,38,25,13,7,6,48,18,15,4,10,0,0,1,33,8,5,8,12,0,22,7,15,8,8,0
"E01011642",2011,"Leeds 032C","Total",1117,304,68,0,68,236,156,45,33,2,342,249,196,17,27,9,48,45,99,42,34,23,0,166,37,37,0,129,129,0,39,20,19,19,0,78,31,32,5,4,0,6,0,48,0,3,20,25,0,15,6,9,26,26,0
"E01011643",2011,"Leeds 037A","Total",986,350,39,0,39,311,186,63,50,12,283,178,124,24,25,5,84,21,60,47,11,2,0,170,43,43,0,127,127,0,26,5,21,20,1,66,12,20,4,15,2,4,9,19,9,0,6,4,0,12,5,7,0,0,0
"E01011644",2011,"Leeds 037B","Total",910,265,46,0,46,219,146,37,34,2,249,169,110,18,27,14,53,27,95,39,30,21,5,90,41,41,0,49,49,0,48,31,17,14,3,78,15,34,2,7,0,13,7,49,8,5,14,22,0,29,12,17,7,7,0
"E01011645",2011,"Leeds 032D","Total",1256,417,81,4,77,336,222,77,32,5,360,248,188,30,27,3,87,25,94,69,10,15,0,177,65,65,0,112,112,0,31,22,9,6,3,78,18,30,10,12,0,8,0,51,21,1,18,11,0,30,16,14,18,18,0
"E01011646",2011,"Leeds 037C","Total",1388,272,42,0,42,230,141,76,10,3,327,227,190,10,16,11,52,48,133,68,50,10,5,281,63,63,0,218,218,0,103,40,63,53,10,117,20,55,10,18,0,4,10,106,21,6,57,22,0,41,21,20,8,8,0
"E01011647",2011,"Leeds 037D","Total",1546,197,28,0,28,169,71,81,13,4,241,145,108,26,11,0,45,51,155,55,73,22,5,407,111,111,0,296,289,7,84,29,55,53,2,188,49,78,15,26,0,17,3,153,22,40,39,52,0,92,56,36,29,29,0
"E01011648",2011,"Leeds 037E","Total",1469,168,48,0,48,120,73,36,11,0,309,235,172,35,23,5,58,16,178,81,61,36,0,374,139,139,0,235,235,0,121,64,57,54,3,151,35,41,19,36,0,20,0,78,11,10,28,29,0,57,36,21,33,33,0
"E01011649",2011,"Leeds 022B","Total",1099,372,59,0,59,313,136,98,65,14,377,209,127,38,34,10,120,48,98,61,23,7,7,144,64,64,0,80,78,2,28,16,12,12,0,37,3,21,2,3,0,8,0,28,8,3,5,12,0,8,5,3,7,7,0
"E01011650",2011,"Leeds 020A","Total",1193,463,84,0,84,379,195,72,110,2,375,222,145,44,24,9,122,31,61,39,15,4,3,164,54,49,5,110,110,0,25,8,17,12,5,68,20,29,5,9,0,5,0,28,3,0,9,16,0,8,3,5,1,1,0
"E01011651",2011,"Leeds 020B","Total",1263,379,73,0,73,306,182,98,24,2,357,216,150,31,15,20,88,53,147,71,67,4,5,137,34,34,0,103,103,0,64,48,16,11,5,101,15,52,0,10,0,10,14,39,5,0,16,17,1,34,24,10,5,5,0
"E01011652",2011,"Leeds 024C","Total",1146,344,57,0,57,287,165,86,29,7,388,236,186,38,7,5,101,51,105,49,40,16,0,152,58,58,0,94,94,0,27,15,12,12,0,64,12,28,0,3,0,16,5,42,2,3,15,22,0,10,8,2,14,14,0
"E01011653",2011,"Leeds 020C","Total",1136,307,32,0,32,275,177,58,35,5,418,294,229,33,29,3,82,42,107,61,41,2,3,104,17,17,0,87,87,0,34,15,19,19,0,70,18,49,0,0,0,3,0,36,3,0,17,16,0,32,14,18,28,28,0
"E01011654",2011,"Leeds 024D","Total",1223,553,77,0,77,476,256,122,98,0,388,250,197,19,23,11,102,36,53,30,21,0,2,114,31,31,0,83,83,0,50,37,13,10,3,18,5,10,2,0,0,0,1,25,1,0,15,9,0,11,6,5,11,11,0
"E01011655",2011,"Leeds 020D","Total",1024,455,78,0,78,377,204,75,97,1,307,215,113,44,50,8,78,14,74,54,15,5,0,78,44,44,0,34,34,0,27,27,0,0,0,42,12,15,0,7,0,4,4,17,2,2,0,13,0,16,11,5,8,8,0
"E01011656",2011,"Leeds 035A","Total",1333,59,11,0,11,48,25,23,0,0,192,111,89,12,10,0,39,42,121,55,47,19,0,67,15,15,0,52,51,1,135,70,65,65,0,303,60,138,56,27,0,11,11,263,14,20,120,109,0,149,87,62,44,44,0
"E01011657",2011,"Leeds 035B","Total",1138,54,11,0,11,43,31,11,1,0,155,77,50,17,5,5,25,53,113,61,36,10,6,95,24,24,0,71,71,0,92,57,35,35,0,268,87,115,21,26,1,13,5,238,22,21,85,110,0,112,50,62,11,11,0
"E01011658",2011,"Leeds 040C","Total",1053,32,15,0,15,17,7,8,2,0,89,58,50,8,0,0,22,9,142,59,55,28,0,68,13,13,0,55,55,0,85,47,38,31,7,248,74,112,22,11,0,14,15,225,31,24,54,111,5,131,48,83,33,33,0
"E01011659",2011,"Leeds 035C","Total",1139,39,10,0,10,29,16,9,4,0,142,77,56,12,2,7,40,25,131,72,39,13,7,64,13,13,0,51,51,0,170,76,94,77,17,231,67,83,37,22,0,16,6,224,12,27,91,94,0,122,67,55,16,13,3
"E01011660",2011,"Leeds 040D","Total",1077,53,11,0,11,42,25,12,5,0,128,65,58,4,3,0,44,19,95,38,49,8,0,81,6,6,0,75,74,1,85,57,28,28,0,272,60,148,9,26,0,20,9,259,48,21,86,104,0,86,37,49,18,18,0
"E01011661",2011,"Leeds 035D","Total",1135,80,22,0,22,58,28,24,0,6,150,78,75,0,3,0,44,28,112,44,43,19,6,81,17,17,0,64,62,2,116,46,70,58,12,223,48,101,28,30,0,8,8,259,15,20,99,124,1,97,62,35,17,17,0
"E01011662",2011,"Leeds 040E","Total",1095,45,18,0,18,27,11,16,0,0,92,55,50,0,5,0,17,20,92,40,36,16,0,64,16,16,0,48,48,0,105,85,20,14,6,247,78,108,14,38,0,9,0,256,24,18,70,142,2,169,114,55,25,25,0
"E01011663",2011,"Leeds 050A","Total",1165,57,0,0,0,57,28,22,7,0,77,57,50,3,4,0,18,2,93,38,28,18,9,76,32,32,0,44,44,0,125,70,55,55,0,236,68,106,10,45,0,3,4,251,15,16,107,113,0,206,111,95,44,44,0
"E01011664",2011,"Leeds 050B","Total",901,37,8,0,8,29,11,10,6,2,113,66,59,5,2,0,27,20,109,44,41,15,9,63,10,10,0,53,53,0,77,43,34,34,0,206,50,98,27,15,8,8,0,209,21,29,105,52,2,76,32,44,11,11,0
"E01011665",2011,"Leeds 050C","Total",1176,75,19,0,19,56,26,26,0,4,187,103,92,9,2,0,60,24,118,60,36,16,6,97,32,32,0,65,65,0,138,78,60,50,10,209,51,100,21,34,0,2,1,243,18,16,92,116,1,102,51,51,7,7,0
"E01011666",2011,"Leeds 061D","Total",1229,122,44,0,44,78,31,42,5,0,286,156,123,23,2,8,90,40,165,71,63,13,18,163,35,35,0,128,127,1,167,79,88,85,3,160,34,74,21,19,0,4,8,140,15,10,74,41,0,9,5,4,17,17,0
"E01011667",2011,"Leeds 050D","Total",1362,20,3,0,3,17,7,8,2,0,113,48,39,0,4,5,46,19,120,54,56,8,2,72,22,22,0,50,50,0,149,86,63,56,7,316,102,136,37,36,0,2,3,249,29,33,59,128,0,283,162,121,40,40,0
"E01011668",2011,"Leeds 110E","Total",1570,81,2,0,2,79,61,16,2,0,159,90,71,10,9,0,43,26,98,56,32,7,3,65,12,12,0,53,53,0,40,26,14,13,1,150,69,59,10,1,0,4,7,83,36,2,9,36,0,76,52,24,818,818,0
"E01011669",2011,"Leeds 110F","Total",1217,103,11,0,11,92,52,26,12,2,233,166,115,22,19,10,53,14,82,47,21,13,1,46,7,7,0,39,39,0,55,35,20,19,1,101,30,51,3,0,0,2,15,81,14,4,17,46,0,42,17,25,474,474,0
"E01011670",2011,"Leeds 055A","Total",1667,76,5,0,5,71,38,21,10,2,199,144,105,24,6,9,33,22,155,63,69,23,0,66,22,22,0,44,44,0,113,72,41,35,6,215,44,128,16,14,0,9,4,180,17,12,43,106,2,140,94,46,523,523,0
"E01011671",2011,"Leeds 055B","Total",1372,48,6,0,6,42,30,8,4,0,164,122,105,7,10,0,25,17,130,55,48,27,0,45,21,21,0,24,24,0,129,77,52,43,9,267,64,156,10,14,0,23,0,190,13,13,19,145,0,221,156,65,178,178,0
"E01011673",2011,"Leeds 064B","Total",1598,82,8,0,8,74,45,28,1,0,203,159,127,26,4,2,31,13,138,63,53,21,1,142,33,33,0,109,109,0,134,73,61,57,4,264,57,130,26,44,0,7,0,242,24,22,35,159,2,276,189,87,117,113,4
"E01011677",2011,"Leeds 064D","Total",1308,97,12,0,12,85,65,11,9,0,151,108,95,7,6,0,28,15,102,45,32,21,4,129,27,27,0,102,102,0,99,51,48,44,4,226,53,127,19,24,0,1,2,270,29,40,63,138,0,191,122,69,43,43,0
"E01011678",2011,"Leeds 063B","Total",1284,127,10,0,10,117,80,24,10,3,152,111,92,6,9,4,35,6,86,46,30,9,1,59,15,15,0,44,44,0,30,20,10,10,0,104,36,49,0,13,1,3,2,81,13,5,19,44,0,41,31,10,604,604,0
"E01011681",2011,"Leeds 063D","Total",1472,88,7,0,7,81,47,31,3,0,120,76,62,7,5,2,29,15,134,86,41,6,1,127,29,29,0,98,98,0,71,41,30,30,0,157,20,88,6,25,0,18,0,151,24,14,26,87,0,159,120,39,465,465,0
"E01011684",2011,"Leeds 019C","Total",1288,290,76,0,76,214,114,72,28,0,317,229,188,28,8,5,43,45,164,103,46,10,5,170,60,60,0,110,110,0,74,27,47,47,0,108,28,53,4,8,0,15,0,85,9,5,38,33,0,55,38,17,25,25,0
"E01011685",2011,"Leeds 109A","Total",1511,470,61,0,61,409,266,85,55,3,519,359,257,54,35,13,131,29,138,82,41,14,1,139,33,33,0,106,106,0,44,28,16,13,3,73,15,31,4,4,0,13,6,31,5,12,5,9,0,10,4,6,87,87,0
"E01011686",2011,"Leeds 033E","Total",1212,94,16,0,16,78,45,23,10,0,193,103,79,20,0,4,44,46,170,100,34,30,6,138,39,39,0,99,97,2,102,60,42,34,8,230,42,115,29,29,0,11,4,164,21,10,80,53,0,90,39,51,31,31,0
"E01011687",2011,"Leeds 109B","Total",1232,351,45,0,45,306,174,71,57,4,341,254,160,49,39,6,57,30,148,79,50,6,13,149,48,48,0,101,99,2,61,55,6,6,0,101,17,55,8,13,0,1,7,38,6,4,19,9,0,21,17,4,22,22,0
"E01011688",2011,"Leeds 031B","Total",1318,328,28,0,28,300,202,80,13,5,340,248,182,41,13,12,71,21,128,84,23,18,3,116,74,74,0,42,36,6,87,49,38,36,2,154,24,60,18,41,0,10,1,52,10,9,14,18,1,86,58,28,27,27,0
"E01011689",2011,"Leeds 031C","Total",1195,286,51,0,51,235,170,55,7,3,395,280,222,32,24,2,63,52,106,67,23,13,3,107,39,39,0,68,68,0,35,17,18,18,0,109,14,56,1,10,0,19,9,83,3,11,26,43,0,43,25,18,31,31,0
"E01011690",2011,"Leeds 109C","Total",1080,353,55,0,55,298,200,48,47,3,288,211,180,9,22,0,46,31,90,44,40,5,1,76,26,26,0,50,50,0,45,20,25,23,2,59,18,35,0,6,0,0,0,24,11,0,8,5,0,21,10,11,124,124,0
"E01011691",2011,"Leeds 031D","Total",1301,171,20,0,20,151,95,53,0,3,295,223,196,12,14,1,33,39,186,99,69,18,0,78,21,21,0,57,57,0,58,34,24,19,5,184,57,88,10,6,0,13,10,148,28,36,25,59,0,102,54,48,79,79,0
"E01011692",2011,"Leeds 109D","Total",1210,371,50,0,50,321,213,78,24,6,394,318,239,25,50,4,54,22,101,53,29,19,0,97,26,26,0,71,71,0,23,9,14,14,0,60,8,33,1,13,0,4,1,41,4,0,25,12,0,18,11,7,105,105,0
"E01011693",2011,"Leeds 109E","Total",1382,293,29,0,29,264,187,63,13,1,427,322,239,37,31,15,85,20,154,75,46,25,8,64,12,12,0,52,52,0,58,32,26,25,1,108,27,47,8,7,0,10,9,56,10,5,25,16,0,25,17,8,197,197,0
"E01011694",2011,"Leeds 109F","Total",1656,385,32,2,30,353,202,84,64,3,381,273,210,18,37,8,71,37,121,63,49,9,0,154,34,34,0,120,120,0,64,31,33,27,6,38,20,7,4,1,0,2,4,58,22,1,19,16,0,34,23,11,421,421,0
"E01011695",2011,"Leeds 019D","Total",1290,117,25,0,25,92,53,39,0,0,260,157,115,35,7,0,65,38,164,96,48,20,0,114,20,18,2,94,93,1,111,52,59,55,4,215,66,113,12,4,0,15,5,171,23,17,61,70,0,116,62,54,22,22,0
"E01011696",2011,"Leeds 006B","Total",1026,347,108,0,108,239,107,59,50,23,337,162,97,39,17,9,145,30,61,33,17,9,2,151,60,57,3,91,81,10,50,20,30,28,2,34,7,10,1,10,0,6,0,31,3,0,14,14,0,5,0,5,10,10,0
"E01011697",2011,"Leeds 002A","Total",1004,253,76,0,76,177,76,68,27,6,299,146,99,21,10,16,128,25,77,46,25,6,0,144,49,43,6,95,86,9,38,20,18,18,0,84,18,36,2,8,7,13,0,82,12,4,37,28,1,19,9,10,8,8,0
"E01011698",2011,"Leeds 001A","Total",1166,247,80,0,80,167,69,92,6,0,319,193,155,25,7,6,84,42,158,90,44,7,17,150,37,37,0,113,113,0,69,51,18,16,2,126,25,60,15,15,2,9,0,83,8,9,33,33,0,9,2,7,5,5,0
"E01011699",2011,"Leeds 001B","Total",1016,259,81,0,81,178,81,84,11,2,306,184,109,56,13,6,97,25,126,83,37,2,4,105,37,37,0,68,68,0,67,45,22,17,5,61,20,21,8,7,0,5,0,64,8,1,27,28,0,12,8,4,16,16,0
"E01011700",2011,"Leeds 002B","Total",798,189,55,0,55,134,50,70,13,1,268,135,109,20,2,4,107,26,86,52,23,8,3,61,23,23,0,38,38,0,58,44,14,8,6,55,21,13,1,7,0,13,0,56,6,6,22,22,0,12,7,5,13,13,0
"E01011701",2011,"Leeds 001C","Total",1016,280,57,0,57,223,123,83,17,0,310,186,138,35,3,10,102,22,115,57,48,4,6,126,24,24,0,102,90,12,78,54,24,24,0,52,17,27,0,3,2,3,0,41,4,5,19,13,0,8,5,3,6,6,0
"E01011702",2011,"Leeds 001D","Total",852,335,74,0,74,261,118,70,67,6,271,124,58,26,26,14,131,16,49,38,8,3,0,130,70,70,0,60,58,2,19,8,11,11,0,25,14,0,0,5,6,0,0,14,5,0,1,8,0,3,1,2,6,6,0
"E01011703",2011,"Leeds 001E","Total",846,327,77,0,77,250,125,95,25,5,306,160,93,32,32,3,126,20,37,34,2,1,0,72,37,33,4,35,35,0,33,14,19,16,3,29,9,12,0,0,0,8,0,32,14,0,10,8,0,1,1,0,9,9,0
"E01011704",2011,"Leeds 002C","Total",1160,208,60,0,60,148,79,55,14,0,323,181,128,29,18,6,100,42,145,92,45,3,5,123,38,34,4,85,83,2,127,75,52,50,2,124,46,44,17,3,5,9,0,84,5,1,33,45,0,23,8,15,3,3,0
"E01011705",2011,"Leeds 002D","Total",1020,91,29,0,29,62,26,27,9,0,203,102,78,14,5,5,62,39,124,68,36,11,9,120,37,32,5,83,81,2,89,48,41,31,10,184,47,59,30,25,2,15,6,170,18,19,56,76,1,29,9,20,10,10,0
"E01011706",2011,"Leeds 006C","Total",1159,428,139,5,134,289,137,82,68,2,358,165,95,29,27,14,177,16,74,48,20,4,2,207,89,80,9,118,108,10,24,21,3,3,0,30,6,4,3,3,0,14,0,34,7,3,7,17,0,2,0,2,2,2,0
"E01011707",2011,"Leeds 005A","Total",941,199,64,0,64,135,78,32,25,0,265,153,110,25,16,2,85,27,98,59,20,8,11,122,40,36,4,82,78,4,60,28,32,28,4,99,11,53,9,5,4,10,7,90,1,1,58,30,0,8,7,1,0,0,0
"E01011708",2011,"Leeds 006D","Total",1147,359,66,0,66,293,156,79,55,3,375,185,137,14,27,7,169,21,56,33,21,2,0,198,97,97,0,101,97,4,56,24,32,23,9,55,12,20,11,6,0,6,0,31,2,0,13,16,0,10,7,3,7,7,0
"E01011709",2011,"Leeds 005B","Total",1108,361,85,0,85,276,123,88,62,3,363,181,105,33,35,8,156,26,82,39,28,7,8,130,43,43,0,87,86,1,46,30,16,12,4,70,8,23,10,14,0,10,5,40,5,2,15,18,0,5,5,0,11,11,0
"E01011710",2011,"Leeds 005C","Total",1141,400,92,0,92,308,151,88,50,19,379,226,146,41,29,10,127,26,81,33,32,13,3,145,36,31,5,109,106,3,44,30,14,13,1,58,13,19,6,10,2,3,5,31,7,1,13,10,0,3,2,1,0,0,0
"E01011711",2011,"Leeds 005D","Total",972,295,65,2,63,230,127,62,37,4,281,170,132,18,13,7,93,18,83,35,38,5,5,147,54,54,0,93,90,3,43,32,11,11,0,53,8,18,13,7,1,6,0,60,0,8,37,15,0,6,2,4,4,4,0
"E01011712",2011,"Leeds 005E","Total",1079,314,88,2,86,226,115,66,40,5,273,120,85,8,20,7,125,28,85,46,31,7,1,162,44,39,5,118,103,15,58,23,35,35,0,89,27,21,19,10,7,3,2,87,10,7,36,32,2,3,3,0,8,8,0
"E01011713",2011,"Leeds 006E","Total",1467,435,113,2,111,322,175,67,77,3,454,248,142,31,67,8,169,37,86,40,31,13,2,252,117,117,0,135,125,10,56,16,40,40,0,107,22,50,7,17,0,9,2,39,10,4,18,7,0,36,20,16,2,2,0
"E01011714",2011,"Leeds 029A","Total",1190,143,44,0,44,99,61,26,12,0,315,181,130,26,19,6,92,42,165,81,44,14,26,160,42,42,0,118,118,0,103,33,70,63,7,140,41,40,29,9,0,17,4,120,11,5,63,41,0,27,6,21,17,17,0
"E01011715",2011,"Leeds 022C","Total",1012,189,64,0,64,125,44,68,13,0,343,192,151,19,20,2,102,49,126,66,40,10,10,158,38,34,4,120,118,2,47,19,28,28,0,71,18,28,7,11,0,5,2,62,19,0,35,8,0,4,0,4,12,12,0
"E01011716",2011,"Leeds 029B","Total",1113,200,64,6,58,136,73,48,15,0,318,193,143,18,25,7,97,28,118,52,52,8,6,224,68,68,0,156,154,2,68,23,45,43,2,112,15,59,11,5,4,16,2,51,11,7,27,6,0,15,2,13,7,7,0
"E01011717",2011,"Leeds 029C","Total",1196,130,36,0,36,94,25,61,8,0,252,145,118,15,10,2,58,49,166,68,69,11,18,153,36,36,0,117,117,0,111,49,62,52,10,198,44,91,32,16,0,13,2,131,6,6,76,43,0,40,23,17,15,15,0
"E01011718",2011,"Leeds 029D","Total",1194,96,21,0,21,75,34,41,0,0,191,107,89,15,3,0,47,37,174,93,57,17,7,111,17,17,0,94,94,0,125,54,71,58,13,222,44,97,33,29,1,15,3,188,14,20,85,69,0,72,34,38,15,15,0
"E01011719",2011,"Leeds 022D","Total",977,153,55,0,55,98,43,35,20,0,328,206,155,28,21,2,78,44,118,84,26,3,5,153,43,43,0,110,110,0,105,48,57,57,0,55,21,23,2,8,0,1,0,55,4,10,26,15,0,4,2,2,6,6,0
"E01011720",2011,"Leeds 029E","Total",1178,53,12,0,12,41,13,28,0,0,179,92,75,13,4,0,61,26,133,103,29,1,0,94,20,20,0,74,74,0,130,69,61,53,8,221,44,93,37,33,0,13,1,297,25,17,152,103,0,47,16,31,24,24,0
"E01011721",2011,"Leeds 041A","Total",1289,44,18,0,18,26,20,6,0,0,179,108,85,22,1,0,29,42,202,107,70,21,4,94,17,17,0,77,77,0,131,76,55,44,11,240,48,133,15,25,0,17,2,257,28,38,85,106,0,110,58,52,32,32,0
"E01011722",2011,"Leeds 041B","Total",1623,126,42,0,42,84,57,19,5,3,292,194,159,21,13,1,58,40,192,103,56,9,24,159,30,28,2,129,129,0,204,125,79,71,8,287,97,109,30,30,0,20,1,270,25,13,111,121,0,80,31,49,13,13,0
"E01011723",2011,"Leeds 041C","Total",1122,55,11,0,11,44,31,7,6,0,183,77,55,12,10,0,69,37,173,72,69,20,12,48,24,24,0,24,24,0,112,63,49,43,6,250,70,99,15,33,0,25,8,191,24,18,57,91,1,90,54,36,20,20,0
"E01011724",2011,"Leeds 041D","Total",1540,64,9,0,9,55,33,10,12,0,225,106,87,16,3,0,91,28,195,116,49,18,12,141,44,44,0,97,97,0,182,114,68,63,5,298,69,146,43,23,2,9,6,295,23,17,123,127,5,112,64,48,28,28,0
"E01011725",2011,"Leeds 078A","Total",1374,52,16,0,16,36,11,16,9,0,140,83,69,10,3,1,44,13,130,48,63,18,1,64,8,8,0,56,55,1,168,97,71,64,7,292,53,137,32,28,2,29,11,335,35,35,83,182,0,156,55,101,37,37,0
"E01011726",2011,"Leeds 080A","Total",1225,60,13,0,13,47,27,20,0,0,202,135,104,15,13,3,42,25,145,80,53,12,0,107,26,26,0,81,81,0,100,48,52,49,3,228,53,94,17,29,0,25,10,260,27,12,93,123,5,104,36,68,19,19,0
"E01011727",2011,"Leeds 080B","Total",1296,166,51,0,51,115,43,53,15,4,350,181,144,9,22,6,111,58,184,117,49,9,9,157,19,19,0,138,135,3,152,64,88,78,10,119,27,35,22,29,0,3,3,135,13,22,43,55,2,28,15,13,5,5,0
"E01011728",2011,"Leeds 080C","Total",1062,133,46,0,46,87,64,18,4,1,201,108,84,20,4,0,66,27,142,109,21,7,5,182,69,65,4,113,109,4,107,36,71,65,6,106,31,35,29,7,2,2,0,130,3,8,70,49,0,41,22,19,20,20,0
"E01011729",2011,"Leeds 078B","Total",1320,90,18,0,18,72,40,26,6,0,219,132,114,13,5,0,57,30,181,108,66,7,0,81,8,8,0,73,73,0,129,89,40,34,6,248,69,102,21,27,1,17,11,231,21,12,84,114,0,118,66,52,23,23,0
"E01011730",2011,"Leeds 078C","Total",1410,65,29,0,29,36,22,14,0,0,208,92,74,17,0,1,88,28,212,120,65,10,17,130,25,25,0,105,103,2,110,67,43,37,6,288,60,127,54,20,0,19,8,273,38,26,99,108,2,118,42,76,6,6,0
"E01011731",2011,"Leeds 081B","Total",1136,99,13,0,13,86,48,35,1,2,237,155,123,25,4,3,63,19,159,80,61,12,6,156,28,28,0,128,128,0,145,55,90,89,1,155,34,52,25,27,0,12,5,164,6,23,77,58,0,17,6,11,4,4,0
"E01011732",2011,"Leeds 081C","Total",1527,164,48,0,48,116,51,47,12,6,359,197,155,34,6,2,117,45,220,113,66,11,30,203,46,46,0,157,157,0,178,69,109,105,4,170,33,71,27,23,0,12,4,187,14,16,67,90,0,29,17,12,17,13,4
"E01011733",2011,"Leeds 081D","Total",1154,123,30,0,30,93,49,34,6,4,247,141,111,17,11,2,61,45,164,95,44,16,9,142,40,38,2,102,102,0,141,52,89,86,3,166,19,81,15,32,0,13,6,130,5,3,91,31,0,28,8,20,13,13,0
"E01011734",2011,"Leeds 083A","Total",2020,293,63,0,63,230,108,111,8,3,593,347,261,53,15,18,167,79,239,136,71,14,18,201,43,43,0,158,143,15,147,56,91,87,4,211,45,69,30,39,0,26,2,235,2,15,156,62,0,74,41,33,27,27,0
"E01011735",2011,"Leeds 078D","Total",1389,52,11,0,11,41,12,24,5,0,155,90,74,12,4,0,47,18,154,67,75,10,2,108,22,22,0,86,86,0,173,84,89,88,1,270,71,111,12,30,0,30,16,314,44,20,119,127,4,126,52,74,37,33,4
"E01011736",2011,"Leeds 083B","Total",1197,124,28,0,28,96,64,31,1,0,301,168,134,26,2,6,103,30,138,76,42,11,9,178,34,30,4,144,144,0,100,56,44,39,5,138,31,29,30,24,0,22,2,163,13,14,93,43,0,43,20,23,12,12,0
"E01011737",2011,"Leeds 083C","Total",1331,107,16,0,16,91,42,44,5,0,209,117,101,12,4,0,65,27,183,82,87,9,5,109,42,42,0,67,67,0,136,86,50,43,7,249,85,90,23,16,0,30,5,242,31,21,84,106,0,79,35,44,17,17,0
"E01011738",2011,"Leeds 083D","Total",1184,247,87,0,87,160,63,84,11,2,314,179,125,24,15,15,105,30,135,92,28,1,14,133,46,46,0,87,87,0,114,64,50,47,3,117,37,43,12,11,0,7,7,101,3,8,63,27,0,13,4,9,10,10,0
"E01011739",2011,"Leeds 080D","Total",1273,43,14,0,14,29,10,19,0,0,193,103,90,10,3,0,77,13,126,60,42,16,8,95,21,21,0,74,74,0,188,90,98,97,1,276,56,115,27,52,2,11,13,216,13,31,64,105,3,115,46,69,21,21,0
"E01032487",2011,"Leeds 097F","Total",743,82,23,0,23,59,38,18,3,0,110,60,49,4,3,4,39,11,65,40,11,9,5,96,16,16,0,80,80,0,76,42,34,22,12,139,44,48,12,5,0,22,8,141,8,21,45,67,0,29,13,16,5,5,0
"E01032488",2011,"Leeds 097G","Total",1447,315,95,0,95,220,99,100,19,2,454,250,176,46,28,0,152,52,158,70,57,23,8,191,46,46,0,145,143,2,134,79,55,54,1,87,44,15,5,4,0,11,8,80,2,3,40,35,0,16,16,0,12,12,0
"E01032489",2011,"Leeds 102F","Total",1731,261,58,0,58,203,112,87,4,0,416,252,206,31,12,3,103,61,254,142,64,18,30,130,45,45,0,85,85,0,166,84,82,70,12,210,59,72,32,27,0,18,2,230,21,19,95,95,0,50,31,19,14,14,0
"E01032490",2011,"Leeds 102G","Total",1290,246,35,0,35,211,101,101,4,5,398,192,143,41,4,4,156,50,215,122,75,5,13,67,10,10,0,57,57,0,124,42,82,75,7,86,19,31,2,11,0,20,3,125,16,5,59,45,0,21,10,11,8,8,0
"E01032491",2011,"Leeds 102H","Total",1132,223,40,0,40,183,69,91,23,0,329,161,116,37,3,5,120,48,143,99,25,10,9,98,40,40,0,58,54,4,106,30,76,62,14,126,38,43,19,17,0,6,3,97,4,8,45,40,0,7,3,4,3,3,0
"E01032492",2011,"Leeds 102I","Total",1731,136,27,0,27,109,63,41,0,5,319,182,141,25,6,10,94,43,187,102,56,17,12,134,37,34,3,97,97,0,175,83,92,87,5,277,91,91,30,45,0,12,8,368,32,61,133,141,1,107,57,50,28,28,0
"E01032493",2011,"Leeds 033F","Total",1124,205,20,0,20,185,120,49,13,3,297,234,189,35,8,2,44,19,144,75,59,10,0,114,24,24,0,90,90,0,106,50,56,52,4,104,22,50,12,15,0,5,0,113,10,20,54,29,0,27,4,23,14,14,0
"E01032494",2011,"Leeds 033G","Total",1509,84,8,0,8,76,36,39,0,1,232,152,132,8,9,3,53,27,178,96,49,30,3,136,37,37,0,99,99,0,184,119,65,60,5,298,66,166,20,18,6,16,6,244,7,29,67,137,4,127,67,60,26,26,0
"E01032495",2011,"Leeds 105E","Total",2282,295,73,0,73,222,96,120,5,1,546,331,255,65,2,9,162,53,257,142,74,27,14,216,62,62,0,154,154,0,205,104,101,91,10,305,51,117,36,58,5,17,21,315,27,27,133,128,0,114,50,64,29,29,0
"E01032496",2011,"Leeds 105F","Total",1816,301,83,0,83,218,105,104,7,2,512,300,196,80,20,4,146,66,182,100,62,13,7,215,50,50,0,165,165,0,191,66,125,117,8,210,40,89,24,24,0,25,8,179,8,17,87,67,0,11,6,5,15,15,0
"E01032497",2011,"Leeds 099E","Total",1323,67,10,0,10,57,26,18,13,0,159,81,66,12,3,0,56,22,149,74,43,20,12,93,20,20,0,73,73,0,143,94,49,47,2,306,75,140,19,30,3,32,7,223,28,40,44,111,0,146,71,75,37,37,0
"E01032498",2011,"Leeds 099F","Total",1095,109,30,0,30,79,30,40,9,0,180,102,78,6,14,4,49,29,152,77,48,15,12,152,21,21,0,131,131,0,121,66,55,51,4,154,29,74,11,23,0,12,5,179,3,14,92,70,0,32,10,22,16,16,0
"E01032499",2011,"Leeds 067G","Total",1447,227,48,0,48,179,96,60,22,1,396,205,166,29,10,0,136,55,136,77,38,12,9,170,45,45,0,125,124,1,164,72,92,74,18,124,16,60,7,18,0,19,4,195,4,19,125,47,0,16,8,8,19,19,0
"E01032500",2011,"Leeds 067H","Total",1031,88,19,0,19,69,35,25,6,3,217,143,99,29,12,3,45,29,129,69,53,7,0,95,36,34,2,59,59,0,89,56,33,30,3,116,15,66,15,13,0,7,0,187,21,32,39,95,0,89,45,44,21,21,0
"E01032501",2011,"Leeds 017E","Total",921,211,71,0,71,140,52,77,11,0,251,153,100,38,13,2,66,32,99,58,26,7,8,142,33,33,0,109,109,0,86,52,34,30,4,54,9,12,3,17,0,9,4,55,4,7,26,18,0,12,4,8,11,11,0
"E01032502",2011,"Leeds 017F","Total",1592,144,24,0,24,120,50,64,6,0,321,211,162,31,13,5,89,21,136,73,29,33,1,173,48,48,0,125,125,0,141,70,71,60,11,299,61,161,26,29,0,15,7,205,32,5,75,93,0,139,67,72,34,34,0
"E01032503",2011,"Leeds 007E","Total",1152,366,102,0,102,264,111,80,65,8,357,209,121,57,17,14,123,25,78,51,25,2,0,213,57,54,3,156,149,7,63,31,32,26,6,37,3,8,5,16,1,1,3,35,1,1,19,14,0,3,1,2,0,0,0
"E01032504",2011,"Leeds 007F","Total",1113,424,97,0,97,327,145,100,68,14,329,203,124,28,39,12,112,14,85,45,24,3,13,168,43,43,0,125,124,1,25,17,8,8,0,33,12,15,0,0,0,6,0,23,0,0,10,13,0,23,19,4,3,3,0
"E01032606",2011,"Leeds 067I","Total",1696,185,55,0,55,130,74,51,0,5,309,172,143,19,10,0,79,58,226,136,59,23,8,158,37,36,1,121,121,0,168,77,91,88,3,282,52,120,36,30,6,18,20,282,16,29,122,114,1,65,14,51,21,21,0
"E01032607",2011,"Leeds 067J","Total",912,91,19,0,19,72,31,24,12,5,191,137,105,22,10,0,44,10,103,63,28,10,2,86,25,25,0,61,61,0,98,64,34,34,0,138,24,58,8,36,0,8,4,128,14,11,56,47,0,49,14,35,28,28,0
"E01032608",2011,"Leeds 067K","Total",1038,125,25,0,25,100,54,32,3,11,254,206,158,22,26,0,29,19,145,81,56,6,2,88,16,16,0,72,72,0,67,54,13,13,0,141,32,69,10,25,0,5,0,168,18,15,60,72,3,28,19,9,22,21,1
"E01032876",2011,"Leeds 109G","Total",1112,386,69,6,63,317,196,65,53,3,242,148,127,16,5,0,71,23,62,30,28,4,0,110,49,49,0,61,61,0,44,26,18,18,0,33,8,9,3,1,0,5,7,22,2,0,13,7,0,10,5,5,203,203,0
"E01032945",2011,"Leeds 044F","Total",3050,173,11,0,11,162,111,41,10,0,289,216,163,37,10,6,43,30,126,66,51,8,1,116,42,42,0,74,74,0,70,44,26,26,0,146,35,77,9,0,0,17,8,78,28,0,24,26,0,25,8,17,2027,2027,0
"E01032946",2011,"Leeds 110G","Total",1661,229,19,0,19,210,142,43,19,6,267,213,165,21,21,6,40,14,107,64,26,17,0,74,15,15,0,59,59,0,65,37,28,28,0,83,35,31,8,3,0,4,2,46,13,18,8,6,1,34,19,15,756,756,0
"E01033002",2011,"Leeds 055F","Total",1170,145,8,0,8,137,97,33,2,5,177,138,102,16,18,2,25,14,88,42,40,6,0,35,8,8,0,27,27,0,73,51,22,20,2,112,22,65,3,14,0,8,0,81,8,5,14,53,1,94,70,24,365,365,0
"E01033003",2011,"Leeds 055G","Total",1718,146,10,0,10,136,101,32,2,1,249,180,116,23,26,15,54,15,180,93,57,21,9,98,38,38,0,60,60,0,154,98,56,54,2,233,57,103,13,37,0,17,6,252,41,41,38,132,0,134,85,49,272,272,0
"E01033005",2011,"Leeds 055H","Total",1893,124,16,0,16,108,80,17,11,0,170,122,85,6,29,2,37,11,104,54,25,22,3,107,35,35,0,72,72,0,115,74,41,41,0,162,36,79,10,17,0,9,11,146,26,21,28,71,0,181,118,63,784,784,0
"E01033006",2011,"Leeds 063E","Total",2160,179,8,0,8,171,155,11,1,4,245,180,151,10,17,2,47,18,189,122,56,10,1,62,12,12,0,50,48,2,52,41,11,11,0,155,51,94,1,5,0,4,0,105,13,19,8,65,0,109,90,19,1064,1064,0
"E01033008",2011,"Leeds 111A","Total",1086,298,24,1,23,274,190,65,13,6,312,234,171,31,25,7,58,20,114,70,27,15,2,36,16,16,0,20,20,0,40,30,10,10,0,43,14,22,0,0,0,7,0,28,18,0,4,6,0,14,5,9,201,201,0
"E01033010",2011,"Leeds 111B","Total",1042,238,29,0,29,209,127,64,17,1,245,140,103,25,8,4,91,14,109,68,30,9,2,33,13,13,0,20,20,0,54,37,17,16,1,36,21,6,0,3,0,6,0,17,12,0,0,5,0,21,9,12,289,289,0
"E01033011",2011,"Leeds 111C","Total",1160,274,19,0,19,255,173,71,9,2,402,266,191,47,15,13,114,22,121,65,30,17,9,42,22,22,0,20,20,0,58,41,17,14,3,58,27,22,0,4,0,4,1,27,11,2,6,8,0,10,3,7,168,167,1
"E01033013",2011,"Leeds 082E","Total",1028,142,16,0,16,126,90,35,1,0,193,122,96,15,5,6,46,25,121,60,52,5,4,54,21,21,0,33,33,0,61,40,21,19,2,155,34,66,17,31,0,6,1,127,13,16,20,78,0,75,43,32,100,100,0
"E01033015",2011,"Leeds 111D","Total",1161,349,35,0,35,314,163,120,18,13,407,279,205,47,22,5,101,27,149,98,35,12,4,40,19,19,0,21,21,0,34,28,6,6,0,34,11,8,4,2,1,6,2,18,13,3,0,2,0,5,3,2,125,125,0
"E01033016",2011,"Leeds 111E","Total",1001,359,44,2,42,315,203,88,17,7,301,210,144,48,13,5,72,19,105,69,27,9,0,39,12,12,0,27,26,1,39,25,14,14,0,42,15,24,0,1,1,0,1,20,8,0,2,10,0,8,4,4,88,88,0
"E01033018",2011,"Leeds 112D","Total",1135,357,25,0,25,332,174,135,17,6,369,255,185,61,6,3,88,26,143,74,45,18,6,21,3,3,0,18,18,0,43,26,17,14,3,44,25,10,1,5,0,3,0,39,18,1,2,18,0,16,10,6,103,103,0
"E01033019",2011,"Leeds 112E","Total",1209,412,45,0,45,367,226,117,19,5,371,277,212,38,22,5,76,18,138,87,32,14,5,46,7,7,0,39,39,0,50,40,10,7,3,37,12,14,0,4,0,4,3,22,11,0,5,6,0,6,3,3,127,127,0
"E01033021",2011,"Leeds 075E","Total",1012,77,4,0,4,73,47,22,4,0,174,115,91,11,12,1,47,12,140,79,41,11,9,38,8,8,0,30,30,0,90,54,36,28,8,185,51,94,17,13,0,5,5,131,16,13,20,82,0,109,80,29,68,68,0
"E01033031",2011,"Leeds 064E","Total",1135,129,3,0,3,126,75,49,2,0,206,142,98,34,5,5,45,19,114,58,28,22,6,84,28,28,0,56,56,0,102,75,27,23,4,191,38,80,10,33,0,21,9,143,16,25,14,87,1,65,29,36,101,101,0
"E01033032",2011,"Leeds 082F","Total",1210,330,16,0,16,314,172,132,2,8,328,250,154,73,11,12,54,24,122,86,26,7,3,52,14,14,0,38,38,0,60,42,18,15,3,118,30,49,15,13,0,3,8,86,7,7,29,43,0,41,33,8,73,73,0
"E01033033",2011,"Leeds 075F","Total",1076,271,17,0,17,254,166,73,10,5,271,203,159,29,12,3,46,22,121,77,24,16,4,37,13,13,0,24,24,0,64,46,18,18,0,61,19,28,6,3,0,4,1,71,19,8,14,30,0,31,17,14,149,149,0
"E01033034",2011,"Leeds 075G","Total",1013,285,36,0,36,249,163,74,8,4,356,254,198,35,15,6,70,32,149,80,60,5,4,28,14,14,0,14,14,0,27,23,4,4,0,51,23,18,0,0,0,4,6,22,6,0,2,14,0,13,10,3,82,82,0
"E01033035",2011,"Leeds 064F","Total",1352,39,4,0,4,35,24,11,0,0,118,90,71,6,11,2,18,10,39,20,12,6,1,121,53,53,0,68,68,0,120,81,39,39,0,269,44,113,15,81,0,8,8,343,23,51,45,224,0,221,141,80,82,82,0
